<?xml version="1.0" encoding="UTF-8" standalone="yes"?>
<p:sld xmlns:a="http://schemas.openxmlformats.org/drawingml/2006/main" xmlns:r="http://schemas.openxmlformats.org/officeDocument/2006/relationships" xmlns:p="http://schemas.openxmlformats.org/presentationml/2006/main">
<p:cSld>
<p:spTree>
<p:nvGrpSpPr>
<p:cNvPr id="1" name=""/>
<p:cNvGrpSpPr/>
<p:nvPr/>
</p:nvGrpSpPr>
<p:grpSpPr>
<a:xfrm>
<a:off x="0" y="0"/>
<a:ext cx="0" cy="0"/>
<a:chOff x="0" y="0"/>
<a:chExt cx="0" cy="0"/>
</a:xfrm>
</p:grpSpPr>
<p:sp>
<p:nvSpPr>
<p:cNvPr id="261" name="CustomShape 1"/>
<p:cNvSpPr/>
<p:nvPr/>
</p:nvSpPr>
<p:spPr>
<a:xfrm>
<a:off x="342720" y="202680"/>
<a:ext cx="8914680" cy="276120"/>
</a:xfrm>
<a:prstGeom prst="rect">
<a:avLst/>
</a:prstGeom>
<a:noFill/>
<a:ln>
<a:noFill/>
</a:ln>
</p:spPr>
<p:style>
<a:lnRef idx="0">
<a:scrgbClr r="0" g="0" b="0"/>
</a:lnRef>
<a:fillRef idx="0">
<a:scrgbClr r="0" g="0" b="0"/>
</a:fillRef>
<a:effectRef idx="0">
<a:scrgbClr r="0" g="0" b="0"/>
</a:effectRef>
<a:fontRef idx="minor"/>
</p:style>
<p:txBody>
<a:bodyPr lIns="0" tIns="0" rIns="0" bIns="0" anchor="ctr"/>
<a:lstStyle/>
<a:p>
<a:pPr>
<a:lnSpc>
<a:spcPct val="100000"/>
</a:lnSpc>
</a:pPr>
<a:r>
<a:rPr lang="en-ZA" sz="1800" strike="noStrike" spc="-1">
<a:solidFill>
<a:srgbClr val="00B0F0"/>
</a:solidFill>
<a:uFill>
<a:solidFill>
<a:srgbClr val="FFFFFF"/>
</a:solidFill>
</a:uFill>
<a:latin typeface="Expert Sans Regular"/>
</a:rPr>
<a:t>Annexure IV – Open and on-going regulatory reviews Update
									</a:t>
</a:r>
<a:endParaRPr lang="en-ZA" sz="1800" strike="noStrike" spc="-1">
<a:solidFill>
<a:srgbClr val="000000"/>
</a:solidFill>
<a:uFill>
<a:solidFill>
<a:srgbClr val="FFFFFF"/>
</a:solidFill>
</a:uFill>
<a:latin typeface="Arial"/>
</a:endParaRPr>
</a:p>
</p:txBody>
</p:sp>
<p:sp>
<p:nvSpPr>
<p:cNvPr id="262" name="CustomShape 2"/>
<p:cNvSpPr/>
<p:nvPr/>
</p:nvSpPr>
<p:spPr>
<a:xfrm>
<a:off x="326520" y="502920"/>
<a:ext cx="9416880" cy="5516280"/>
</a:xfrm>
<a:prstGeom prst="rect">
<a:avLst/>
</a:prstGeom>
<a:noFill/>
<a:ln>
<a:solidFill>
<a:schemeClr val="tx1"/>
</a:solidFill>
</a:ln>
</p:spPr>
<p:style>
<a:lnRef idx="0">
<a:scrgbClr r="0" g="0" b="0"/>
</a:lnRef>
<a:fillRef idx="0">
<a:scrgbClr r="0" g="0" b="0"/>
</a:fillRef>
<a:effectRef idx="0">
<a:scrgbClr r="0" g="0" b="0"/>
</a:effectRef>
<a:fontRef idx="minor"/>
</p:style>
<p:txBody>
<a:bodyPr lIns="90000" tIns="45000" rIns="90000" bIns="45000"/>
<a:lstStyle/>
<a:p>
<a:pPr algn="just">
<a:lnSpc>
<a:spcPct val="100000"/>
</a:lnSpc>
</a:pPr>
<a:endParaRPr lang="en-ZA" sz="1800" strike="noStrike" spc="-1">
<a:solidFill>
<a:srgbClr val="000000"/>
</a:solidFill>
<a:uFill>
<a:solidFill>
<a:srgbClr val="FFFFFF"/>
</a:solidFill>
</a:uFill>
<a:latin typeface="Arial"/>
</a:endParaRPr>
</a:p>
<a:p>
<a:pPr algn="just">
<a:lnSpc>
<a:spcPct val="100000"/>
</a:lnSpc>
</a:pPr>
<a:endParaRPr lang="en-ZA" sz="1800" strike="noStrike" spc="-1">
<a:solidFill>
<a:srgbClr val="000000"/>
</a:solidFill>
<a:uFill>
<a:solidFill>
<a:srgbClr val="FFFFFF"/>
</a:solidFill>
</a:uFill>
<a:latin typeface="Arial"/>
</a:endParaRPr>
</a:p>
<a:p>
<a:pPr algn="just">
<a:lnSpc>
<a:spcPct val="100000"/>
</a:lnSpc>
</a:pPr>
<a:endParaRPr lang="en-ZA" sz="1800" strike="noStrike" spc="-1">
<a:solidFill>
<a:srgbClr val="000000"/>
</a:solidFill>
<a:uFill>
<a:solidFill>
<a:srgbClr val="FFFFFF"/>
</a:solidFill>
</a:uFill>
<a:latin typeface="Arial"/>
</a:endParaRPr>
</a:p>
<a:p>
<a:pPr algn="just">
<a:lnSpc>
<a:spcPct val="100000"/>
</a:lnSpc>
</a:pPr>
<a:endParaRPr lang="en-ZA" sz="1800" strike="noStrike" spc="-1">
<a:solidFill>
<a:srgbClr val="000000"/>
</a:solidFill>
<a:uFill>
<a:solidFill>
<a:srgbClr val="FFFFFF"/>
</a:solidFill>
</a:uFill>
<a:latin typeface="Arial"/>
</a:endParaRPr>
</a:p>
</p:txBody>
</p:sp>
<p:graphicFrame>
<p:nvGraphicFramePr>
<p:cNvPr id="263" name="Table 3"/>
<p:cNvGraphicFramePr/>
<p:nvPr/>
</p:nvGraphicFramePr>
<p:xfrm>
<a:off x="401040" y="578161"/>
<a:ext cx="9150480" cy="986984"/>
</p:xfrm>
<a:graphic>
<a:graphicData uri="http://schemas.openxmlformats.org/drawingml/2006/table">
<a:tbl>
<a:tblPr/>
<a:tblGrid>
<a:gridCol w="1077480"/>
<a:gridCol w="1039320"/>
<a:gridCol w="3120960"/>
<a:gridCol w="1916160"/>
<a:gridCol w="1996560"/>
</a:tblGrid>
<a:tr h="208027">
<a:tc gridSpan="5">
<a:txBody>
<a:bodyPr/>
<a:lstStyle/>
<a:p>
<a:pPr>
<a:lnSpc>
<a:spcPct val="100000"/>
</a:lnSpc>
</a:pPr>
<a:r>
<a:rPr lang="en-ZA" sz="900" b="1" strike="noStrike" spc="-1" dirty="0">
<a:solidFill>
<a:srgbClr val="FFFFFF"/>
</a:solidFill>
<a:uFill>
<a:solidFill>
<a:srgbClr val="FFFFFF"/>
</a:solidFill>
</a:uFill>
<a:latin typeface="Expert Sans Regular"/>
<a:ea typeface="Times New Roman"/>
</a:rPr>
<a:t>Open and on-going regulatory reviews Update</a:t>
</a:r>
<a:endParaRPr lang="en-ZA" sz="1800" strike="noStrike" spc="-1" dirty="0">
<a:solidFill>
<a:srgbClr val="000000"/>
</a:solidFill>
<a:uFill>
<a:solidFill>
<a:srgbClr val="FFFFFF"/>
</a:solidFill>
</a:uFill>
<a:latin typeface="Arial"/>
</a:endParaRPr>
</a:p>
</a:txBody>
<a:tcPr marL="32400" marR="32400">
<a:lnL w="12240">
<a:solidFill>
<a:srgbClr val="D9D9D9"/>
</a:solidFill>
</a:lnL>
<a:lnR w="12240">
<a:solidFill>
<a:srgbClr val="D9D9D9"/>
</a:solidFill>
</a:lnR>
<a:lnT w="12240">
<a:solidFill>
<a:srgbClr val="D9D9D9"/>
</a:solidFill>
</a:lnT>
<a:lnB w="12240">
<a:solidFill>
<a:srgbClr val="D9D9D9"/>
</a:solidFill>
</a:lnB>
<a:solidFill>
<a:srgbClr val="00AEEF"/>
</a:solidFill>
</a:tcPr>
</a:tc>
<a:tc hMerge="1">
<a:txBody>
<a:bodyPr/>
<a:lstStyle/>
<a:p>
<a:endParaRPr lang="en-US"/>
</a:p>
</a:txBody>
<a:tcPr>
<a:solidFill>
<a:srgbClr val="729FCF"/>
</a:solidFill>
</a:tcPr>
</a:tc>
<a:tc hMerge="1">
<a:txBody>
<a:bodyPr/>
<a:lstStyle/>
<a:p>
<a:endParaRPr lang="en-US"/>
</a:p>
</a:txBody>
<a:tcPr>
<a:solidFill>
<a:srgbClr val="729FCF"/>
</a:solidFill>
</a:tcPr>
</a:tc>
<a:tc hMerge="1">
<a:txBody>
<a:bodyPr/>
<a:lstStyle/>
<a:p>
<a:endParaRPr lang="en-US"/>
</a:p>
</a:txBody>
<a:tcPr>
<a:solidFill>
<a:srgbClr val="729FCF"/>
</a:solidFill>
</a:tcPr>
</a:tc>
<a:tc hMerge="1">
<a:txBody>
<a:bodyPr/>
<a:lstStyle/>
<a:p>
<a:endParaRPr lang="en-US"/>
</a:p>
</a:txBody>
<a:tcPr>
<a:solidFill>
<a:srgbClr val="729FCF"/>
</a:solidFill>
</a:tcPr>
</a:tc>
</a:tr>
<a:tr h="208027">
<a:tc>
<a:txBody>
<a:bodyPr/>
<a:lstStyle/>
<a:p>
<a:pPr>
<a:lnSpc>
<a:spcPct val="100000"/>
</a:lnSpc>
</a:pPr>
<a:r>
<a:rPr lang="en-ZA" sz="900" b="1" strike="noStrike" spc="-1">
<a:solidFill>
<a:srgbClr val="FFFFFF"/>
</a:solidFill>
<a:uFill>
<a:solidFill>
<a:srgbClr val="FFFFFF"/>
</a:solidFill>
</a:uFill>
<a:latin typeface="Expert Sans Regular"/>
<a:ea typeface="Times New Roman"/>
</a:rPr>
<a:t>Regulator</a:t>
</a:r>
<a:endParaRPr lang="en-ZA" sz="1800" strike="noStrike" spc="-1">
<a:solidFill>
<a:srgbClr val="000000"/>
</a:solidFill>
<a:uFill>
<a:solidFill>
<a:srgbClr val="FFFFFF"/>
</a:solidFill>
</a:uFill>
<a:latin typeface="Arial"/>
</a:endParaRPr>
</a:p>
</a:txBody>
<a:tcPr marL="32400" marR="32400">
<a:lnL w="12240">
<a:solidFill>
<a:srgbClr val="D9D9D9"/>
</a:solidFill>
</a:lnL>
<a:lnR w="12240">
<a:solidFill>
<a:srgbClr val="D9D9D9"/>
</a:solidFill>
</a:lnR>
<a:lnT w="12240">
<a:solidFill>
<a:srgbClr val="D9D9D9"/>
</a:solidFill>
</a:lnT>
<a:lnB w="12240">
<a:solidFill>
<a:srgbClr val="D9D9D9"/>
</a:solidFill>
</a:lnB>
<a:solidFill>
<a:srgbClr val="00AEEF"/>
</a:solidFill>
</a:tcPr>
</a:tc>
<a:tc>
<a:txBody>
<a:bodyPr/>
<a:lstStyle/>
<a:p>
<a:pPr>
<a:lnSpc>
<a:spcPct val="100000"/>
</a:lnSpc>
</a:pPr>
<a:r>
<a:rPr lang="en-ZA" sz="900" b="1" strike="noStrike" spc="-1">
<a:solidFill>
<a:srgbClr val="FFFFFF"/>
</a:solidFill>
<a:uFill>
<a:solidFill>
<a:srgbClr val="FFFFFF"/>
</a:solidFill>
</a:uFill>
<a:latin typeface="Expert Sans Regular"/>
<a:ea typeface="Times New Roman"/>
</a:rPr>
<a:t>Review</a:t>
</a:r>
<a:endParaRPr lang="en-ZA" sz="1800" strike="noStrike" spc="-1">
<a:solidFill>
<a:srgbClr val="000000"/>
</a:solidFill>
<a:uFill>
<a:solidFill>
<a:srgbClr val="FFFFFF"/>
</a:solidFill>
</a:uFill>
<a:latin typeface="Arial"/>
</a:endParaRPr>
</a:p>
</a:txBody>
<a:tcPr marL="32400" marR="32400">
<a:lnL w="12240">
<a:solidFill>
<a:srgbClr val="D9D9D9"/>
</a:solidFill>
</a:lnL>
<a:lnR w="12240">
<a:solidFill>
<a:srgbClr val="D9D9D9"/>
</a:solidFill>
</a:lnR>
<a:lnT w="12240">
<a:solidFill>
<a:srgbClr val="D9D9D9"/>
</a:solidFill>
</a:lnT>
<a:lnB w="12240">
<a:solidFill>
<a:srgbClr val="D9D9D9"/>
</a:solidFill>
</a:lnB>
<a:solidFill>
<a:srgbClr val="00AEEF"/>
</a:solidFill>
</a:tcPr>
</a:tc>
<a:tc>
<a:txBody>
<a:bodyPr/>
<a:lstStyle/>
<a:p>
<a:pPr>
<a:lnSpc>
<a:spcPct val="100000"/>
</a:lnSpc>
</a:pPr>
<a:r>
<a:rPr lang="en-ZA" sz="900" b="1" strike="noStrike" spc="-1">
<a:solidFill>
<a:srgbClr val="FFFFFF"/>
</a:solidFill>
<a:uFill>
<a:solidFill>
<a:srgbClr val="FFFFFF"/>
</a:solidFill>
</a:uFill>
<a:latin typeface="Expert Sans Regular"/>
<a:ea typeface="Times New Roman"/>
</a:rPr>
<a:t>Description/Comments</a:t>
</a:r>
<a:endParaRPr lang="en-ZA" sz="1800" strike="noStrike" spc="-1">
<a:solidFill>
<a:srgbClr val="000000"/>
</a:solidFill>
<a:uFill>
<a:solidFill>
<a:srgbClr val="FFFFFF"/>
</a:solidFill>
</a:uFill>
<a:latin typeface="Arial"/>
</a:endParaRPr>
</a:p>
</a:txBody>
<a:tcPr marL="32400" marR="32400">
<a:lnL w="12240">
<a:solidFill>
<a:srgbClr val="D9D9D9"/>
</a:solidFill>
</a:lnL>
<a:lnR w="12240">
<a:solidFill>
<a:srgbClr val="D9D9D9"/>
</a:solidFill>
</a:lnR>
<a:lnT w="12240">
<a:solidFill>
<a:srgbClr val="D9D9D9"/>
</a:solidFill>
</a:lnT>
<a:lnB w="12240">
<a:solidFill>
<a:srgbClr val="D9D9D9"/>
</a:solidFill>
</a:lnB>
<a:solidFill>
<a:srgbClr val="00AEEF"/>
</a:solidFill>
</a:tcPr>
</a:tc>
<a:tc>
<a:txBody>
<a:bodyPr/>
<a:lstStyle/>
<a:p>
<a:pPr>
<a:lnSpc>
<a:spcPct val="100000"/>
</a:lnSpc>
</a:pPr>
<a:r>
<a:rPr lang="en-ZA" sz="900" b="1" strike="noStrike" spc="-1">
<a:solidFill>
<a:srgbClr val="FFFFFF"/>
</a:solidFill>
<a:uFill>
<a:solidFill>
<a:srgbClr val="FFFFFF"/>
</a:solidFill>
</a:uFill>
<a:latin typeface="Expert Sans Regular"/>
<a:ea typeface="Times New Roman"/>
</a:rPr>
<a:t>Start Date</a:t>
</a:r>
<a:endParaRPr lang="en-ZA" sz="1800" strike="noStrike" spc="-1">
<a:solidFill>
<a:srgbClr val="000000"/>
</a:solidFill>
<a:uFill>
<a:solidFill>
<a:srgbClr val="FFFFFF"/>
</a:solidFill>
</a:uFill>
<a:latin typeface="Arial"/>
</a:endParaRPr>
</a:p>
</a:txBody>
<a:tcPr marL="32400" marR="32400">
<a:lnL w="12240">
<a:solidFill>
<a:srgbClr val="D9D9D9"/>
</a:solidFill>
</a:lnL>
<a:lnR w="12240">
<a:solidFill>
<a:srgbClr val="D9D9D9"/>
</a:solidFill>
</a:lnR>
<a:lnT w="12240">
<a:solidFill>
<a:srgbClr val="D9D9D9"/>
</a:solidFill>
</a:lnT>
<a:lnB w="12240">
<a:solidFill>
<a:srgbClr val="D9D9D9"/>
</a:solidFill>
</a:lnB>
<a:solidFill>
<a:srgbClr val="00AEEF"/>
</a:solidFill>
</a:tcPr>
</a:tc>
<a:tc>
<a:txBody>
<a:bodyPr/>
<a:lstStyle/>
<a:p>
<a:pPr>
<a:lnSpc>
<a:spcPct val="100000"/>
</a:lnSpc>
</a:pPr>
<a:r>
<a:rPr lang="en-ZA" sz="900" b="1" strike="noStrike" spc="-1">
<a:solidFill>
<a:srgbClr val="FFFFFF"/>
</a:solidFill>
<a:uFill>
<a:solidFill>
<a:srgbClr val="FFFFFF"/>
</a:solidFill>
</a:uFill>
<a:latin typeface="Expert Sans Regular"/>
<a:ea typeface="Times New Roman"/>
</a:rPr>
<a:t>Status</a:t>
</a:r>
<a:endParaRPr lang="en-ZA" sz="1800" strike="noStrike" spc="-1">
<a:solidFill>
<a:srgbClr val="000000"/>
</a:solidFill>
<a:uFill>
<a:solidFill>
<a:srgbClr val="FFFFFF"/>
</a:solidFill>
</a:uFill>
<a:latin typeface="Arial"/>
</a:endParaRPr>
</a:p>
</a:txBody>
<a:tcPr marL="32400" marR="32400">
<a:lnL w="12240">
<a:solidFill>
<a:srgbClr val="D9D9D9"/>
</a:solidFill>
</a:lnL>
<a:lnR w="12240">
<a:solidFill>
<a:srgbClr val="D9D9D9"/>
</a:solidFill>
</a:lnR>
<a:lnT w="12240">
<a:solidFill>
<a:srgbClr val="D9D9D9"/>
</a:solidFill>
</a:lnT>
<a:lnB w="12240">
<a:solidFill>
<a:srgbClr val="D9D9D9"/>
</a:solidFill>
</a:lnB>
<a:solidFill>
<a:srgbClr val="00AEEF"/>
</a:solidFill>
</a:tcPr>
</a:tc>
</a:tr>
<a:tr h="529784">
<a:tc>
<a:txBody>
<a:bodyPr/>
<a:lstStyle/>
<a:p>
<a:pPr algn="just">
<a:lnSpc>
<a:spcPct val="100000"/>
</a:lnSpc>
</a:pPr>
<a:r>
<a:rPr lang="en-ZA" sz="1000" b="1" strike="noStrike" spc="-1" dirty="0">
<a:solidFill>
<a:srgbClr val="000000"/>
</a:solidFill>
<a:uFill>
<a:solidFill>
<a:srgbClr val="FFFFFF"/>
</a:solidFill>
</a:uFill>
<a:latin typeface="Expert Sans Regular"/>
</a:rPr>
<a:t>{$OPEN_REGULATOR_1}</a:t>
</a:r>
<a:endParaRPr lang="en-ZA" sz="1800" strike="noStrike" spc="-1" dirty="0">
<a:solidFill>
<a:srgbClr val="000000"/>
</a:solidFill>
<a:uFill>
<a:solidFill>
<a:srgbClr val="FFFFFF"/>
</a:solidFill>
</a:uFill>
<a:latin typeface="Arial"/>
</a:endParaRPr>
</a:p>
</a:txBody>
<a:tcPr marL="60840" marR="60840">
<a:lnL w="12240">
<a:solidFill>
<a:srgbClr val="D9D9D9"/>
</a:solidFill>
</a:lnL>
<a:lnR w="12240">
<a:solidFill>
<a:srgbClr val="D9D9D9"/>
</a:solidFill>
</a:lnR>
<a:lnT w="12240">
<a:solidFill>
<a:srgbClr val="D9D9D9"/>
</a:solidFill>
</a:lnT>
<a:lnB w="12240">
<a:solidFill>
<a:srgbClr val="D9D9D9"/>
</a:solidFill>
</a:lnB>
<a:noFill/>
</a:tcPr>
</a:tc>
<a:tc>
<a:txBody>
<a:bodyPr/>
<a:lstStyle/>
<a:p>
<a:pPr algn="just">
<a:lnSpc>
<a:spcPct val="100000"/>
</a:lnSpc>
</a:pPr>
<a:r>
<a:rPr lang="en-ZA" sz="1000" b="1" strike="noStrike" spc="-1" dirty="0">
<a:solidFill>
<a:srgbClr val="000000"/>
</a:solidFill>
<a:uFill>
<a:solidFill>
<a:srgbClr val="FFFFFF"/>
</a:solidFill>
</a:uFill>
<a:latin typeface="Expert Sans Regular"/>
</a:rPr>
<a:t>{$OPEN_REGULATOR_1}</a:t>
</a:r>
<a:endParaRPr lang="en-ZA" sz="1800" strike="noStrike" spc="-1" dirty="0">
<a:solidFill>
<a:srgbClr val="000000"/>
</a:solidFill>
<a:uFill>
<a:solidFill>
<a:srgbClr val="FFFFFF"/>
</a:solidFill>
</a:uFill>
<a:latin typeface="Arial"/>
</a:endParaRPr>
</a:p>
</a:txBody>
<a:tcPr marL="60840" marR="60840">
<a:lnL w="12240">
<a:solidFill>
<a:srgbClr val="D9D9D9"/>
</a:solidFill>
</a:lnL>
<a:lnR w="12240">
<a:solidFill>
<a:srgbClr val="D9D9D9"/>
</a:solidFill>
</a:lnR>
<a:lnT w="12240">
<a:solidFill>
<a:srgbClr val="D9D9D9"/>
</a:solidFill>
</a:lnT>
<a:lnB w="12240">
<a:solidFill>
<a:srgbClr val="D9D9D9"/>
</a:solidFill>
</a:lnB>
<a:noFill/>
</a:tcPr>
</a:tc>
<a:tc>
<a:txBody>
<a:bodyPr/>
<a:lstStyle/>
<a:p>
<a:pPr algn="just">
<a:lnSpc>
<a:spcPct val="100000"/>
</a:lnSpc>
</a:pPr>
<a:r>
<a:rPr lang="en-ZA" sz="1000" b="1" strike="noStrike" spc="-1" dirty="0">
<a:solidFill>
<a:srgbClr val="000000"/>
</a:solidFill>
<a:uFill>
<a:solidFill>
<a:srgbClr val="FFFFFF"/>
</a:solidFill>
</a:uFill>
<a:latin typeface="Expert Sans Regular"/>
</a:rPr>
<a:t>{$OPEN_COMMENTS_1}</a:t>
</a:r>
<a:endParaRPr lang="en-ZA" sz="1800" strike="noStrike" spc="-1" dirty="0">
<a:solidFill>
<a:srgbClr val="000000"/>
</a:solidFill>
<a:uFill>
<a:solidFill>
<a:srgbClr val="FFFFFF"/>
</a:solidFill>
</a:uFill>
<a:latin typeface="Arial"/>
</a:endParaRPr>
</a:p>
</a:txBody>
<a:tcPr marL="60840" marR="60840">
<a:lnL w="12240">
<a:solidFill>
<a:srgbClr val="D9D9D9"/>
</a:solidFill>
</a:lnL>
<a:lnR w="12240">
<a:solidFill>
<a:srgbClr val="D9D9D9"/>
</a:solidFill>
</a:lnR>
<a:lnT w="12240">
<a:solidFill>
<a:srgbClr val="D9D9D9"/>
</a:solidFill>
</a:lnT>
<a:lnB w="12240">
<a:solidFill>
<a:srgbClr val="D9D9D9"/>
</a:solidFill>
</a:lnB>
<a:noFill/>
</a:tcPr>
</a:tc>
<a:tc>
<a:txBody>
<a:bodyPr/>
<a:lstStyle/>
<a:p>
<a:pPr algn="just">
<a:lnSpc>
<a:spcPct val="100000"/>
</a:lnSpc>
</a:pPr>
<a:r>
<a:rPr lang="en-ZA" sz="1000" b="1" strike="noStrike" spc="-1" dirty="0">
<a:solidFill>
<a:srgbClr val="000000"/>
</a:solidFill>
<a:uFill>
<a:solidFill>
<a:srgbClr val="FFFFFF"/>
</a:solidFill>
</a:uFill>
<a:latin typeface="Expert Sans Regular"/>
</a:rPr>
<a:t>{$OPEN_START_DATE_1}</a:t>
</a:r>
<a:endParaRPr lang="en-ZA" sz="1800" strike="noStrike" spc="-1" dirty="0">
<a:solidFill>
<a:srgbClr val="000000"/>
</a:solidFill>
<a:uFill>
<a:solidFill>
<a:srgbClr val="FFFFFF"/>
</a:solidFill>
</a:uFill>
<a:latin typeface="Arial"/>
</a:endParaRPr>
</a:p>
</a:txBody>
<a:tcPr marL="60840" marR="60840">
<a:lnL w="12240">
<a:solidFill>
<a:srgbClr val="D9D9D9"/>
</a:solidFill>
</a:lnL>
<a:lnR w="12240">
<a:solidFill>
<a:srgbClr val="D9D9D9"/>
</a:solidFill>
</a:lnR>
<a:lnT w="12240">
<a:solidFill>
<a:srgbClr val="D9D9D9"/>
</a:solidFill>
</a:lnT>
<a:lnB w="12240">
<a:solidFill>
<a:srgbClr val="D9D9D9"/>
</a:solidFill>
</a:lnB>
<a:noFill/>
</a:tcPr>
</a:tc>
<a:tc>
<a:txBody>
<a:bodyPr/>
<a:lstStyle/>
<a:p>
<a:pPr algn="just">
<a:lnSpc>
<a:spcPct val="100000"/>
</a:lnSpc>
</a:pPr>
<a:r>
<a:rPr lang="en-ZA" sz="1000" b="1" strike="noStrike" spc="-1" dirty="0">
<a:solidFill>
<a:srgbClr val="000000"/>
</a:solidFill>
<a:uFill>
<a:solidFill>
<a:srgbClr val="FFFFFF"/>
</a:solidFill>
</a:uFill>
<a:latin typeface="Expert Sans Regular"/>
</a:rPr>
<a:t>{$OPEN_STATUS_1}</a:t>
</a:r>
<a:endParaRPr lang="en-ZA" sz="1800" strike="noStrike" spc="-1" dirty="0">
<a:solidFill>
<a:srgbClr val="000000"/>
</a:solidFill>
<a:uFill>
<a:solidFill>
<a:srgbClr val="FFFFFF"/>
</a:solidFill>
</a:uFill>
<a:latin typeface="Arial"/>
</a:endParaRPr>
</a:p>
</a:txBody>
<a:tcPr marL="60840" marR="60840">
<a:lnL w="12240">
<a:solidFill>
<a:srgbClr val="D9D9D9"/>
</a:solidFill>
</a:lnL>
<a:lnR w="12240">
<a:solidFill>
<a:srgbClr val="D9D9D9"/>
</a:solidFill>
</a:lnR>
<a:lnT w="12240">
<a:solidFill>
<a:srgbClr val="D9D9D9"/>
</a:solidFill>
</a:lnT>
<a:lnB w="12240">
<a:solidFill>
<a:srgbClr val="D9D9D9"/>
</a:solidFill>
</a:lnB>
<a:noFill/>
</a:tcPr>
</a:tc>
</a:tr>
</a:tbl>
</a:graphicData>
</a:graphic>
</p:graphicFrame>
<p:sp>
<p:nvSpPr>
<p:cNvPr id="264" name="CustomShape 4"/>
<p:cNvSpPr/>
<p:nvPr/>
</p:nvSpPr>
<p:spPr>
<a:xfrm>
<a:off x="723960" y="6485040"/>
<a:ext cx="4828320" cy="137160"/>
</a:xfrm>
<a:prstGeom prst="rect">
<a:avLst/>
</a:prstGeom>
<a:noFill/>
<a:ln>
<a:noFill/>
</a:ln>
</p:spPr>
<p:style>
<a:lnRef idx="0">
<a:scrgbClr r="0" g="0" b="0"/>
</a:lnRef>
<a:fillRef idx="0">
<a:scrgbClr r="0" g="0" b="0"/>
</a:fillRef>
<a:effectRef idx="0">
<a:scrgbClr r="0" g="0" b="0"/>
</a:effectRef>
<a:fontRef idx="minor"/>
</p:style>
<p:txBody>
<a:bodyPr lIns="0" tIns="0" rIns="0" bIns="0"/>
<a:lstStyle/>
<a:p>
<a:pPr>
<a:lnSpc>
<a:spcPct val="100000"/>
</a:lnSpc>
</a:pPr>
<a:r>
<a:rPr lang="en-ZA" sz="900" strike="noStrike" spc="-1">
<a:solidFill>
<a:srgbClr val="000000"/>
</a:solidFill>
<a:uFill>
<a:solidFill>
<a:srgbClr val="FFFFFF"/>
</a:solidFill>
</a:uFill>
<a:latin typeface="Expert Sans Regular"/>
<a:ea typeface="DejaVu Sans"/>
</a:rPr>
<a:t>Internal use only</a:t>
</a:r>
<a:endParaRPr lang="en-ZA" sz="1800" strike="noStrike" spc="-1">
<a:solidFill>
<a:srgbClr val="000000"/>
</a:solidFill>
<a:uFill>
<a:solidFill>
<a:srgbClr val="FFFFFF"/>
</a:solidFill>
</a:uFill>
<a:latin typeface="Arial"/>
</a:endParaRPr>
</a:p>
</p:txBody>
</p:sp>
<p:sp>
<p:nvSpPr>
<p:cNvPr id="265" name="CustomShape 5"/>
<p:cNvSpPr/>
<p:nvPr/>
</p:nvSpPr>
<p:spPr>
<a:xfrm>
<a:off x="723960" y="6276240"/>
<a:ext cx="3588480" cy="137160"/>
</a:xfrm>
<a:prstGeom prst="rect">
<a:avLst/>
</a:prstGeom>
<a:noFill/>
<a:ln w="9360">
<a:noFill/>
</a:ln>
</p:spPr>
<p:style>
<a:lnRef idx="0">
<a:scrgbClr r="0" g="0" b="0"/>
</a:lnRef>
<a:fillRef idx="0">
<a:scrgbClr r="0" g="0" b="0"/>
</a:fillRef>
<a:effectRef idx="0">
<a:scrgbClr r="0" g="0" b="0"/>
</a:effectRef>
<a:fontRef idx="minor"/>
</p:style>
<p:txBody>
<a:bodyPr lIns="0" tIns="0" rIns="0" bIns="0" anchor="b"/>
<a:lstStyle/>
<a:p>
<a:pPr>
<a:lnSpc>
<a:spcPct val="100000"/>
</a:lnSpc>
</a:pPr>
<a:fld id="{74164ECE-1BCD-4F36-A1B8-34DB2F6C5B76}" type="slidenum">
<a:rPr lang="en-ZA" sz="900" strike="noStrike" spc="-1">
<a:solidFill>
<a:srgbClr val="000000"/>
</a:solidFill>
<a:uFill>
<a:solidFill>
<a:srgbClr val="FFFFFF"/>
</a:solidFill>
</a:uFill>
<a:latin typeface="Expert Sans Regular"/>
<a:ea typeface="DejaVu Sans"/>
</a:rPr>
<a:pPr>
<a:lnSpc>
<a:spcPct val="100000"/>
</a:lnSpc>
</a:pPr>
<a:t>1</a:t>
</a:fld>
<a:r>
<a:rPr lang="en-ZA" sz="900" strike="noStrike" spc="-1">
<a:solidFill>
<a:srgbClr val="000000"/>
</a:solidFill>
<a:uFill>
<a:solidFill>
<a:srgbClr val="FFFFFF"/>
</a:solidFill>
</a:uFill>
<a:latin typeface="Expert Sans Regular"/>
<a:ea typeface="DejaVu Sans"/>
</a:rPr>
<a:t> | Compliance Report | June 2016</a:t>
</a:r>
<a:endParaRPr lang="en-ZA" sz="1800" strike="noStrike" spc="-1">
<a:solidFill>
<a:srgbClr val="000000"/>
</a:solidFill>
<a:uFill>
<a:solidFill>
<a:srgbClr val="FFFFFF"/>
</a:solidFill>
</a:uFill>
<a:latin typeface="Arial"/>
</a:endParaRPr>
</a:p>
</p:txBody>
</p:sp>
</p:spTree>
</p:cSld>
<p:clrMapOvr>
<a:masterClrMapping/>
</p:clrMapOvr>
<p:timing>
<p:tnLst>
<p:par>
<p:cTn id="1" dur="indefinite" restart="never" nodeType="tmRoot">
<p:childTnLst>
<p:seq>
<p:cTn id="2" nodeType="mainSeq"/>
<p:prevCondLst>
<p:cond evt="onPrev" delay="0">
<p:tgtEl>
<p:sldTgt/>
</p:tgtEl>
</p:cond>
</p:prevCondLst>
<p:nextCondLst>
<p:cond evt="onNext" delay="0">
<p:tgtEl>
<p:sldTgt/>
</p:tgtEl>
</p:cond>
</p:nextCondLst>
</p:seq>
</p:childTnLst>
</p:cTn>
</p:par>
</p:tnLst>
</p:timing>
</p:sld>
