<?xml version="1.0" encoding="UTF-8"?>
<ecore:EPackage xmi:version="2.0"
    xmlns:xmi="http://www.omg.org/XMI" xmlns:ComIbmCompute.msgnode="ComIbmCompute.msgnode" xmlns:ComIbmJavaCompute.msgnode="ComIbmJavaCompute.msgnode" xmlns:ComIbmWSInput.msgnode="ComIbmWSInput.msgnode" xmlns:ComIbmWSReply.msgnode="ComIbmWSReply.msgnode" xmlns:ecore="http://www.eclipse.org/emf/2002/Ecore" xmlns:eflow="http://www.ibm.com/wbi/2005/eflow" xmlns:utility="http://www.ibm.com/wbi/2005/eflow_utility" nsURI="MergeDocuments_Flow.msgflow"
    nsPrefix="MergeDocuments_Flow.msgflow">
  <eClassifiers xmi:type="eflow:FCMComposite" name="FCMComposite_1">
    <eSuperTypes href="http://www.ibm.com/wbi/2005/eflow#//FCMBlock"/>
    <translation xmi:type="utility:TranslatableString" key="MergeDocuments_Flow" bundleName="MergeDocuments_Flow" pluginId="DocumentMerger_API"/>
    <colorGraphic16 xmi:type="utility:GIFFileGraphic" resourceName="platform:/plugin/DocumentMerger_API/icons/full/obj16/MergeDocuments_Flow.gif"/>
    <colorGraphic32 xmi:type="utility:GIFFileGraphic" resourceName="platform:/plugin/DocumentMerger_API/icons/full/obj30/MergeDocuments_Flow.gif"/>
    <composition>
      <nodes xmi:type="ComIbmWSInput.msgnode:FCMComposite_1" xmi:id="FCMComposite_1_1" location="111,163" URLSpecifier="/document/merge" parseQueryString="true" messageDomainProperty="JSON">
        <translation xmi:type="utility:ConstantString" string="HTTP Input"/>
      </nodes>
      <nodes xmi:type="ComIbmCompute.msgnode:FCMComposite_1" xmi:id="FCMComposite_1_2" location="224,147" computeExpression="esql://routine/#MergeDocuments_Flow_Compute_BuildMerge_Request.Main">
        <translation xmi:type="utility:ConstantString" string="BuildMergeRequest"/>
      </nodes>
      <nodes xmi:type="ComIbmJavaCompute.msgnode:FCMComposite_1" xmi:id="FCMComposite_1_3" location="313,209" javaClass="MergeDocuments_Flow_MergeDocuments_JavaCompute">
        <translation xmi:type="utility:ConstantString" string="MergeDocuments_JavaCompute"/>
      </nodes>
      <nodes xmi:type="ComIbmCompute.msgnode:FCMComposite_1" xmi:id="FCMComposite_1_4" location="512,207" computeExpression="esql://routine/#MergeDocuments_Flow_Compute_BuildMerge_Response.Main">
        <translation xmi:type="utility:ConstantString" string="BuildMergeResponse"/>
      </nodes>
      <nodes xmi:type="ComIbmWSReply.msgnode:FCMComposite_1" xmi:id="FCMComposite_1_5" location="649,199">
        <translation xmi:type="utility:ConstantString" string="HTTP Reply"/>
      </nodes>
      <nodes xmi:type="ComIbmCompute.msgnode:FCMComposite_1" xmi:id="FCMComposite_1_6" location="401,60" computeExpression="esql://routine/#SF_EMO_Generic_Error_Handling_Compute.Main">
        <translation xmi:type="utility:ConstantString" string="GetAllException"/>
      </nodes>
      <connections xmi:type="eflow:FCMConnection" xmi:id="FCMConnection_1" targetNode="FCMComposite_1_2" sourceNode="FCMComposite_1_1" sourceTerminalName="OutTerminal.out" targetTerminalName="InTerminal.in"/>
      <connections xmi:type="eflow:FCMConnection" xmi:id="FCMConnection_2" targetNode="FCMComposite_1_3" sourceNode="FCMComposite_1_2" sourceTerminalName="OutTerminal.out" targetTerminalName="InTerminal.in"/>
      <connections xmi:type="eflow:FCMConnection" xmi:id="FCMConnection_3" targetNode="FCMComposite_1_4" sourceNode="FCMComposite_1_3" sourceTerminalName="OutTerminal.out" targetTerminalName="InTerminal.in"/>
      <connections xmi:type="eflow:FCMConnection" xmi:id="FCMConnection_4" targetNode="FCMComposite_1_5" sourceNode="FCMComposite_1_4" sourceTerminalName="OutTerminal.out" targetTerminalName="InTerminal.in"/>
      <connections xmi:type="eflow:FCMConnection" xmi:id="FCMConnection_5" targetNode="FCMComposite_1_6" sourceNode="FCMComposite_1_1" sourceTerminalName="OutTerminal.failure" targetTerminalName="InTerminal.in"/>
      <connections xmi:type="eflow:FCMConnection" xmi:id="FCMConnection_6" targetNode="FCMComposite_1_6" sourceNode="FCMComposite_1_1" sourceTerminalName="OutTerminal.timeout" targetTerminalName="InTerminal.in"/>
      <connections xmi:type="eflow:FCMConnection" xmi:id="FCMConnection_7" targetNode="FCMComposite_1_6" sourceNode="FCMComposite_1_1" sourceTerminalName="OutTerminal.catch" targetTerminalName="InTerminal.in"/>
      <connections xmi:type="eflow:FCMConnection" xmi:id="FCMConnection_11" targetNode="FCMComposite_1_5" sourceNode="FCMComposite_1_6" sourceTerminalName="OutTerminal.out" targetTerminalName="InTerminal.in"/>
    </composition>
    <propertyOrganizer/>
    <stickyBoard/>
  </eClassifiers>
</ecore:EPackage>
