<?xml version="1.0" encoding="UTF-8" standalone="yes"?>
<p:sld xmlns:a="http://schemas.openxmlformats.org/drawingml/2006/main" xmlns:r="http://schemas.openxmlformats.org/officeDocument/2006/relationships" xmlns:p="http://schemas.openxmlformats.org/presentationml/2006/main">
<p:cSld>
<p:spTree>
<p:nvGrpSpPr>
<p:cNvPr id="1" name=""/>
<p:cNvGrpSpPr/>
<p:nvPr/>
</p:nvGrpSpPr>
<p:grpSpPr>
<a:xfrm>
<a:off x="0" y="0"/>
<a:ext cx="0" cy="0"/>
<a:chOff x="0" y="0"/>
<a:chExt cx="0" cy="0"/>
</a:xfrm>
</p:grpSpPr>
<p:sp>
<p:nvSpPr>
<p:cNvPr id="2" name="Title 1"/>
<p:cNvSpPr>
<a:spLocks noGrp="1"/>
</p:cNvSpPr>
<p:nvPr>
<p:ph type="title"/>
</p:nvPr>
</p:nvSpPr>
<p:spPr>
<a:xfrm>
<a:off x="342899" y="202812"/>
<a:ext cx="8915400" cy="276999"/>
</a:xfrm>
</p:spPr>
<p:txBody>
<a:bodyPr/>
<a:lstStyle/>
<a:p>
<a:r>
<a:rPr lang="en-ZA" sz="1800" dirty="0" smtClean="0">
<a:solidFill>
<a:srgbClr val="00B0F0"/>
</a:solidFill>
<a:latin typeface="Expert Sans Regular" pitchFamily="34" charset="0"/>
</a:rPr>
<a:t>Executive Summary </a:t>
</a:r>
<a:endParaRPr lang="en-US" sz="1800" dirty="0"/>
</a:p>
</p:txBody>
</p:sp>
<p:sp>
<p:nvSpPr>
<p:cNvPr id="8" name="TextBox 7"/>
<p:cNvSpPr txBox="1"/>
<p:nvPr/>
</p:nvSpPr>
<p:spPr>
<a:xfrm>
<a:off x="723905" y="6484962"/>
<a:ext cx="4829175" cy="138499"/>
</a:xfrm>
<a:prstGeom prst="rect">
<a:avLst/>
</a:prstGeom>
<a:noFill/>
</p:spPr>
<p:txBody>
<a:bodyPr lIns="0" tIns="0" rIns="0" bIns="0">
<a:spAutoFit/>
</a:bodyPr>
<a:lstStyle/>
<a:p>
<a:pPr>
<a:defRPr/>
</a:pPr>
<a:r>
<a:rPr lang="en-US" sz="900" dirty="0" smtClean="0">
<a:solidFill>
<a:srgbClr val="000000"/>
</a:solidFill>
<a:latin typeface="Expert Sans Regular"/>
</a:rPr>
<a:t>Internal </a:t>
</a:r>
<a:r>
<a:rPr lang="en-US" sz="900" dirty="0">
<a:solidFill>
<a:srgbClr val="000000"/>
</a:solidFill>
<a:latin typeface="Expert Sans Regular"/>
</a:rPr>
<a:t>use </a:t>
</a:r>
<a:r>
<a:rPr lang="en-US" sz="900" dirty="0" smtClean="0">
<a:solidFill>
<a:srgbClr val="000000"/>
</a:solidFill>
<a:latin typeface="Expert Sans Regular"/>
</a:rPr>
<a:t>only</a:t>
</a:r>
<a:endParaRPr lang="en-US" sz="900" dirty="0">
<a:solidFill>
<a:srgbClr val="000000"/>
</a:solidFill>
<a:latin typeface="Expert Sans Regular"/>
</a:endParaRPr>
</a:p>
</p:txBody>
</p:sp>
<p:sp>
<p:nvSpPr>
<p:cNvPr id="9" name="Footer Placeholder 10"/>
<p:cNvSpPr txBox="1">
<a:spLocks/>
</p:cNvSpPr>
<p:nvPr/>
</p:nvSpPr>
<p:spPr>
<a:xfrm>
<a:off x="723904" y="6275414"/>
<a:ext cx="3589334" cy="138499"/>
</a:xfrm>
<a:prstGeom prst="rect">
<a:avLst/>
</a:prstGeom>
<a:noFill/>
<a:ln w="9525" algn="ctr">
<a:noFill/>
<a:miter lim="800000"/>
<a:headEnd/>
<a:tailEnd/>
</a:ln>
<a:effectLst/>
</p:spPr>
<p:txBody>
<a:bodyPr vert="horz" wrap="square" lIns="0" tIns="0" rIns="0" bIns="0" numCol="1" anchor="b" anchorCtr="0" compatLnSpc="1">
<a:prstTxWarp prst="textNoShape">
<a:avLst/>
</a:prstTxWarp>
<a:spAutoFit/>
</a:bodyPr>
<a:lstStyle>
<a:defPPr>
<a:defRPr lang="en-US"/>
</a:defPPr>
<a:lvl1pPr algn="l" rtl="0" fontAlgn="base">
<a:spcBef>
<a:spcPct val="50000"/>
</a:spcBef>
<a:spcAft>
<a:spcPct val="0"/>
</a:spcAft>
<a:defRPr lang="en-US" sz="900" kern="1200">
<a:solidFill>
<a:schemeClr val="tx1"/>
</a:solidFill>
<a:latin typeface="+mn-lt"/>
<a:ea typeface="+mn-ea"/>
<a:cs typeface="+mn-cs"/>
</a:defRPr>
</a:lvl1pPr>
<a:lvl2pPr marL="455401" indent="1588" algn="l" rtl="0" fontAlgn="base">
<a:spcBef>
<a:spcPct val="0"/>
</a:spcBef>
<a:spcAft>
<a:spcPct val="0"/>
</a:spcAft>
<a:defRPr kern="1200">
<a:solidFill>
<a:schemeClr val="tx1"/>
</a:solidFill>
<a:latin typeface="Arial" pitchFamily="34" charset="0"/>
<a:ea typeface="+mn-ea"/>
<a:cs typeface="Arial" pitchFamily="34" charset="0"/>
</a:defRPr>
</a:lvl2pPr>
<a:lvl3pPr marL="912386" indent="1588" algn="l" rtl="0" fontAlgn="base">
<a:spcBef>
<a:spcPct val="0"/>
</a:spcBef>
<a:spcAft>
<a:spcPct val="0"/>
</a:spcAft>
<a:defRPr kern="1200">
<a:solidFill>
<a:schemeClr val="tx1"/>
</a:solidFill>
<a:latin typeface="Arial" pitchFamily="34" charset="0"/>
<a:ea typeface="+mn-ea"/>
<a:cs typeface="Arial" pitchFamily="34" charset="0"/>
</a:defRPr>
</a:lvl3pPr>
<a:lvl4pPr marL="1369372" indent="1588" algn="l" rtl="0" fontAlgn="base">
<a:spcBef>
<a:spcPct val="0"/>
</a:spcBef>
<a:spcAft>
<a:spcPct val="0"/>
</a:spcAft>
<a:defRPr kern="1200">
<a:solidFill>
<a:schemeClr val="tx1"/>
</a:solidFill>
<a:latin typeface="Arial" pitchFamily="34" charset="0"/>
<a:ea typeface="+mn-ea"/>
<a:cs typeface="Arial" pitchFamily="34" charset="0"/>
</a:defRPr>
</a:lvl4pPr>
<a:lvl5pPr marL="1826359" indent="1588" algn="l" rtl="0" fontAlgn="base">
<a:spcBef>
<a:spcPct val="0"/>
</a:spcBef>
<a:spcAft>
<a:spcPct val="0"/>
</a:spcAft>
<a:defRPr kern="1200">
<a:solidFill>
<a:schemeClr val="tx1"/>
</a:solidFill>
<a:latin typeface="Arial" pitchFamily="34" charset="0"/>
<a:ea typeface="+mn-ea"/>
<a:cs typeface="Arial" pitchFamily="34" charset="0"/>
</a:defRPr>
</a:lvl5pPr>
<a:lvl6pPr marL="2284932" algn="l" defTabSz="913972" rtl="0" eaLnBrk="1" latinLnBrk="0" hangingPunct="1">
<a:defRPr kern="1200">
<a:solidFill>
<a:schemeClr val="tx1"/>
</a:solidFill>
<a:latin typeface="Arial" pitchFamily="34" charset="0"/>
<a:ea typeface="+mn-ea"/>
<a:cs typeface="Arial" pitchFamily="34" charset="0"/>
</a:defRPr>
</a:lvl6pPr>
<a:lvl7pPr marL="2741916" algn="l" defTabSz="913972" rtl="0" eaLnBrk="1" latinLnBrk="0" hangingPunct="1">
<a:defRPr kern="1200">
<a:solidFill>
<a:schemeClr val="tx1"/>
</a:solidFill>
<a:latin typeface="Arial" pitchFamily="34" charset="0"/>
<a:ea typeface="+mn-ea"/>
<a:cs typeface="Arial" pitchFamily="34" charset="0"/>
</a:defRPr>
</a:lvl7pPr>
<a:lvl8pPr marL="3198904" algn="l" defTabSz="913972" rtl="0" eaLnBrk="1" latinLnBrk="0" hangingPunct="1">
<a:defRPr kern="1200">
<a:solidFill>
<a:schemeClr val="tx1"/>
</a:solidFill>
<a:latin typeface="Arial" pitchFamily="34" charset="0"/>
<a:ea typeface="+mn-ea"/>
<a:cs typeface="Arial" pitchFamily="34" charset="0"/>
</a:defRPr>
</a:lvl8pPr>
<a:lvl9pPr marL="3655888" algn="l" defTabSz="913972" rtl="0" eaLnBrk="1" latinLnBrk="0" hangingPunct="1">
<a:defRPr kern="1200">
<a:solidFill>
<a:schemeClr val="tx1"/>
</a:solidFill>
<a:latin typeface="Arial" pitchFamily="34" charset="0"/>
<a:ea typeface="+mn-ea"/>
<a:cs typeface="Arial" pitchFamily="34" charset="0"/>
</a:defRPr>
</a:lvl9pPr>
</a:lstStyle>
<a:p>
<a:pPr>
<a:defRPr/>
</a:pPr>
<a:fld id="{9ACB7CF7-11E9-4D17-8569-45D14A88730A}" type="slidenum">
<a:rPr smtClean="0">
<a:solidFill>
<a:srgbClr val="000000"/>
</a:solidFill>
</a:rPr>
<a:pPr>
<a:defRPr/>
</a:pPr>
<a:t>1</a:t>
</a:fld>
<a:r>
<a:rPr dirty="0" smtClean="0">
<a:solidFill>
<a:srgbClr val="000000"/>
</a:solidFill>
</a:rPr>
<a:t> | Compliance Report | June 2016</a:t>
</a:r>
<a:endParaRPr dirty="0">
<a:solidFill>
<a:srgbClr val="000000"/>
</a:solidFill>
</a:endParaRPr>
</a:p>
</p:txBody>
</p:sp>
<p:graphicFrame>
<p:nvGraphicFramePr>
<p:cNvPr id="12" name="Table 11"/>
<p:cNvGraphicFramePr>
<a:graphicFrameLocks noGrp="1"/>
</p:cNvGraphicFramePr>
<p:nvPr/>
</p:nvGraphicFramePr>
<p:xfrm>
<a:off x="346985" y="543854"/>
<a:ext cx="9393362" cy="259227"/>
</p:xfrm>
<a:graphic>
<a:graphicData uri="http://schemas.openxmlformats.org/drawingml/2006/table">
<a:tbl>
<a:tblPr firstRow="1" bandRow="1">
<a:tableStyleId>{5C22544A-7EE6-4342-B048-85BDC9FD1C3A}</a:tableStyleId>
</a:tblPr>
<a:tblGrid>
<a:gridCol w="4696681"/>
<a:gridCol w="4696681"/>
</a:tblGrid>
<a:tr h="259227">
<a:tc>
<a:txBody>
<a:bodyPr/>
<a:lstStyle/>
<a:p>
<a:r>
<a:rPr lang="en-US" sz="1100" dirty="0" smtClean="0"/>
<a:t>Area Report</a:t>
</a:r>
<a:endParaRPr lang="en-US" sz="1100" dirty="0"/>
</a:p>
</a:txBody>
<a:tcPr>
<a:lnL w="12700" cap="flat" cmpd="sng" algn="ctr">
<a:solidFill>
<a:schemeClr val="tx1"/>
</a:solidFill>
<a:prstDash val="solid"/>
<a:round/>
<a:headEnd type="none" w="med" len="med"/>
<a:tailEnd type="none" w="med" len="med"/>
</a:lnL>
<a:lnR w="12700" cap="flat" cmpd="sng" algn="ctr">
<a:noFill/>
<a:prstDash val="solid"/>
<a:round/>
<a:headEnd type="none" w="med" len="med"/>
<a:tailEnd type="none" w="med" len="med"/>
</a:lnR>
<a:lnT w="12700" cap="flat" cmpd="sng" algn="ctr">
<a:solidFill>
<a:schemeClr val="tx1"/>
</a:solidFill>
<a:prstDash val="solid"/>
<a:round/>
<a:headEnd type="none" w="med" len="med"/>
<a:tailEnd type="none" w="med" len="med"/>
</a:lnT>
<a:lnB w="12700" cap="flat" cmpd="sng" algn="ctr">
<a:solidFill>
<a:schemeClr val="tx1"/>
</a:solidFill>
<a:prstDash val="solid"/>
<a:round/>
<a:headEnd type="none" w="med" len="med"/>
<a:tailEnd type="none" w="med" len="med"/>
</a:lnB>
<a:solidFill>
<a:schemeClr val="bg2"/>
</a:solidFill>
</a:tcPr>
</a:tc>
<a:tc>
<a:txBody>
<a:bodyPr/>
<a:lstStyle/>
<a:p>
<a:pPr algn="r"/>
<a:r>
<a:rPr lang="en-US" sz="1100" dirty="0" smtClean="0"/>
</a:r>
<a:endParaRPr lang="en-US" sz="1100" dirty="0"/>
</a:p>
</a:txBody>
<a:tcPr>
<a:lnL w="12700" cap="flat" cmpd="sng" algn="ctr">
<a:noFill/>
<a:prstDash val="solid"/>
<a:round/>
<a:headEnd type="none" w="med" len="med"/>
<a:tailEnd type="none" w="med" len="med"/>
</a:lnL>
<a:lnR w="12700" cap="flat" cmpd="sng" algn="ctr">
<a:solidFill>
<a:schemeClr val="tx1"/>
</a:solidFill>
<a:prstDash val="solid"/>
<a:round/>
<a:headEnd type="none" w="med" len="med"/>
<a:tailEnd type="none" w="med" len="med"/>
</a:lnR>
<a:lnT w="12700" cap="flat" cmpd="sng" algn="ctr">
<a:solidFill>
<a:schemeClr val="tx1"/>
</a:solidFill>
<a:prstDash val="solid"/>
<a:round/>
<a:headEnd type="none" w="med" len="med"/>
<a:tailEnd type="none" w="med" len="med"/>
</a:lnT>
<a:lnB w="12700" cap="flat" cmpd="sng" algn="ctr">
<a:solidFill>
<a:schemeClr val="tx1"/>
</a:solidFill>
<a:prstDash val="solid"/>
<a:round/>
<a:headEnd type="none" w="med" len="med"/>
<a:tailEnd type="none" w="med" len="med"/>
</a:lnB>
<a:solidFill>
<a:schemeClr val="bg2"/>
</a:solidFill>
</a:tcPr>
</a:tc>
</a:tr>
</a:tbl>
</a:graphicData>
</a:graphic>
</p:graphicFrame>
<p:graphicFrame>
<p:nvGraphicFramePr>
<p:cNvPr id="13" name="Table 12"/>
<p:cNvGraphicFramePr>
<a:graphicFrameLocks noGrp="1"/>
</p:cNvGraphicFramePr>
<p:nvPr/>
</p:nvGraphicFramePr>
<p:xfrm>
<a:off x="302149" y="1108401"/>
<a:ext cx="9398442" cy="1112520"/>
</p:xfrm>
<a:graphic>
<a:graphicData uri="http://schemas.openxmlformats.org/drawingml/2006/table">
<a:tbl>
<a:tblPr firstRow="1" bandRow="1">
<a:tableStyleId>{5940675A-B579-460E-94D1-54222C63F5DA}</a:tableStyleId>
</a:tblPr>
<a:tblGrid>
<a:gridCol w="9398442"/>
</a:tblGrid>
<a:tr h="370840">
<a:tc>
<a:txBody>
<a:bodyPr/>
<a:lstStyle/>
<a:p>
<a:pPr marL="0" marR="0" indent="0" algn="l" defTabSz="914400" rtl="0" eaLnBrk="1" fontAlgn="auto" latinLnBrk="0" hangingPunct="1">
<a:lnSpc>
<a:spcPct val="100000"/>
</a:lnSpc>
<a:spcBef>
<a:spcPts val="0"/>
</a:spcBef>
<a:spcAft>
<a:spcPts val="0"/>
</a:spcAft>
<a:buClrTx/>
<a:buSzTx/>
<a:buFontTx/>
<a:buNone/>
<a:tabLst/>
<a:defRPr/>
</a:pPr>
<a:r>
<a:rPr lang="en-ZA" sz="1800" b="1" dirty="0" smtClean="0">
<a:solidFill>
<a:srgbClr val="000000"/>
</a:solidFill>
<a:latin typeface="+mn-lt"/>
</a:rPr>
<a:t>Executive Summary 1</a:t>
</a:r>
</a:p>
</a:txBody>
<a:tcPr/>
</a:tc>
</a:tr>
<a:tr h="370840">
<a:tc>
<a:txBody>
<a:bodyPr/>
<a:lstStyle/>
<a:p>
<a:pPr marL="0" marR="0" indent="0" algn="l" defTabSz="914400" rtl="0" eaLnBrk="1" fontAlgn="auto" latinLnBrk="0" hangingPunct="1">
<a:lnSpc>
<a:spcPct val="100000"/>
</a:lnSpc>
<a:spcBef>
<a:spcPts val="0"/>
</a:spcBef>
<a:spcAft>
<a:spcPts val="0"/>
</a:spcAft>
<a:buClrTx/>
<a:buSzTx/>
<a:buFontTx/>
<a:buNone/>
<a:tabLst/>
<a:defRPr/>
</a:pPr>
<a:r>
<a:rPr lang="en-ZA" sz="1800" b="1" dirty="0" smtClean="0">
<a:solidFill>
<a:srgbClr val="000000"/>
</a:solidFill>
<a:latin typeface="+mn-lt"/>
</a:rPr>
<a:t>Executive Summary 2</a:t>
</a:r>
</a:p>
</a:txBody>
<a:tcPr/>
</a:tc>
</a:tr>
</a:tbl>
</a:graphicData>
</a:graphic>
</p:graphicFrame>
</p:spTree>
<p:extLst>
<p:ext uri="{BB962C8B-B14F-4D97-AF65-F5344CB8AC3E}">
<p14:creationId val="1259263819" xmlns:p14="http://schemas.microsoft.com/office/powerpoint/2010/main"/>
</p:ext>
</p:extLst>
</p:cSld>
<p:clrMapOvr>
<a:masterClrMapping/>
</p:clrMapOvr>
<p:timing>
<p:tnLst>
<p:par>
<p:cTn id="1" dur="indefinite" restart="never" nodeType="tmRoot"/>
</p:par>
</p:tnLst>
</p:timing>
</p:sld>
