<?xml version="1.0" encoding="UTF-8" standalone="yes"?>
<p:sldMaster xmlns:a="http://schemas.openxmlformats.org/drawingml/2006/main" xmlns:r="http://schemas.openxmlformats.org/officeDocument/2006/relationships" xmlns:p="http://schemas.openxmlformats.org/presentationml/2006/main" preserve="1"><p:cSld><p:bg><p:bgPr><a:solidFill><a:schemeClr val="bg1"/></a:solidFill><a:effectLst/></p:bgPr></p:bg><p:spTree><p:nvGrpSpPr><p:cNvPr id="1" name=""/><p:cNvGrpSpPr/><p:nvPr/></p:nvGrpSpPr><p:grpSpPr><a:xfrm><a:off x="0" y="0"/><a:ext cx="0" cy="0"/><a:chOff x="0" y="0"/><a:chExt cx="0" cy="0"/></a:xfrm></p:grpSpPr><p:pic><p:nvPicPr><p:cNvPr id="3074" name="Picture 7" descr="Bar_06_COL_POS [Converted].png"/><p:cNvPicPr><a:picLocks noChangeAspect="1"/></p:cNvPicPr><p:nvPr/></p:nvPicPr><p:blipFill><a:blip r:embed="rId13" cstate="print"/><a:srcRect/><a:stretch><a:fillRect/></a:stretch></p:blipFill><p:spPr bwMode="auto"><a:xfrm><a:off x="8107375" y="6410343"/><a:ext cx="1298575" cy="220663"/></a:xfrm><a:prstGeom prst="rect"><a:avLst/></a:prstGeom><a:noFill/><a:ln w="9525"><a:noFill/><a:miter lim="800000"/><a:headEnd/><a:tailEnd/></a:ln></p:spPr></p:pic><p:sp><p:nvSpPr><p:cNvPr id="3075" name="Rectangle 2"/><p:cNvSpPr><a:spLocks noGrp="1" noChangeArrowheads="1"/></p:cNvSpPr><p:nvPr><p:ph type="title"/></p:nvPr></p:nvSpPr><p:spPr bwMode="auto"><a:xfrm><a:off x="755652" y="375399"/><a:ext cx="8734425" cy="477928"/></a:xfrm><a:prstGeom prst="rect"><a:avLst/></a:prstGeom><a:noFill/><a:ln w="9525"><a:noFill/><a:miter lim="800000"/><a:headEnd/><a:tailEnd/></a:ln></p:spPr><p:txBody><a:bodyPr vert="horz" wrap="square" lIns="0" tIns="0" rIns="0" bIns="0" numCol="1" anchor="ctr" anchorCtr="0" compatLnSpc="1"><a:prstTxWarp prst="textNoShape"><a:avLst/></a:prstTxWarp><a:spAutoFit/></a:bodyPr><a:lstStyle/><a:p><a:pPr lvl="0"/><a:r><a:rPr lang="en-GB" smtClean="0"/><a:t>Click to edit title</a:t></a:r></a:p></p:txBody></p:sp><p:sp><p:nvSpPr><p:cNvPr id="3076" name="Rectangle 3"/><p:cNvSpPr><a:spLocks noGrp="1" noChangeArrowheads="1"/></p:cNvSpPr><p:nvPr><p:ph type="body" idx="1"/></p:nvPr></p:nvSpPr><p:spPr bwMode="auto"><a:xfrm><a:off x="763600" y="1095377"/><a:ext cx="8670925" cy="2230329"/></a:xfrm><a:prstGeom prst="rect"><a:avLst/></a:prstGeom><a:noFill/><a:ln w="9525" algn="ctr"><a:noFill/><a:miter lim="800000"/><a:headEnd/><a:tailEnd/></a:ln></p:spPr><p:txBody><a:bodyPr vert="horz" wrap="square" lIns="0" tIns="0" rIns="0" bIns="0" numCol="1" anchor="t" anchorCtr="0" compatLnSpc="1"><a:prstTxWarp prst="textNoShape"><a:avLst/></a:prstTxWarp><a:spAutoFit/></a:bodyPr><a:lstStyle/><a:p><a:pPr lvl="0"/><a:r><a:rPr lang="en-GB" smtClean="0"/><a:t>Click to edit Master text styles</a:t></a:r></a:p><a:p><a:pPr lvl="1"/><a:r><a:rPr lang="en-GB" smtClean="0"/><a:t>Second level</a:t></a:r></a:p><a:p><a:pPr lvl="2"/><a:r><a:rPr lang="en-GB" smtClean="0"/><a:t>Third level</a:t></a:r></a:p><a:p><a:pPr lvl="3"/><a:r><a:rPr lang="en-GB" smtClean="0"/><a:t>Fourth level</a:t></a:r></a:p><a:p><a:pPr lvl="4"/><a:r><a:rPr lang="en-GB" smtClean="0"/><a:t>Fifth level</a:t></a:r></a:p></p:txBody></p:sp><p:sp><p:nvSpPr><p:cNvPr id="10272" name="Line 32"/><p:cNvSpPr><a:spLocks noChangeShapeType="1"/></p:cNvSpPr><p:nvPr/></p:nvSpPr><p:spPr bwMode="auto"><a:xfrm><a:off x="735025" y="6224588"/><a:ext cx="8670925" cy="0"/></a:xfrm><a:prstGeom prst="line"><a:avLst/></a:prstGeom><a:noFill/><a:ln w="12700"><a:solidFill><a:schemeClr val="bg2"/></a:solidFill><a:round/><a:headEnd/><a:tailEnd/></a:ln><a:effectLst/></p:spPr><p:txBody><a:bodyPr lIns="0" tIns="0" rIns="0" bIns="0" anchor="ctr"><a:spAutoFit/></a:bodyPr><a:lstStyle/><a:p><a:pPr><a:defRPr/></a:pPr><a:endParaRPr lang="en-US" dirty="0"><a:latin typeface="+mn-lt"/><a:cs typeface="+mn-cs"/></a:endParaRPr></a:p></p:txBody></p:sp><p:sp><p:nvSpPr><p:cNvPr id="11" name="Footer Placeholder 10"/><p:cNvSpPr><a:spLocks noGrp="1"/></p:cNvSpPr><p:nvPr><p:ph type="ftr" sz="quarter" idx="3"/></p:nvPr></p:nvSpPr><p:spPr><a:xfrm><a:off x="741363" y="6311398"/><a:ext cx="3136900" cy="143378"/></a:xfrm><a:prstGeom prst="rect"><a:avLst/></a:prstGeom><a:noFill/><a:ln w="9525" algn="ctr"><a:noFill/><a:miter lim="800000"/><a:headEnd/><a:tailEnd/></a:ln><a:effectLst/></p:spPr><p:txBody><a:bodyPr vert="horz" wrap="square" lIns="0" tIns="0" rIns="0" bIns="0" numCol="1" anchor="b" anchorCtr="0" compatLnSpc="1"><a:prstTxWarp prst="textNoShape"><a:avLst/></a:prstTxWarp><a:spAutoFit/></a:bodyPr><a:lstStyle><a:lvl1pPr algn="l" rtl="0" fontAlgn="base"><a:spcBef><a:spcPct val="50000"/></a:spcBef><a:spcAft><a:spcPct val="0"/></a:spcAft><a:defRPr lang="en-US" sz="900" kern="1200"><a:solidFill><a:schemeClr val="tx1"/></a:solidFill><a:latin typeface="+mn-lt"/><a:ea typeface="+mn-ea"/><a:cs typeface="+mn-cs"/></a:defRPr></a:lvl1pPr></a:lstStyle><a:p><a:pPr><a:defRPr/></a:pPr><a:r><a:rPr lang="en-US" dirty="0" smtClean="0"/><a:t>|  Compliance Report | 05 May 2015</a:t></a:r><a:endParaRPr dirty="0"/></a:p></p:txBody></p:sp></p:spTree></p:cSld><p:clrMap bg1="lt1" tx1="dk1" bg2="lt2" tx2="dk2" accent1="accent1" accent2="accent2" accent3="accent3" accent4="accent4" accent5="accent5" accent6="accent6" hlink="hlink" folHlink="folHlink"/><p:sldLayoutIdLst><p:sldLayoutId id="2147484663" r:id="rId1"/><p:sldLayoutId id="2147484664" r:id="rId2"/><p:sldLayoutId id="2147484665" r:id="rId3"/><p:sldLayoutId id="2147484666" r:id="rId4"/><p:sldLayoutId id="2147484667" r:id="rId5"/><p:sldLayoutId id="2147484668" r:id="rId6"/><p:sldLayoutId id="2147484669" r:id="rId7"/><p:sldLayoutId id="2147484670" r:id="rId8"/><p:sldLayoutId id="2147484671" r:id="rId9"/><p:sldLayoutId id="2147484672" r:id="rId10"/><p:sldLayoutId id="2147484673" r:id="rId11"/></p:sldLayoutIdLst><p:hf hdr="0" dt="0"/><p:txStyles><p:titleStyle><a:lvl1pPr algn="l" rtl="0" eaLnBrk="0" fontAlgn="base" hangingPunct="0"><a:spcBef><a:spcPct val="0"/></a:spcBef><a:spcAft><a:spcPct val="0"/></a:spcAft><a:defRPr sz="3000"><a:solidFill><a:schemeClr val="bg2"/></a:solidFill><a:latin typeface="+mj-lt"/><a:ea typeface="+mj-ea"/><a:cs typeface="+mj-cs"/></a:defRPr></a:lvl1pPr><a:lvl2pPr algn="l" rtl="0" eaLnBrk="0" fontAlgn="base" hangingPunct="0"><a:spcBef><a:spcPct val="0"/></a:spcBef><a:spcAft><a:spcPct val="0"/></a:spcAft><a:defRPr sz="3000"><a:solidFill><a:schemeClr val="bg2"/></a:solidFill><a:latin typeface="Expert Sans Regular" pitchFamily="34" charset="0"/></a:defRPr></a:lvl2pPr><a:lvl3pPr algn="l" rtl="0" eaLnBrk="0" fontAlgn="base" hangingPunct="0"><a:spcBef><a:spcPct val="0"/></a:spcBef><a:spcAft><a:spcPct val="0"/></a:spcAft><a:defRPr sz="3000"><a:solidFill><a:schemeClr val="bg2"/></a:solidFill><a:latin typeface="Expert Sans Regular" pitchFamily="34" charset="0"/></a:defRPr></a:lvl3pPr><a:lvl4pPr algn="l" rtl="0" eaLnBrk="0" fontAlgn="base" hangingPunct="0"><a:spcBef><a:spcPct val="0"/></a:spcBef><a:spcAft><a:spcPct val="0"/></a:spcAft><a:defRPr sz="3000"><a:solidFill><a:schemeClr val="bg2"/></a:solidFill><a:latin typeface="Expert Sans Regular" pitchFamily="34" charset="0"/></a:defRPr></a:lvl4pPr><a:lvl5pPr algn="l" rtl="0" eaLnBrk="0" fontAlgn="base" hangingPunct="0"><a:spcBef><a:spcPct val="0"/></a:spcBef><a:spcAft><a:spcPct val="0"/></a:spcAft><a:defRPr sz="3000"><a:solidFill><a:schemeClr val="bg2"/></a:solidFill><a:latin typeface="Expert Sans Regular" pitchFamily="34" charset="0"/></a:defRPr></a:lvl5pPr><a:lvl6pPr marL="457200" algn="l" rtl="0" fontAlgn="base"><a:spcBef><a:spcPct val="0"/></a:spcBef><a:spcAft><a:spcPct val="0"/></a:spcAft><a:defRPr sz="3000"><a:solidFill><a:schemeClr val="bg2"/></a:solidFill><a:latin typeface="Expert Sans Regular" pitchFamily="34" charset="0"/></a:defRPr></a:lvl6pPr><a:lvl7pPr marL="914400" algn="l" rtl="0" fontAlgn="base"><a:spcBef><a:spcPct val="0"/></a:spcBef><a:spcAft><a:spcPct val="0"/></a:spcAft><a:defRPr sz="3000"><a:solidFill><a:schemeClr val="bg2"/></a:solidFill><a:latin typeface="Expert Sans Regular" pitchFamily="34" charset="0"/></a:defRPr></a:lvl7pPr><a:lvl8pPr marL="1371600" algn="l" rtl="0" fontAlgn="base"><a:spcBef><a:spcPct val="0"/></a:spcBef><a:spcAft><a:spcPct val="0"/></a:spcAft><a:defRPr sz="3000"><a:solidFill><a:schemeClr val="bg2"/></a:solidFill><a:latin typeface="Expert Sans Regular" pitchFamily="34" charset="0"/></a:defRPr></a:lvl8pPr><a:lvl9pPr marL="1828800" algn="l" rtl="0" fontAlgn="base"><a:spcBef><a:spcPct val="0"/></a:spcBef><a:spcAft><a:spcPct val="0"/></a:spcAft><a:defRPr sz="3000"><a:solidFill><a:schemeClr val="bg2"/></a:solidFill><a:latin typeface="Expert Sans Regular" pitchFamily="34" charset="0"/></a:defRPr></a:lvl9pPr></p:titleStyle><p:bodyStyle><a:lvl1pPr algn="l" rtl="0" eaLnBrk="0" fontAlgn="base" hangingPunct="0"><a:spcBef><a:spcPct val="50000"/></a:spcBef><a:spcAft><a:spcPct val="0"/></a:spcAft><a:buClr><a:schemeClr val="tx2"/></a:buClr><a:buFont typeface="Wingdings" pitchFamily="2" charset="2"/><a:defRPr sz="2000"><a:solidFill><a:schemeClr val="tx1"/></a:solidFill><a:latin typeface="+mn-lt"/><a:ea typeface="+mn-ea"/><a:cs typeface="+mn-cs"/></a:defRPr></a:lvl1pPr><a:lvl2pPr marL="231775" indent="-231775" algn="l" rtl="0" eaLnBrk="0" fontAlgn="base" hangingPunct="0"><a:spcBef><a:spcPct val="50000"/></a:spcBef><a:spcAft><a:spcPct val="0"/></a:spcAft><a:buFont typeface="Wingdings" pitchFamily="2" charset="2"/><a:buChar char=""/><a:defRPr sz="2000"><a:solidFill><a:schemeClr val="tx1"/></a:solidFill><a:latin typeface="+mn-lt"/></a:defRPr></a:lvl2pPr><a:lvl3pPr marL="568325" indent="-333375" algn="l" rtl="0" eaLnBrk="0" fontAlgn="base" hangingPunct="0"><a:spcBef><a:spcPct val="50000"/></a:spcBef><a:spcAft><a:spcPct val="0"/></a:spcAft><a:buFont typeface="Arial" charset="0"/><a:buChar char="–"/><a:defRPr sz="2000"><a:solidFill><a:schemeClr val="tx1"/></a:solidFill><a:latin typeface="+mn-lt"/></a:defRPr></a:lvl3pPr><a:lvl4pPr marL="858838" indent="-290513" algn="l" rtl="0" eaLnBrk="0" fontAlgn="base" hangingPunct="0"><a:spcBef><a:spcPct val="50000"/></a:spcBef><a:spcAft><a:spcPct val="0"/></a:spcAft><a:buFont typeface="Wingdings" pitchFamily="2" charset="2"/><a:buChar char=""/><a:defRPr sz="2000"><a:solidFill><a:schemeClr val="tx1"/></a:solidFill><a:latin typeface="+mn-lt"/></a:defRPr></a:lvl4pPr><a:lvl5pPr marL="1204913" indent="-346075" algn="l" rtl="0" eaLnBrk="0" fontAlgn="base" hangingPunct="0"><a:spcBef><a:spcPct val="50000"/></a:spcBef><a:spcAft><a:spcPct val="0"/></a:spcAft><a:buFont typeface="Arial" charset="0"/><a:buChar char="–"/><a:defRPr sz="2000"><a:solidFill><a:schemeClr val="tx1"/></a:solidFill><a:latin typeface="+mn-lt"/></a:defRPr></a:lvl5pPr><a:lvl6pPr marL="1662113" indent="-346075" algn="l" rtl="0" fontAlgn="base"><a:spcBef><a:spcPct val="50000"/></a:spcBef><a:spcAft><a:spcPct val="0"/></a:spcAft><a:buFont typeface="Arial" charset="0"/><a:buChar char="–"/><a:defRPr sz="2000"><a:solidFill><a:schemeClr val="tx1"/></a:solidFill><a:latin typeface="+mn-lt"/></a:defRPr></a:lvl6pPr><a:lvl7pPr marL="2119313" indent="-346075" algn="l" rtl="0" fontAlgn="base"><a:spcBef><a:spcPct val="50000"/></a:spcBef><a:spcAft><a:spcPct val="0"/></a:spcAft><a:buFont typeface="Arial" charset="0"/><a:buChar char="–"/><a:defRPr sz="2000"><a:solidFill><a:schemeClr val="tx1"/></a:solidFill><a:latin typeface="+mn-lt"/></a:defRPr></a:lvl7pPr><a:lvl8pPr marL="2576513" indent="-346075" algn="l" rtl="0" fontAlgn="base"><a:spcBef><a:spcPct val="50000"/></a:spcBef><a:spcAft><a:spcPct val="0"/></a:spcAft><a:buFont typeface="Arial" charset="0"/><a:buChar char="–"/><a:defRPr sz="2000"><a:solidFill><a:schemeClr val="tx1"/></a:solidFill><a:latin typeface="+mn-lt"/></a:defRPr></a:lvl8pPr><a:lvl9pPr marL="3033713" indent="-346075" algn="l" rtl="0" fontAlgn="base"><a:spcBef><a:spcPct val="50000"/></a:spcBef><a:spcAft><a:spcPct val="0"/></a:spcAft><a:buFont typeface="Arial" charset="0"/><a:buChar char="–"/><a:defRPr sz="2000"><a:solidFill><a:schemeClr val="tx1"/></a:solidFill><a:latin typeface="+mn-lt"/></a:defRPr></a:lvl9pPr></p:bodyStyle><p:otherStyle><a:defPPr><a:defRPr lang="en-US"/></a:defPPr><a:lvl1pPr marL="0" algn="l" defTabSz="914400" rtl="0" eaLnBrk="1" latinLnBrk="0" hangingPunct="1"><a:defRPr sz="1800" kern="1200"><a:solidFill><a:schemeClr val="tx1"/></a:solidFill><a:latin typeface="+mn-lt"/><a:ea typeface="+mn-ea"/><a:cs typeface="+mn-cs"/></a:defRPr></a:lvl1pPr><a:lvl2pPr marL="457200" algn="l" defTabSz="914400" rtl="0" eaLnBrk="1" latinLnBrk="0" hangingPunct="1"><a:defRPr sz="1800" kern="1200"><a:solidFill><a:schemeClr val="tx1"/></a:solidFill><a:latin typeface="+mn-lt"/><a:ea typeface="+mn-ea"/><a:cs typeface="+mn-cs"/></a:defRPr></a:lvl2pPr><a:lvl3pPr marL="914400" algn="l" defTabSz="914400" rtl="0" eaLnBrk="1" latinLnBrk="0" hangingPunct="1"><a:defRPr sz="1800" kern="1200"><a:solidFill><a:schemeClr val="tx1"/></a:solidFill><a:latin typeface="+mn-lt"/><a:ea typeface="+mn-ea"/><a:cs typeface="+mn-cs"/></a:defRPr></a:lvl3pPr><a:lvl4pPr marL="1371600" algn="l" defTabSz="914400" rtl="0" eaLnBrk="1" latinLnBrk="0" hangingPunct="1"><a:defRPr sz="1800" kern="1200"><a:solidFill><a:schemeClr val="tx1"/></a:solidFill><a:latin typeface="+mn-lt"/><a:ea typeface="+mn-ea"/><a:cs typeface="+mn-cs"/></a:defRPr></a:lvl4pPr><a:lvl5pPr marL="1828800" algn="l" defTabSz="914400" rtl="0" eaLnBrk="1" latinLnBrk="0" hangingPunct="1"><a:defRPr sz="1800" kern="1200"><a:solidFill><a:schemeClr val="tx1"/></a:solidFill><a:latin typeface="+mn-lt"/><a:ea typeface="+mn-ea"/><a:cs typeface="+mn-cs"/></a:defRPr></a:lvl5pPr><a:lvl6pPr marL="2286000" algn="l" defTabSz="914400" rtl="0" eaLnBrk="1" latinLnBrk="0" hangingPunct="1"><a:defRPr sz="1800" kern="1200"><a:solidFill><a:schemeClr val="tx1"/></a:solidFill><a:latin typeface="+mn-lt"/><a:ea typeface="+mn-ea"/><a:cs typeface="+mn-cs"/></a:defRPr></a:lvl6pPr><a:lvl7pPr marL="2743200" algn="l" defTabSz="914400" rtl="0" eaLnBrk="1" latinLnBrk="0" hangingPunct="1"><a:defRPr sz="1800" kern="1200"><a:solidFill><a:schemeClr val="tx1"/></a:solidFill><a:latin typeface="+mn-lt"/><a:ea typeface="+mn-ea"/><a:cs typeface="+mn-cs"/></a:defRPr></a:lvl7pPr><a:lvl8pPr marL="3200400" algn="l" defTabSz="914400" rtl="0" eaLnBrk="1" latinLnBrk="0" hangingPunct="1"><a:defRPr sz="1800" kern="1200"><a:solidFill><a:schemeClr val="tx1"/></a:solidFill><a:latin typeface="+mn-lt"/><a:ea typeface="+mn-ea"/><a:cs typeface="+mn-cs"/></a:defRPr></a:lvl8pPr><a:lvl9pPr marL="3657600" algn="l" defTabSz="914400" rtl="0" eaLnBrk="1" latinLnBrk="0" hangingPunct="1"><a:defRPr sz="1800" kern="1200"><a:solidFill><a:schemeClr val="tx1"/></a:solidFill><a:latin typeface="+mn-lt"/><a:ea typeface="+mn-ea"/><a:cs typeface="+mn-cs"/></a:defRPr></a:lvl9pPr></p:otherStyle></p:txStyles></p:sldMaster>