<?xml version="1.0" encoding="UTF-8" standalone="yes"?>
<a:theme xmlns:a="http://schemas.openxmlformats.org/drawingml/2006/main" name="8_LAN039_Barclays_Template_013012_1b_ft"><a:themeElements><a:clrScheme name="8_LAN039_Barclays_Template_013012_1b_ft 1"><a:dk1><a:srgbClr val="000000"/></a:dk1><a:lt1><a:srgbClr val="FFFFFF"/></a:lt1><a:dk2><a:srgbClr val="969696"/></a:dk2><a:lt2><a:srgbClr val="00AEEF"/></a:lt2><a:accent1><a:srgbClr val="FBDB81"/></a:accent1><a:accent2><a:srgbClr val="EC8A40"/></a:accent2><a:accent3><a:srgbClr val="FFFFFF"/></a:accent3><a:accent4><a:srgbClr val="000000"/></a:accent4><a:accent5><a:srgbClr val="FDEAC1"/></a:accent5><a:accent6><a:srgbClr val="D67D39"/></a:accent6><a:hlink><a:srgbClr val="CB5151"/></a:hlink><a:folHlink><a:srgbClr val="00395C"/></a:folHlink></a:clrScheme><a:fontScheme name="8_LAN039_Barclays_Template_013012_1b_ft"><a:majorFont><a:latin typeface="Expert Sans Regular"/><a:ea typeface=""/><a:cs typeface=""/></a:majorFont><a:minorFont><a:latin typeface="Expert Sans Regular"/><a:ea typeface=""/><a:cs typeface=""/></a:minorFont></a:fontScheme><a:fmtScheme name="Office"><a:fillStyleLst><a:solidFill><a:schemeClr val="phClr"/></a:solidFill><a:gradFill rotWithShape="1"><a:gsLst><a:gs pos="0"><a:schemeClr val="phClr"><a:tint val="50000"/><a:satMod val="300000"/></a:schemeClr></a:gs><a:gs pos="35000"><a:schemeClr val="phClr"><a:tint val="37000"/><a:satMod val="300000"/></a:schemeClr></a:gs><a:gs pos="100000"><a:schemeClr val="phClr"><a:tint val="15000"/><a:satMod val="350000"/></a:schemeClr></a:gs></a:gsLst><a:lin ang="16200000" scaled="1"/></a:gradFill><a:gradFill rotWithShape="1"><a:gsLst><a:gs pos="0"><a:schemeClr val="phClr"><a:shade val="51000"/><a:satMod val="130000"/></a:schemeClr></a:gs><a:gs pos="80000"><a:schemeClr val="phClr"><a:shade val="93000"/><a:satMod val="130000"/></a:schemeClr></a:gs><a:gs pos="100000"><a:schemeClr val="phClr"><a:shade val="94000"/><a:satMod val="135000"/></a:schemeClr></a:gs></a:gsLst><a:lin ang="16200000" scaled="0"/></a:gradFill></a:fillStyleLst><a:lnStyleLst><a:ln w="9525" cap="flat" cmpd="sng" algn="ctr"><a:solidFill><a:schemeClr val="phClr"><a:shade val="95000"/><a:satMod val="105000"/></a:schemeClr></a:solidFill><a:prstDash val="solid"/></a:ln><a:ln w="25400" cap="flat" cmpd="sng" algn="ctr"><a:solidFill><a:schemeClr val="phClr"/></a:solidFill><a:prstDash val="solid"/></a:ln><a:ln w="38100" cap="flat" cmpd="sng" algn="ctr"><a:solidFill><a:schemeClr val="phClr"/></a:solidFill><a:prstDash val="solid"/></a:ln></a:lnStyleLst><a:effectStyleLst><a:effectStyle><a:effectLst><a:outerShdw blurRad="40000" dist="20000" dir="5400000" rotWithShape="0"><a:srgbClr val="000000"><a:alpha val="38000"/></a:srgbClr></a:outerShdw></a:effectLst></a:effectStyle><a:effectStyle><a:effectLst><a:outerShdw blurRad="40000" dist="23000" dir="5400000" rotWithShape="0"><a:srgbClr val="000000"><a:alpha val="35000"/></a:srgbClr></a:outerShdw></a:effectLst></a:effectStyle><a:effectStyle><a:effectLst><a:outerShdw blurRad="40000" dist="23000" dir="5400000" rotWithShape="0"><a:srgbClr val="000000"><a:alpha val="35000"/></a:srgbClr></a:outerShdw></a:effectLst><a:scene3d><a:camera prst="orthographicFront"><a:rot lat="0" lon="0" rev="0"/></a:camera><a:lightRig rig="threePt" dir="t"><a:rot lat="0" lon="0" rev="1200000"/></a:lightRig></a:scene3d><a:sp3d><a:bevelT w="63500" h="25400"/></a:sp3d></a:effectStyle></a:effectStyleLst><a:bgFillStyleLst><a:solidFill><a:schemeClr val="phClr"/></a:solidFill><a:gradFill rotWithShape="1"><a:gsLst><a:gs pos="0"><a:schemeClr val="phClr"><a:tint val="40000"/><a:satMod val="350000"/></a:schemeClr></a:gs><a:gs pos="40000"><a:schemeClr val="phClr"><a:tint val="45000"/><a:shade val="99000"/><a:satMod val="350000"/></a:schemeClr></a:gs><a:gs pos="100000"><a:schemeClr val="phClr"><a:shade val="20000"/><a:satMod val="255000"/></a:schemeClr></a:gs></a:gsLst><a:path path="circle"><a:fillToRect l="50000" t="-80000" r="50000" b="180000"/></a:path></a:gradFill><a:gradFill rotWithShape="1"><a:gsLst><a:gs pos="0"><a:schemeClr val="phClr"><a:tint val="80000"/><a:satMod val="300000"/></a:schemeClr></a:gs><a:gs pos="100000"><a:schemeClr val="phClr"><a:shade val="30000"/><a:satMod val="200000"/></a:schemeClr></a:gs></a:gsLst><a:path path="circle"><a:fillToRect l="50000" t="50000" r="50000" b="50000"/></a:path></a:gradFill></a:bgFillStyleLst></a:fmtScheme></a:themeElements><a:objectDefaults/><a:extraClrSchemeLst><a:extraClrScheme><a:clrScheme name="8_LAN039_Barclays_Template_013012_1b_ft 1"><a:dk1><a:srgbClr val="000000"/></a:dk1><a:lt1><a:srgbClr val="FFFFFF"/></a:lt1><a:dk2><a:srgbClr val="969696"/></a:dk2><a:lt2><a:srgbClr val="00AEEF"/></a:lt2><a:accent1><a:srgbClr val="FBDB81"/></a:accent1><a:accent2><a:srgbClr val="EC8A40"/></a:accent2><a:accent3><a:srgbClr val="FFFFFF"/></a:accent3><a:accent4><a:srgbClr val="000000"/></a:accent4><a:accent5><a:srgbClr val="FDEAC1"/></a:accent5><a:accent6><a:srgbClr val="D67D39"/></a:accent6><a:hlink><a:srgbClr val="CB5151"/></a:hlink><a:folHlink><a:srgbClr val="00395C"/></a:folHlink></a:clrScheme><a:clrMap bg1="lt1" tx1="dk1" bg2="lt2" tx2="dk2" accent1="accent1" accent2="accent2" accent3="accent3" accent4="accent4" accent5="accent5" accent6="accent6" hlink="hlink" folHlink="folHlink"/></a:extraClrScheme></a:extraClrSchemeLst></a:theme>