<?xml version="1.0" encoding="UTF-8" standalone="yes"?>
<a:theme xmlns:a="http://schemas.openxmlformats.org/drawingml/2006/main" name="7_LAN041_Barclays_Template_021612_1a"><a:themeElements><a:clrScheme name="LAN041_Barclays_Template_021612_1a 1"><a:dk1><a:srgbClr val="000000"/></a:dk1><a:lt1><a:srgbClr val="FFFFFF"/></a:lt1><a:dk2><a:srgbClr val="969696"/></a:dk2><a:lt2><a:srgbClr val="00AEEF"/></a:lt2><a:accent1><a:srgbClr val="FBDB81"/></a:accent1><a:accent2><a:srgbClr val="EC8A40"/></a:accent2><a:accent3><a:srgbClr val="FFFFFF"/></a:accent3><a:accent4><a:srgbClr val="000000"/></a:accent4><a:accent5><a:srgbClr val="FDEAC1"/></a:accent5><a:accent6><a:srgbClr val="D67D39"/></a:accent6><a:hlink><a:srgbClr val="CB5151"/></a:hlink><a:folHlink><a:srgbClr val="00395C"/></a:folHlink></a:clrScheme><a:fontScheme name="Barclays_template_fonts"><a:majorFont><a:latin typeface="Expert Sans Regular"/><a:ea typeface=""/><a:cs typeface=""/></a:majorFont><a:minorFont><a:latin typeface="Expert Sans Regular"/><a:ea typeface=""/><a:cs typeface=""/></a:minorFont></a:fontScheme><a:fmtScheme name="Office"><a:fillStyleLst><a:solidFill><a:schemeClr val="phClr"/></a:solidFill><a:gradFill rotWithShape="1"><a:gsLst><a:gs pos="0"><a:schemeClr val="phClr"><a:tint val="50000"/><a:satMod val="300000"/></a:schemeClr></a:gs><a:gs pos="35000"><a:schemeClr val="phClr"><a:tint val="37000"/><a:satMod val="300000"/></a:schemeClr></a:gs><a:gs pos="100000"><a:schemeClr val="phClr"><a:tint val="15000"/><a:satMod val="350000"/></a:schemeClr></a:gs></a:gsLst><a:lin ang="16200000" scaled="1"/></a:gradFill><a:gradFill rotWithShape="1"><a:gsLst><a:gs pos="0"><a:schemeClr val="phClr"><a:shade val="51000"/><a:satMod val="130000"/></a:schemeClr></a:gs><a:gs pos="80000"><a:schemeClr val="phClr"><a:shade val="93000"/><a:satMod val="130000"/></a:schemeClr></a:gs><a:gs pos="100000"><a:schemeClr val="phClr"><a:shade val="94000"/><a:satMod val="135000"/></a:schemeClr></a:gs></a:gsLst><a:lin ang="16200000" scaled="0"/></a:gradFill></a:fillStyleLst><a:lnStyleLst><a:ln w="9525" cap="flat" cmpd="sng" algn="ctr"><a:solidFill><a:schemeClr val="phClr"><a:shade val="95000"/><a:satMod val="105000"/></a:schemeClr></a:solidFill><a:prstDash val="solid"/></a:ln><a:ln w="25400" cap="flat" cmpd="sng" algn="ctr"><a:solidFill><a:schemeClr val="phClr"/></a:solidFill><a:prstDash val="solid"/></a:ln><a:ln w="38100" cap="flat" cmpd="sng" algn="ctr"><a:solidFill><a:schemeClr val="phClr"/></a:solidFill><a:prstDash val="solid"/></a:ln></a:lnStyleLst><a:effectStyleLst><a:effectStyle><a:effectLst><a:outerShdw blurRad="40000" dist="20000" dir="5400000" rotWithShape="0"><a:srgbClr val="000000"><a:alpha val="38000"/></a:srgbClr></a:outerShdw></a:effectLst></a:effectStyle><a:effectStyle><a:effectLst><a:outerShdw blurRad="40000" dist="23000" dir="5400000" rotWithShape="0"><a:srgbClr val="000000"><a:alpha val="35000"/></a:srgbClr></a:outerShdw></a:effectLst></a:effectStyle><a:effectStyle><a:effectLst><a:outerShdw blurRad="40000" dist="23000" dir="5400000" rotWithShape="0"><a:srgbClr val="000000"><a:alpha val="35000"/></a:srgbClr></a:outerShdw></a:effectLst><a:scene3d><a:camera prst="orthographicFront"><a:rot lat="0" lon="0" rev="0"/></a:camera><a:lightRig rig="threePt" dir="t"><a:rot lat="0" lon="0" rev="1200000"/></a:lightRig></a:scene3d><a:sp3d><a:bevelT w="63500" h="25400"/></a:sp3d></a:effectStyle></a:effectStyleLst><a:bgFillStyleLst><a:solidFill><a:schemeClr val="phClr"/></a:solidFill><a:gradFill rotWithShape="1"><a:gsLst><a:gs pos="0"><a:schemeClr val="phClr"><a:tint val="40000"/><a:satMod val="350000"/></a:schemeClr></a:gs><a:gs pos="40000"><a:schemeClr val="phClr"><a:tint val="45000"/><a:shade val="99000"/><a:satMod val="350000"/></a:schemeClr></a:gs><a:gs pos="100000"><a:schemeClr val="phClr"><a:shade val="20000"/><a:satMod val="255000"/></a:schemeClr></a:gs></a:gsLst><a:path path="circle"><a:fillToRect l="50000" t="-80000" r="50000" b="180000"/></a:path></a:gradFill><a:gradFill rotWithShape="1"><a:gsLst><a:gs pos="0"><a:schemeClr val="phClr"><a:tint val="80000"/><a:satMod val="300000"/></a:schemeClr></a:gs><a:gs pos="100000"><a:schemeClr val="phClr"><a:shade val="30000"/><a:satMod val="200000"/></a:schemeClr></a:gs></a:gsLst><a:path path="circle"><a:fillToRect l="50000" t="50000" r="50000" b="50000"/></a:path></a:gradFill></a:bgFillStyleLst></a:fmtScheme></a:themeElements><a:objectDefaults><a:spDef><a:spPr bwMode="auto"><a:solidFill><a:schemeClr val="bg2"/></a:solidFill><a:ln w="9525" cap="flat" cmpd="sng" algn="ctr"><a:noFill/><a:prstDash val="solid"/><a:round/><a:headEnd type="none" w="med" len="med"/><a:tailEnd type="none" w="med" len="med"/></a:ln><a:effectLst/></a:spPr><a:bodyPr vert="horz" wrap="square" lIns="0" tIns="0" rIns="0" bIns="0" numCol="1" rtlCol="0" anchor="ctr" anchorCtr="0" compatLnSpc="1"><a:prstTxWarp prst="textNoShape"><a:avLst/></a:prstTxWarp><a:spAutoFit/></a:bodyPr><a:lstStyle><a:defPPr marL="0" marR="0" indent="0" algn="l" defTabSz="914400" rtl="0" eaLnBrk="1" fontAlgn="base" latinLnBrk="0" hangingPunct="1"><a:lnSpc><a:spcPct val="100000"/></a:lnSpc><a:spcBef><a:spcPct val="0"/></a:spcBef><a:spcAft><a:spcPct val="0"/></a:spcAft><a:buClrTx/><a:buSzTx/><a:buFontTx/><a:buNone/><a:tabLst/><a:defRPr kumimoji="0" sz="3600" b="0" i="0" u="none" strike="noStrike" cap="none" normalizeH="0" baseline="0" smtClean="0"><a:ln><a:noFill/></a:ln><a:solidFill><a:schemeClr val="bg2"/></a:solidFill><a:effectLst/><a:latin typeface="Arial" pitchFamily="34" charset="0"/></a:defRPr></a:defPPr></a:lstStyle></a:spDef><a:lnDef><a:spPr bwMode="auto"><a:xfrm><a:off x="0" y="0"/><a:ext cx="1" cy="1"/></a:xfrm><a:custGeom><a:avLst/><a:gdLst/><a:ahLst/><a:cxnLst/><a:rect l="0" t="0" r="0" b="0"/><a:pathLst/></a:custGeom><a:noFill/><a:ln w="9525" cap="flat" cmpd="sng" algn="ctr"><a:noFill/><a:prstDash val="solid"/><a:round/><a:headEnd type="none" w="med" len="med"/><a:tailEnd type="none" w="med" len="med"/></a:ln><a:effectLst/></a:spPr><a:bodyPr vert="horz" wrap="square" lIns="0" tIns="0" rIns="0" bIns="0" numCol="1" anchor="ctr" anchorCtr="0" compatLnSpc="1"><a:prstTxWarp prst="textNoShape"><a:avLst/></a:prstTxWarp><a:spAutoFit/></a:bodyPr><a:lstStyle><a:defPPr marL="0" marR="0" indent="0" algn="l" defTabSz="914400" rtl="0" eaLnBrk="1" fontAlgn="base" latinLnBrk="0" hangingPunct="1"><a:lnSpc><a:spcPct val="100000"/></a:lnSpc><a:spcBef><a:spcPct val="0"/></a:spcBef><a:spcAft><a:spcPct val="0"/></a:spcAft><a:buClrTx/><a:buSzTx/><a:buFontTx/><a:buNone/><a:tabLst/><a:defRPr kumimoji="0" lang="en-US" sz="3600" b="0" i="0" u="none" strike="noStrike" cap="none" normalizeH="0" baseline="0" smtClean="0"><a:ln><a:noFill/></a:ln><a:solidFill><a:schemeClr val="bg2"/></a:solidFill><a:effectLst/><a:latin typeface="Arial" pitchFamily="34" charset="0"/></a:defRPr></a:defPPr></a:lstStyle></a:lnDef><a:txDef><a:spPr><a:noFill/></a:spPr><a:bodyPr wrap="square" lIns="0" tIns="0" rIns="0" bIns="0" rtlCol="0"><a:spAutoFit/></a:bodyPr><a:lstStyle><a:defPPr><a:defRPr sz="2000" dirty="0" err="1" smtClean="0"><a:solidFill><a:schemeClr val="tx1"/></a:solidFill><a:latin typeface="+mn-lt"/></a:defRPr></a:defPPr></a:lstStyle></a:txDef></a:objectDefaults><a:extraClrSchemeLst><a:extraClrScheme><a:clrScheme name="LAN041_Barclays_Template_021612_1a 1"><a:dk1><a:srgbClr val="000000"/></a:dk1><a:lt1><a:srgbClr val="FFFFFF"/></a:lt1><a:dk2><a:srgbClr val="969696"/></a:dk2><a:lt2><a:srgbClr val="00AEEF"/></a:lt2><a:accent1><a:srgbClr val="FBDB81"/></a:accent1><a:accent2><a:srgbClr val="EC8A40"/></a:accent2><a:accent3><a:srgbClr val="FFFFFF"/></a:accent3><a:accent4><a:srgbClr val="000000"/></a:accent4><a:accent5><a:srgbClr val="FDEAC1"/></a:accent5><a:accent6><a:srgbClr val="D67D39"/></a:accent6><a:hlink><a:srgbClr val="CB5151"/></a:hlink><a:folHlink><a:srgbClr val="00395C"/></a:folHlink></a:clrScheme><a:clrMap bg1="lt1" tx1="dk1" bg2="lt2" tx2="dk2" accent1="accent1" accent2="accent2" accent3="accent3" accent4="accent4" accent5="accent5" accent6="accent6" hlink="hlink" folHlink="folHlink"/></a:extraClrScheme></a:extraClrSchemeLst></a:theme>