<?xml version="1.0" encoding="UTF-8" standalone="yes"?>
<p:sldLayout xmlns:a="http://schemas.openxmlformats.org/drawingml/2006/main" xmlns:r="http://schemas.openxmlformats.org/officeDocument/2006/relationships" xmlns:p="http://schemas.openxmlformats.org/presentationml/2006/main" showMasterSp="0" preserve="1" userDrawn="1"><p:cSld name="3_Title Slide"><p:spTree><p:nvGrpSpPr><p:cNvPr id="1" name=""/><p:cNvGrpSpPr/><p:nvPr/></p:nvGrpSpPr><p:grpSpPr><a:xfrm><a:off x="0" y="0"/><a:ext cx="0" cy="0"/><a:chOff x="0" y="0"/><a:chExt cx="0" cy="0"/></a:xfrm></p:grpSpPr><p:pic><p:nvPicPr><p:cNvPr id="11" name="Picture 10" descr="Bar_06_COL_POS [Converted].png"/><p:cNvPicPr><a:picLocks noChangeAspect="1"/></p:cNvPicPr><p:nvPr userDrawn="1"/></p:nvPicPr><p:blipFill><a:blip r:embed="rId2" cstate="print"/><a:stretch><a:fillRect/></a:stretch></p:blipFill><p:spPr><a:xfrm><a:off x="8098482" y="3007917"/><a:ext cx="1309851" cy="222742"/></a:xfrm><a:prstGeom prst="rect"><a:avLst/></a:prstGeom></p:spPr></p:pic><p:grpSp><p:nvGrpSpPr><p:cNvPr id="15" name="Group 14"/><p:cNvGrpSpPr/><p:nvPr userDrawn="1"/></p:nvGrpSpPr><p:grpSpPr><a:xfrm><a:off x="784207" y="2132016"/><a:ext cx="7140598" cy="1965960"/><a:chOff x="1865096" y="985741"/><a:chExt cx="5446206" cy="3557683"/></a:xfrm></p:grpSpPr><p:cxnSp><p:nvCxnSpPr><p:cNvPr id="23" name="Straight Connector 22"/><p:cNvCxnSpPr/><p:nvPr userDrawn="1"/></p:nvCxnSpPr><p:spPr bwMode="auto"><a:xfrm rot="16200000" flipH="1"><a:off x="86255" y="2764583"/><a:ext cx="3557682" cy="0"/></a:xfrm><a:prstGeom prst="line"><a:avLst/></a:prstGeom><a:noFill/><a:ln w="63500" cap="rnd" cmpd="sng" algn="ctr"><a:solidFill><a:schemeClr val="bg2"/></a:solidFill><a:prstDash val="solid"/><a:round/><a:headEnd type="none" w="med" len="med"/><a:tailEnd type="none" w="med" len="med"/></a:ln><a:effectLst/></p:spPr></p:cxnSp><p:cxnSp><p:nvCxnSpPr><p:cNvPr id="24" name="Straight Connector 23"/><p:cNvCxnSpPr/><p:nvPr userDrawn="1"/></p:nvCxnSpPr><p:spPr bwMode="auto"><a:xfrm rot="16200000" flipH="1"><a:off x="5532461" y="2764582"/><a:ext cx="3557682" cy="0"/></a:xfrm><a:prstGeom prst="line"><a:avLst/></a:prstGeom><a:noFill/><a:ln w="63500" cap="rnd" cmpd="sng" algn="ctr"><a:solidFill><a:schemeClr val="bg2"/></a:solidFill><a:prstDash val="solid"/><a:round/><a:headEnd type="none" w="med" len="med"/><a:tailEnd type="none" w="med" len="med"/></a:ln><a:effectLst/></p:spPr></p:cxnSp></p:grpSp><p:sp><p:nvSpPr><p:cNvPr id="28" name="Rectangle 10"/><p:cNvSpPr><a:spLocks noGrp="1" noChangeArrowheads="1"/></p:cNvSpPr><p:nvPr><p:ph type="ctrTitle"/></p:nvPr></p:nvSpPr><p:spPr><a:xfrm><a:off x="966193" y="2701066"/><a:ext cx="6604343" cy="492443"/></a:xfrm></p:spPr><p:txBody><a:bodyPr anchor="b" anchorCtr="0"/><a:lstStyle><a:lvl1pPr><a:defRPr sz="3200" b="0"><a:solidFill><a:schemeClr val="bg2"/></a:solidFill><a:latin typeface="+mj-lt"/></a:defRPr></a:lvl1pPr></a:lstStyle><a:p><a:r><a:rPr lang="en-US" smtClean="0"/><a:t>Click to edit Master title style</a:t></a:r><a:endParaRPr lang="en-US" dirty="0"/></a:p></p:txBody></p:sp><p:sp><p:nvSpPr><p:cNvPr id="29" name="Rectangle 24"/><p:cNvSpPr><a:spLocks noGrp="1" noChangeArrowheads="1"/></p:cNvSpPr><p:nvPr><p:ph type="subTitle" sz="quarter" idx="1" hasCustomPrompt="1"/></p:nvPr></p:nvSpPr><p:spPr><a:xfrm><a:off x="966186" y="3273516"/><a:ext cx="6595797" cy="307777"/></a:xfrm></p:spPr><p:txBody><a:bodyPr/><a:lstStyle><a:lvl1pPr marL="0" indent="0"><a:buFont typeface="Wingdings" pitchFamily="2" charset="2"/><a:buNone/><a:defRPr sz="2000" b="0"><a:solidFill><a:schemeClr val="bg2"/></a:solidFill><a:latin typeface="+mj-lt"/></a:defRPr></a:lvl1pPr></a:lstStyle><a:p><a:r><a:rPr lang="en-US" dirty="0" smtClean="0"/><a:t>Click to edit master subtitle style</a:t></a:r><a:endParaRPr lang="en-US" dirty="0"/></a:p></p:txBody></p:sp></p:spTree><p:extLst><p:ext uri="{BB962C8B-B14F-4D97-AF65-F5344CB8AC3E}"><p14:creationId xmlns="" xmlns:p14="http://schemas.microsoft.com/office/powerpoint/2010/main" val="2480983537"/></p:ext></p:extLst></p:cSld><p:clrMapOvr><a:masterClrMapping/></p:clrMapOvr><p:timing><p:tnLst><p:par><p:cTn id="1" dur="indefinite" restart="never" nodeType="tmRoot"/></p:par></p:tnLst></p:timing></p:sldLayout>