<?xml version="1.0" encoding="UTF-8" standalone="yes"?>
<p:sldLayout xmlns:a="http://schemas.openxmlformats.org/drawingml/2006/main" xmlns:r="http://schemas.openxmlformats.org/officeDocument/2006/relationships" xmlns:p="http://schemas.openxmlformats.org/presentationml/2006/main" preserve="1" userDrawn="1"><p:cSld name="Full page picture"><p:spTree><p:nvGrpSpPr><p:cNvPr id="1" name=""/><p:cNvGrpSpPr/><p:nvPr/></p:nvGrpSpPr><p:grpSpPr><a:xfrm><a:off x="0" y="0"/><a:ext cx="0" cy="0"/><a:chOff x="0" y="0"/><a:chExt cx="0" cy="0"/></a:xfrm></p:grpSpPr><p:sp><p:nvSpPr><p:cNvPr id="8" name="Picture Placeholder 7"/><p:cNvSpPr><a:spLocks noGrp="1"/></p:cNvSpPr><p:nvPr><p:ph type="pic" sz="quarter" idx="10"/></p:nvPr></p:nvSpPr><p:spPr><a:xfrm><a:off x="751260" y="452867"/><a:ext cx="8643125" cy="5264649"/></a:xfrm></p:spPr><p:txBody><a:bodyPr><a:noAutofit/></a:bodyPr><a:lstStyle/><a:p><a:pPr lvl="0"/><a:endParaRPr lang="en-US" noProof="0" dirty="0"/></a:p></p:txBody></p:sp><p:sp><p:nvSpPr><p:cNvPr id="16" name="Text Placeholder 13"/><p:cNvSpPr><a:spLocks noGrp="1"/></p:cNvSpPr><p:nvPr><p:ph type="body" sz="quarter" idx="16"/></p:nvPr></p:nvSpPr><p:spPr><a:xfrm><a:off x="739509" y="5918076"/><a:ext cx="4210050" cy="167275"/></a:xfrm></p:spPr><p:txBody><a:bodyPr/><a:lstStyle><a:lvl1pPr><a:defRPr sz="1050"/></a:lvl1pPr></a:lstStyle><a:p><a:pPr lvl="0"/><a:r><a:rPr lang="en-US" dirty="0" smtClean="0"/><a:t>Click to edit Master text styles</a:t></a:r><a:endParaRPr lang="en-US" dirty="0"/></a:p></p:txBody></p:sp><p:sp><p:nvSpPr><p:cNvPr id="4" name="Footer Placeholder 10"/><p:cNvSpPr><a:spLocks noGrp="1"/></p:cNvSpPr><p:nvPr><p:ph type="ftr" sz="quarter" idx="17"/></p:nvPr></p:nvSpPr><p:spPr><a:ln/></p:spPr><p:txBody><a:bodyPr/><a:lstStyle><a:lvl1pPr><a:defRPr/></a:lvl1pPr></a:lstStyle><a:p><a:pPr><a:defRPr/></a:pPr><a:r><a:rPr dirty="0" smtClean="0"><a:solidFill><a:srgbClr val="000000"/></a:solidFill></a:rPr><a:t>|  Compliance Report | 05 May 2015</a:t></a:r><a:endParaRPr dirty="0"><a:solidFill><a:srgbClr val="000000"/></a:solidFill></a:endParaRPr></a:p></p:txBody></p:sp></p:spTree><p:extLst><p:ext uri="{BB962C8B-B14F-4D97-AF65-F5344CB8AC3E}"><p14:creationId xmlns="" xmlns:p14="http://schemas.microsoft.com/office/powerpoint/2010/main" val="3887556084"/></p:ext></p:extLst></p:cSld><p:clrMapOvr><a:masterClrMapping/></p:clrMapOvr></p:sldLayout>