<?xml version="1.0" encoding="UTF-8" standalone="yes"?>
<p:sldLayout xmlns:a="http://schemas.openxmlformats.org/drawingml/2006/main" xmlns:r="http://schemas.openxmlformats.org/officeDocument/2006/relationships" xmlns:p="http://schemas.openxmlformats.org/presentationml/2006/main" showMasterSp="0" type="title" preserve="1"><p:cSld name="Title Slide"><p:spTree><p:nvGrpSpPr><p:cNvPr id="1" name=""/><p:cNvGrpSpPr/><p:nvPr/></p:nvGrpSpPr><p:grpSpPr><a:xfrm><a:off x="0" y="0"/><a:ext cx="0" cy="0"/><a:chOff x="0" y="0"/><a:chExt cx="0" cy="0"/></a:xfrm></p:grpSpPr><p:pic><p:nvPicPr><p:cNvPr id="4" name="Picture 7" descr="Bar_06_COL_POS [Converted].png"/><p:cNvPicPr><a:picLocks noChangeAspect="1"/></p:cNvPicPr><p:nvPr/></p:nvPicPr><p:blipFill><a:blip r:embed="rId2" cstate="print"/><a:srcRect/><a:stretch><a:fillRect/></a:stretch></p:blipFill><p:spPr bwMode="auto"><a:xfrm><a:off x="8088325" y="3003550"/><a:ext cx="1317625" cy="223838"/></a:xfrm><a:prstGeom prst="rect"><a:avLst/></a:prstGeom><a:noFill/><a:ln w="9525"><a:noFill/><a:miter lim="800000"/><a:headEnd/><a:tailEnd/></a:ln></p:spPr></p:pic><p:grpSp><p:nvGrpSpPr><p:cNvPr id="5" name="Group 10"/><p:cNvGrpSpPr><a:grpSpLocks/></p:cNvGrpSpPr><p:nvPr/></p:nvGrpSpPr><p:grpSpPr bwMode="auto"><a:xfrm><a:off x="2016127" y="2130447"/><a:ext cx="5899150" cy="1984375"/><a:chOff x="1273" y="621"/><a:chExt cx="3716" cy="2241"/></a:xfrm></p:grpSpPr><p:cxnSp><p:nvCxnSpPr><p:cNvPr id="6" name="Straight Connector 11"/><p:cNvCxnSpPr><a:cxnSpLocks noChangeShapeType="1"/></p:cNvCxnSpPr><p:nvPr userDrawn="1"/></p:nvCxnSpPr><p:spPr bwMode="auto"><a:xfrm rot="16200000" flipH="1"><a:off x="152" y="1742"/><a:ext cx="2241" cy="0"/></a:xfrm><a:prstGeom prst="line"><a:avLst/></a:prstGeom><a:noFill/><a:ln w="63500" cap="rnd" algn="ctr"><a:solidFill><a:schemeClr val="bg2"/></a:solidFill><a:round/><a:headEnd/><a:tailEnd/></a:ln></p:spPr></p:cxnSp><p:cxnSp><p:nvCxnSpPr><p:cNvPr id="7" name="Straight Connector 12"/><p:cNvCxnSpPr><a:cxnSpLocks noChangeShapeType="1"/></p:cNvCxnSpPr><p:nvPr userDrawn="1"/></p:nvCxnSpPr><p:spPr bwMode="auto"><a:xfrm rot="16200000" flipH="1"><a:off x="3868" y="1742"/><a:ext cx="2241" cy="0"/></a:xfrm><a:prstGeom prst="line"><a:avLst/></a:prstGeom><a:noFill/><a:ln w="63500" cap="rnd" algn="ctr"><a:solidFill><a:schemeClr val="bg2"/></a:solidFill><a:round/><a:headEnd/><a:tailEnd/></a:ln></p:spPr></p:cxnSp></p:grpSp><p:sp><p:nvSpPr><p:cNvPr id="8" name="Text Box 9"/><p:cNvSpPr txBox="1"><a:spLocks noChangeArrowheads="1"/></p:cNvSpPr><p:nvPr/></p:nvSpPr><p:spPr bwMode="auto"><a:xfrm><a:off x="8094675" y="438150"/><a:ext cx="1373187" cy="153988"/></a:xfrm><a:prstGeom prst="rect"><a:avLst/></a:prstGeom><a:noFill/><a:ln w="9525"><a:noFill/><a:miter lim="800000"/><a:headEnd/><a:tailEnd/></a:ln></p:spPr><p:txBody><a:bodyPr lIns="0" tIns="0" rIns="0" bIns="0"><a:spAutoFit/></a:bodyPr><a:lstStyle/><a:p><a:pPr><a:spcBef><a:spcPts val="0"/></a:spcBef><a:defRPr/></a:pPr><a:r><a:rPr lang="en-US" sz="1000" dirty="0"><a:solidFill><a:srgbClr val="00AEEF"/></a:solidFill><a:latin typeface="Expert Sans Regular"/></a:rPr><a:t>Signposting</a:t></a:r></a:p></p:txBody></p:sp><p:sp><p:nvSpPr><p:cNvPr id="71683" name="Rectangle 2"/><p:cNvSpPr><a:spLocks noGrp="1" noChangeArrowheads="1"/></p:cNvSpPr><p:nvPr><p:ph type="ctrTitle"/></p:nvPr></p:nvSpPr><p:spPr><a:xfrm><a:off x="2195513" y="2708932"/><a:ext cx="5716588" cy="492443"/></a:xfrm></p:spPr><p:txBody><a:bodyPr/><a:lstStyle><a:lvl1pPr><a:defRPr sz="3200" b="1" smtClean="0"/></a:lvl1pPr></a:lstStyle><a:p><a:r><a:rPr lang="en-GB" smtClean="0"/><a:t>Click to edit Master title style</a:t></a:r></a:p></p:txBody></p:sp><p:sp><p:nvSpPr><p:cNvPr id="71684" name="Rectangle 3"/><p:cNvSpPr><a:spLocks noGrp="1" noChangeArrowheads="1"/></p:cNvSpPr><p:nvPr><p:ph type="subTitle" idx="1"/></p:nvPr></p:nvSpPr><p:spPr><a:xfrm><a:off x="2195520" y="3179763"/><a:ext cx="5705475" cy="215444"/></a:xfrm></p:spPr><p:txBody><a:bodyPr/><a:lstStyle><a:lvl1pPr><a:defRPr smtClean="0"><a:solidFill><a:schemeClr val="bg2"/></a:solidFill></a:defRPr></a:lvl1pPr></a:lstStyle><a:p><a:r><a:rPr lang="en-GB" smtClean="0"/><a:t>Click to edit Master subtitle style</a:t></a:r></a:p></p:txBody></p:sp></p:spTree><p:extLst><p:ext uri="{BB962C8B-B14F-4D97-AF65-F5344CB8AC3E}"><p14:creationId xmlns="" xmlns:p14="http://schemas.microsoft.com/office/powerpoint/2010/main" val="795338394"/></p:ext></p:extLst></p:cSld><p:clrMapOvr><a:masterClrMapping/></p:clrMapOvr><p:timing><p:tnLst><p:par><p:cTn id="1" dur="indefinite" restart="never" nodeType="tmRoot"/></p:par></p:tnLst></p:timing></p:sldLayout>