<?xml version="1.0" encoding="UTF-8" standalone="yes"?>
<p:sldLayout xmlns:a="http://schemas.openxmlformats.org/drawingml/2006/main" xmlns:r="http://schemas.openxmlformats.org/officeDocument/2006/relationships" xmlns:p="http://schemas.openxmlformats.org/presentationml/2006/main" type="twoObj" preserve="1"><p:cSld name="Two Content"><p:spTree><p:nvGrpSpPr><p:cNvPr id="1" name=""/><p:cNvGrpSpPr/><p:nvPr/></p:nvGrpSpPr><p:grpSpPr><a:xfrm><a:off x="0" y="0"/><a:ext cx="0" cy="0"/><a:chOff x="0" y="0"/><a:chExt cx="0" cy="0"/></a:xfrm></p:grpSpPr><p:sp><p:nvSpPr><p:cNvPr id="2" name="Title 1"/><p:cNvSpPr><a:spLocks noGrp="1"/></p:cNvSpPr><p:nvPr><p:ph type="title"/></p:nvPr></p:nvSpPr><p:spPr/><p:txBody><a:bodyPr/><a:lstStyle/><a:p><a:r><a:rPr lang="en-US" dirty="0" smtClean="0"/><a:t>Click to edit Master title style</a:t></a:r><a:endParaRPr lang="en-US" dirty="0"/></a:p></p:txBody></p:sp><p:sp><p:nvSpPr><p:cNvPr id="3" name="Content Placeholder 2"/><p:cNvSpPr><a:spLocks noGrp="1"/></p:cNvSpPr><p:nvPr><p:ph sz="half" idx="1"/></p:nvPr></p:nvSpPr><p:spPr><a:xfrm><a:off x="751549" y="1104444"/><a:ext cx="4079346" cy="2230329"/></a:xfrm></p:spPr><p:txBody><a:bodyPr/><a:lstStyle><a:lvl1pPr><a:buFont typeface="Arial" pitchFamily="34" charset="0"/><a:buNone/><a:defRPr sz="2000"/></a:lvl1pPr><a:lvl2pPr marL="0" indent="0"><a:buNone/><a:defRPr sz="2000"/></a:lvl2pPr><a:lvl3pPr marL="234950" indent="0"><a:buNone/><a:defRPr sz="2000"/></a:lvl3pPr><a:lvl4pPr marL="568325" indent="0"><a:buNone/><a:defRPr sz="2000"/></a:lvl4pPr><a:lvl5pPr marL="858838" indent="0"><a:buNone/><a:defRPr sz="2000"/></a:lvl5pPr><a:lvl6pPr><a:defRPr sz="1800"/></a:lvl6pPr><a:lvl7pPr><a:defRPr sz="1800"/></a:lvl7pPr><a:lvl8pPr><a:defRPr sz="1800"/></a:lvl8pPr><a:lvl9pPr><a:defRPr sz="1800"/></a:lvl9pPr></a:lstStyle><a:p><a:pPr lvl="0"/><a:r><a:rPr lang="en-US" dirty="0" smtClean="0"/><a:t>Click to edit Master text styles</a:t></a:r></a:p><a:p><a:pPr lvl="1"/><a:r><a:rPr lang="en-US" dirty="0" smtClean="0"/><a:t>Second level</a:t></a:r></a:p><a:p><a:pPr lvl="2"/><a:r><a:rPr lang="en-US" dirty="0" smtClean="0"/><a:t>Third level</a:t></a:r></a:p><a:p><a:pPr lvl="3"/><a:r><a:rPr lang="en-US" dirty="0" smtClean="0"/><a:t>Fourth level</a:t></a:r></a:p><a:p><a:pPr lvl="4"/><a:r><a:rPr lang="en-US" dirty="0" smtClean="0"/><a:t>Fifth level</a:t></a:r><a:endParaRPr lang="en-US" dirty="0"/></a:p></p:txBody></p:sp><p:sp><p:nvSpPr><p:cNvPr id="4" name="Content Placeholder 3"/><p:cNvSpPr><a:spLocks noGrp="1"/></p:cNvSpPr><p:nvPr><p:ph sz="half" idx="2"/></p:nvPr></p:nvSpPr><p:spPr><a:xfrm><a:off x="5169708" y="1104444"/><a:ext cx="4079345" cy="2230329"/></a:xfrm></p:spPr><p:txBody><a:bodyPr/><a:lstStyle><a:lvl1pPr><a:buFont typeface="Arial" pitchFamily="34" charset="0"/><a:buNone/><a:defRPr sz="2000"/></a:lvl1pPr><a:lvl2pPr marL="0" indent="0"><a:buNone/><a:defRPr sz="2000"/></a:lvl2pPr><a:lvl3pPr marL="234950" indent="0"><a:buNone/><a:defRPr sz="2000"/></a:lvl3pPr><a:lvl4pPr marL="568325" indent="0"><a:buNone/><a:defRPr sz="2000"/></a:lvl4pPr><a:lvl5pPr marL="858838" indent="0"><a:buNone/><a:defRPr sz="2000"/></a:lvl5pPr><a:lvl6pPr><a:defRPr sz="1800"/></a:lvl6pPr><a:lvl7pPr><a:defRPr sz="1800"/></a:lvl7pPr><a:lvl8pPr><a:defRPr sz="1800"/></a:lvl8pPr><a:lvl9pPr><a:defRPr sz="1800"/></a:lvl9pPr></a:lstStyle><a:p><a:pPr lvl="0"/><a:r><a:rPr lang="en-US" dirty="0" smtClean="0"/><a:t>Click to edit Master text styles</a:t></a:r></a:p><a:p><a:pPr lvl="1"/><a:r><a:rPr lang="en-US" dirty="0" smtClean="0"/><a:t>Second level</a:t></a:r></a:p><a:p><a:pPr lvl="2"/><a:r><a:rPr lang="en-US" dirty="0" smtClean="0"/><a:t>Third level</a:t></a:r></a:p><a:p><a:pPr lvl="3"/><a:r><a:rPr lang="en-US" dirty="0" smtClean="0"/><a:t>Fourth level</a:t></a:r></a:p><a:p><a:pPr lvl="4"/><a:r><a:rPr lang="en-US" dirty="0" smtClean="0"/><a:t>Fifth level</a:t></a:r><a:endParaRPr lang="en-US" dirty="0"/></a:p></p:txBody></p:sp><p:sp><p:nvSpPr><p:cNvPr id="5" name="Footer Placeholder 10"/><p:cNvSpPr><a:spLocks noGrp="1"/></p:cNvSpPr><p:nvPr><p:ph type="ftr" sz="quarter" idx="10"/></p:nvPr></p:nvSpPr><p:spPr><a:ln/></p:spPr><p:txBody><a:bodyPr/><a:lstStyle><a:lvl1pPr><a:defRPr/></a:lvl1pPr></a:lstStyle><a:p><a:pPr><a:defRPr/></a:pPr><a:r><a:rPr smtClean="0"><a:solidFill><a:srgbClr val="000000"/></a:solidFill></a:rPr><a:t>|   Compliance Report |  10 September 2015</a:t></a:r><a:endParaRPr dirty="0"><a:solidFill><a:srgbClr val="000000"/></a:solidFill></a:endParaRPr></a:p></p:txBody></p:sp></p:spTree><p:extLst><p:ext uri="{BB962C8B-B14F-4D97-AF65-F5344CB8AC3E}"><p14:creationId xmlns="" xmlns:p14="http://schemas.microsoft.com/office/powerpoint/2010/main" val="980482562"/></p:ext></p:extLst></p:cSld><p:clrMapOvr><a:masterClrMapping/></p:clrMapOvr></p:sldLayout>