<?xml version="1.0" encoding="UTF-8" standalone="yes"?>
<p:sldLayout xmlns:a="http://schemas.openxmlformats.org/drawingml/2006/main" xmlns:r="http://schemas.openxmlformats.org/officeDocument/2006/relationships" xmlns:p="http://schemas.openxmlformats.org/presentationml/2006/main" showMasterSp="0" type="title" preserve="1"><p:cSld name="Title Slide"><p:spTree><p:nvGrpSpPr><p:cNvPr id="1" name=""/><p:cNvGrpSpPr/><p:nvPr/></p:nvGrpSpPr><p:grpSpPr><a:xfrm><a:off x="0" y="0"/><a:ext cx="0" cy="0"/><a:chOff x="0" y="0"/><a:chExt cx="0" cy="0"/></a:xfrm></p:grpSpPr><p:sp><p:nvSpPr><p:cNvPr id="4" name="Rectangle 3"/><p:cNvSpPr/><p:nvPr userDrawn="1"/></p:nvSpPr><p:spPr><a:xfrm><a:off x="2043113" y="1579567"/><a:ext cx="5854700" cy="2363787"/></a:xfrm><a:prstGeom prst="rect"><a:avLst/></a:prstGeom></p:spPr><p:style><a:lnRef idx="2"><a:schemeClr val="accent1"><a:shade val="50000"/></a:schemeClr></a:lnRef><a:fillRef idx="1"><a:schemeClr val="accent1"/></a:fillRef><a:effectRef idx="0"><a:schemeClr val="accent1"/></a:effectRef><a:fontRef idx="minor"><a:schemeClr val="lt1"/></a:fontRef></p:style><p:txBody><a:bodyPr anchor="ctr"/><a:lstStyle/><a:p><a:pPr algn="ctr"><a:defRPr/></a:pPr><a:endParaRPr lang="en-ZA" dirty="0"/></a:p></p:txBody></p:sp><p:pic><p:nvPicPr><p:cNvPr id="5" name="Picture 7" descr="Bar_06_COL_POS [Converted].png"/><p:cNvPicPr><a:picLocks noChangeAspect="1"/></p:cNvPicPr><p:nvPr/></p:nvPicPr><p:blipFill><a:blip r:embed="rId2" cstate="print"/><a:srcRect/><a:stretch><a:fillRect/></a:stretch></p:blipFill><p:spPr bwMode="auto"><a:xfrm><a:off x="8088325" y="2660650"/><a:ext cx="1317625" cy="223838"/></a:xfrm><a:prstGeom prst="rect"><a:avLst/></a:prstGeom><a:noFill/><a:ln w="9525"><a:noFill/><a:miter lim="800000"/><a:headEnd/><a:tailEnd/></a:ln></p:spPr></p:pic><p:cxnSp><p:nvCxnSpPr><p:cNvPr id="6" name="Straight Connector 11"/><p:cNvCxnSpPr><a:cxnSpLocks noChangeShapeType="1"/></p:cNvCxnSpPr><p:nvPr/></p:nvCxnSpPr><p:spPr bwMode="auto"><a:xfrm><a:off x="2006612" y="1460501"/><a:ext cx="23813" cy="2565400"/></a:xfrm><a:prstGeom prst="line"><a:avLst/></a:prstGeom><a:noFill/><a:ln w="63500" cap="rnd" algn="ctr"><a:solidFill><a:schemeClr val="bg2"/></a:solidFill><a:round/><a:headEnd/><a:tailEnd/></a:ln></p:spPr></p:cxnSp><p:cxnSp><p:nvCxnSpPr><p:cNvPr id="7" name="Straight Connector 11"/><p:cNvCxnSpPr><a:cxnSpLocks noChangeShapeType="1"/></p:cNvCxnSpPr><p:nvPr userDrawn="1"/></p:nvCxnSpPr><p:spPr bwMode="auto"><a:xfrm><a:off x="7870836" y="1458914"/><a:ext cx="23813" cy="2565400"/></a:xfrm><a:prstGeom prst="line"><a:avLst/></a:prstGeom><a:noFill/><a:ln w="63500" cap="rnd" algn="ctr"><a:solidFill><a:schemeClr val="bg2"/></a:solidFill><a:round/><a:headEnd/><a:tailEnd/></a:ln></p:spPr></p:cxnSp><p:sp><p:nvSpPr><p:cNvPr id="8" name="TextBox 7"/><p:cNvSpPr txBox="1"/><p:nvPr userDrawn="1"/></p:nvSpPr><p:spPr><a:xfrm><a:off x="2968631" y="2470169"/><a:ext cx="3776663" cy="669099"/></a:xfrm><a:prstGeom prst="rect"><a:avLst/></a:prstGeom><a:noFill/></p:spPr><p:txBody><a:bodyPr><a:spAutoFit/></a:bodyPr><a:lstStyle/><a:p><a:pPr><a:defRPr/></a:pPr><a:r><a:rPr lang="en-ZA" dirty="0"/><a:t>Image here</a:t></a:r></a:p></p:txBody></p:sp><p:sp><p:nvSpPr><p:cNvPr id="141315" name="Rectangle 2"/><p:cNvSpPr><a:spLocks noGrp="1" noChangeArrowheads="1"/></p:cNvSpPr><p:nvPr><p:ph type="ctrTitle"/></p:nvPr></p:nvSpPr><p:spPr><a:xfrm><a:off x="2157415" y="4719538"/><a:ext cx="5716588" cy="509790"/></a:xfrm></p:spPr><p:txBody><a:bodyPr/><a:lstStyle><a:lvl1pPr><a:defRPr sz="3200" b="1"/></a:lvl1pPr></a:lstStyle><a:p><a:r><a:rPr lang="en-GB"/><a:t>Click to edit Master title style</a:t></a:r></a:p></p:txBody></p:sp><p:sp><p:nvSpPr><p:cNvPr id="141316" name="Rectangle 3"/><p:cNvSpPr><a:spLocks noGrp="1" noChangeArrowheads="1"/></p:cNvSpPr><p:nvPr><p:ph type="subTitle" idx="1"/></p:nvPr></p:nvSpPr><p:spPr><a:xfrm><a:off x="2157417" y="5313382"/><a:ext cx="5705475" cy="318619"/></a:xfrm></p:spPr><p:txBody><a:bodyPr/><a:lstStyle><a:lvl1pPr><a:defRPr><a:solidFill><a:schemeClr val="bg2"/></a:solidFill></a:defRPr></a:lvl1pPr></a:lstStyle><a:p><a:r><a:rPr lang="en-GB"/><a:t>Click to edit Master subtitle style</a:t></a:r></a:p></p:txBody></p:sp></p:spTree></p:cSld><p:clrMapOvr><a:masterClrMapping/></p:clrMapOvr></p:sldLayout>