<?xml version="1.0" encoding="UTF-8" standalone="yes"?>
<p:sldLayout xmlns:a="http://schemas.openxmlformats.org/drawingml/2006/main" xmlns:r="http://schemas.openxmlformats.org/officeDocument/2006/relationships" xmlns:p="http://schemas.openxmlformats.org/presentationml/2006/main"><p:cSld name="1_Left text_Chart"><p:spTree><p:nvGrpSpPr><p:cNvPr id="1" name=""/><p:cNvGrpSpPr/><p:nvPr/></p:nvGrpSpPr><p:grpSpPr><a:xfrm><a:off x="0" y="0"/><a:ext cx="0" cy="0"/><a:chOff x="0" y="0"/><a:chExt cx="0" cy="0"/></a:xfrm></p:grpSpPr><p:sp><p:nvSpPr><p:cNvPr id="2" name="Title 1"/><p:cNvSpPr><a:spLocks noGrp="1"/></p:cNvSpPr><p:nvPr><p:ph type="title"/></p:nvPr></p:nvSpPr><p:spPr/><p:txBody><a:bodyPr/><a:lstStyle/><a:p><a:r><a:rPr lang="en-US" smtClean="0"/><a:t>Click to edit Master title style</a:t></a:r><a:endParaRPr lang="en-US"/></a:p></p:txBody></p:sp><p:sp><p:nvSpPr><p:cNvPr id="3" name="Content Placeholder 2"/><p:cNvSpPr><a:spLocks noGrp="1"/></p:cNvSpPr><p:nvPr><p:ph sz="half" idx="1"/></p:nvPr></p:nvSpPr><p:spPr><a:xfrm><a:off x="752022" y="1106146"/><a:ext cx="4253045" cy="1538883"/></a:xfrm><a:noFill/><a:ln w="9525" algn="ctr"><a:noFill/><a:miter lim="800000"/><a:headEnd/><a:tailEnd/></a:ln></p:spPr><p:txBody><a:bodyPr/><a:lstStyle><a:lvl1pPr algn="l" rtl="0" eaLnBrk="1" fontAlgn="base" hangingPunct="1"><a:lnSpc><a:spcPct val="100000"/></a:lnSpc><a:spcBef><a:spcPts val="900"/></a:spcBef><a:spcAft><a:spcPct val="0"/></a:spcAft><a:defRPr lang="en-US" sz="1400" dirty="0" smtClean="0"><a:solidFill><a:schemeClr val="tx1"/></a:solidFill><a:latin typeface="+mn-lt"/><a:ea typeface="+mn-ea"/><a:cs typeface="+mn-cs"/></a:defRPr></a:lvl1pPr><a:lvl2pPr marL="175993" indent="-175993" algn="l" rtl="0" eaLnBrk="1" fontAlgn="base" hangingPunct="1"><a:lnSpc><a:spcPct val="100000"/></a:lnSpc><a:spcBef><a:spcPts val="900"/></a:spcBef><a:spcAft><a:spcPct val="0"/></a:spcAft><a:buClr><a:schemeClr val="tx1"/></a:buClr><a:buFont typeface="Wingdings" pitchFamily="2" charset="2"/><a:buChar char=""/><a:defRPr lang="en-US" sz="1400" dirty="0" smtClean="0"><a:solidFill><a:schemeClr val="tx1"/></a:solidFill><a:latin typeface="+mn-lt"/><a:ea typeface="+mn-ea"/><a:cs typeface="+mn-cs"/></a:defRPr></a:lvl2pPr><a:lvl3pPr marL="404307" indent="-228314" algn="l" rtl="0" eaLnBrk="1" fontAlgn="base" hangingPunct="1"><a:lnSpc><a:spcPct val="100000"/></a:lnSpc><a:spcBef><a:spcPts val="900"/></a:spcBef><a:spcAft><a:spcPct val="0"/></a:spcAft><a:defRPr lang="en-US" sz="1400" dirty="0" smtClean="0"><a:solidFill><a:schemeClr val="tx1"/></a:solidFill><a:latin typeface="+mn-lt"/><a:ea typeface="+mn-ea"/><a:cs typeface="+mn-cs"/></a:defRPr></a:lvl3pPr><a:lvl4pPr marL="570785" indent="-166479" algn="l" rtl="0" eaLnBrk="1" fontAlgn="base" hangingPunct="1"><a:lnSpc><a:spcPct val="100000"/></a:lnSpc><a:spcBef><a:spcPts val="900"/></a:spcBef><a:spcAft><a:spcPct val="0"/></a:spcAft><a:defRPr lang="en-US" sz="1400" dirty="0" smtClean="0"><a:solidFill><a:schemeClr val="tx1"/></a:solidFill><a:latin typeface="+mn-lt"/><a:ea typeface="+mn-ea"/><a:cs typeface="+mn-cs"/></a:defRPr></a:lvl4pPr><a:lvl5pPr marL="746778" indent="-175993" algn="l" rtl="0" eaLnBrk="1" fontAlgn="base" hangingPunct="1"><a:lnSpc><a:spcPct val="100000"/></a:lnSpc><a:spcBef><a:spcPts val="900"/></a:spcBef><a:spcAft><a:spcPct val="0"/></a:spcAft><a:defRPr lang="en-US" sz="1400" dirty="0"><a:solidFill><a:schemeClr val="tx1"/></a:solidFill><a:latin typeface="+mn-lt"/><a:ea typeface="+mn-ea"/><a:cs typeface="+mn-cs"/></a:defRPr></a:lvl5pPr><a:lvl6pPr><a:defRPr sz="1800"/></a:lvl6pPr><a:lvl7pPr><a:defRPr sz="1800"/></a:lvl7pPr><a:lvl8pPr><a:defRPr sz="1800"/></a:lvl8pPr><a:lvl9pPr><a:defRPr sz="1800"/></a:lvl9pPr></a:lstStyle><a:p><a:pPr lvl="0"/><a:r><a:rPr lang="en-US" smtClean="0"/><a:t>Click to edit Master text styles</a:t></a:r></a:p><a:p><a:pPr lvl="1"/><a:r><a:rPr lang="en-US" smtClean="0"/><a:t>Second level</a:t></a:r></a:p><a:p><a:pPr lvl="2"/><a:r><a:rPr lang="en-US" smtClean="0"/><a:t>Third level</a:t></a:r></a:p><a:p><a:pPr lvl="3"/><a:r><a:rPr lang="en-US" smtClean="0"/><a:t>Fourth level</a:t></a:r></a:p><a:p><a:pPr lvl="4"/><a:r><a:rPr lang="en-US" smtClean="0"/><a:t>Fifth level</a:t></a:r><a:endParaRPr lang="en-US" dirty="0"/></a:p></p:txBody></p:sp><p:sp><p:nvSpPr><p:cNvPr id="4" name="Footer Placeholder 10"/><p:cNvSpPr><a:spLocks noGrp="1"/></p:cNvSpPr><p:nvPr><p:ph type="ftr" sz="quarter" idx="10"/></p:nvPr></p:nvSpPr><p:spPr><a:xfrm><a:off x="741363" y="6224100"/><a:ext cx="3136900" cy="230705"/></a:xfrm><a:prstGeom prst="rect"><a:avLst/></a:prstGeom><a:ln/></p:spPr><p:txBody><a:bodyPr lIns="91326" tIns="45657" rIns="91326" bIns="45657"/><a:lstStyle><a:lvl1pPr><a:defRPr/></a:lvl1pPr></a:lstStyle><a:p><a:endParaRPr lang="en-ZA" dirty="0"><a:solidFill><a:srgbClr val="000000"/></a:solidFill></a:endParaRPr></a:p></p:txBody></p:sp></p:spTree><p:extLst><p:ext uri="{BB962C8B-B14F-4D97-AF65-F5344CB8AC3E}"><p14:creationId xmlns="" xmlns:p14="http://schemas.microsoft.com/office/powerpoint/2010/main" val="1711513935"/></p:ext></p:extLst></p:cSld><p:clrMapOvr><a:masterClrMapping/></p:clrMapOvr></p:sldLayout>