<?xml version="1.0" encoding="UTF-8" standalone="yes"?>
<p:sldLayout xmlns:a="http://schemas.openxmlformats.org/drawingml/2006/main" xmlns:r="http://schemas.openxmlformats.org/officeDocument/2006/relationships" xmlns:p="http://schemas.openxmlformats.org/presentationml/2006/main" type="secHead" preserve="1"><p:cSld name="Section Header"><p:spTree><p:nvGrpSpPr><p:cNvPr id="1" name=""/><p:cNvGrpSpPr/><p:nvPr/></p:nvGrpSpPr><p:grpSpPr><a:xfrm><a:off x="0" y="0"/><a:ext cx="0" cy="0"/><a:chOff x="0" y="0"/><a:chExt cx="0" cy="0"/></a:xfrm></p:grpSpPr><p:sp><p:nvSpPr><p:cNvPr id="2" name="Title 1"/><p:cNvSpPr><a:spLocks noGrp="1"/></p:cNvSpPr><p:nvPr><p:ph type="title"/></p:nvPr></p:nvSpPr><p:spPr><a:xfrm><a:off x="782638" y="4406910"/><a:ext cx="8420100" cy="615553"/></a:xfrm></p:spPr><p:txBody><a:bodyPr anchor="t"/><a:lstStyle><a:lvl1pPr algn="l"><a:defRPr sz="4000" b="1" cap="all"/></a:lvl1pPr></a:lstStyle><a:p><a:r><a:rPr lang="en-US" smtClean="0"/><a:t>Click to edit Master title style</a:t></a:r><a:endParaRPr lang="en-ZA"/></a:p></p:txBody></p:sp><p:sp><p:nvSpPr><p:cNvPr id="3" name="Text Placeholder 2"/><p:cNvSpPr><a:spLocks noGrp="1"/></p:cNvSpPr><p:nvPr><p:ph type="body" idx="1"/></p:nvPr></p:nvSpPr><p:spPr><a:xfrm><a:off x="782638" y="4088284"/><a:ext cx="8420100" cy="318619"/></a:xfrm></p:spPr><p:txBody><a:bodyPr anchor="b"/><a:lstStyle><a:lvl1pPr marL="0" indent="0"><a:buNone/><a:defRPr sz="2000"/></a:lvl1pPr><a:lvl2pPr marL="457200" indent="0"><a:buNone/><a:defRPr sz="1800"/></a:lvl2pPr><a:lvl3pPr marL="914400" indent="0"><a:buNone/><a:defRPr sz="1600"/></a:lvl3pPr><a:lvl4pPr marL="1371600" indent="0"><a:buNone/><a:defRPr sz="1400"/></a:lvl4pPr><a:lvl5pPr marL="1828800" indent="0"><a:buNone/><a:defRPr sz="1400"/></a:lvl5pPr><a:lvl6pPr marL="2286000" indent="0"><a:buNone/><a:defRPr sz="1400"/></a:lvl6pPr><a:lvl7pPr marL="2743200" indent="0"><a:buNone/><a:defRPr sz="1400"/></a:lvl7pPr><a:lvl8pPr marL="3200400" indent="0"><a:buNone/><a:defRPr sz="1400"/></a:lvl8pPr><a:lvl9pPr marL="3657600" indent="0"><a:buNone/><a:defRPr sz="1400"/></a:lvl9pPr></a:lstStyle><a:p><a:pPr lvl="0"/><a:r><a:rPr lang="en-US" smtClean="0"/><a:t>Click to edit Master text styles</a:t></a:r></a:p></p:txBody></p:sp><p:sp><p:nvSpPr><p:cNvPr id="4" name="Footer Placeholder 3"/><p:cNvSpPr><a:spLocks noGrp="1"/></p:cNvSpPr><p:nvPr><p:ph type="ftr" sz="quarter" idx="10"/></p:nvPr></p:nvSpPr><p:spPr/><p:txBody><a:bodyPr/><a:lstStyle><a:lvl1pPr><a:defRPr/></a:lvl1pPr></a:lstStyle><a:p><a:pPr><a:defRPr/></a:pPr><a:r><a:rPr dirty="0" smtClean="0"><a:solidFill><a:srgbClr val="000000"/></a:solidFill></a:rPr><a:t>|  Compliance Report | 05 May 2015</a:t></a:r><a:endParaRPr dirty="0"><a:solidFill><a:srgbClr val="000000"/></a:solidFill></a:endParaRPr></a:p></p:txBody></p:sp></p:spTree><p:extLst><p:ext uri="{BB962C8B-B14F-4D97-AF65-F5344CB8AC3E}"><p14:creationId xmlns="" xmlns:p14="http://schemas.microsoft.com/office/powerpoint/2010/main" val="2375023897"/></p:ext></p:extLst></p:cSld><p:clrMapOvr><a:masterClrMapping/></p:clrMapOvr></p:sldLayout>