<?xml version="1.0" encoding="UTF-8" standalone="yes"?>
<p:sldLayout xmlns:a="http://schemas.openxmlformats.org/drawingml/2006/main" xmlns:r="http://schemas.openxmlformats.org/officeDocument/2006/relationships" xmlns:p="http://schemas.openxmlformats.org/presentationml/2006/main" type="blank"><p:cSld name="Blank"><p:spTree><p:nvGrpSpPr><p:cNvPr id="1" name=""/><p:cNvGrpSpPr/><p:nvPr/></p:nvGrpSpPr><p:grpSpPr><a:xfrm><a:off x="0" y="0"/><a:ext cx="0" cy="0"/><a:chOff x="0" y="0"/><a:chExt cx="0" cy="0"/></a:xfrm></p:grpSpPr><p:sp><p:nvSpPr><p:cNvPr id="2" name="Footer Placeholder 10"/><p:cNvSpPr><a:spLocks noGrp="1"/></p:cNvSpPr><p:nvPr><p:ph type="ftr" sz="quarter" idx="10"/></p:nvPr></p:nvSpPr><p:spPr><a:xfrm><a:off x="741363" y="6316663"/><a:ext cx="3136900" cy="138112"/></a:xfrm></p:spPr><p:txBody><a:bodyPr/><a:lstStyle><a:lvl1pPr algn="l" rtl="0" fontAlgn="base"><a:spcBef><a:spcPct val="50000"/></a:spcBef><a:spcAft><a:spcPct val="0"/></a:spcAft><a:defRPr lang="en-US" sz="900" b="1" kern="1200"><a:solidFill><a:schemeClr val="tx1"/></a:solidFill><a:latin typeface="+mn-lt"/><a:ea typeface="+mn-ea"/><a:cs typeface="+mn-cs"/></a:defRPr></a:lvl1pPr></a:lstStyle><a:p><a:pPr><a:defRPr/></a:pPr><a:r><a:rPr smtClean="0"><a:solidFill><a:srgbClr val="000000"/></a:solidFill></a:rPr><a:t>|   SARB Prudential Meeting with BAGL CEO  |  April 2015</a:t></a:r><a:endParaRPr><a:solidFill><a:srgbClr val="000000"/></a:solidFill></a:endParaRPr></a:p></p:txBody></p:sp></p:spTree><p:extLst><p:ext uri="{BB962C8B-B14F-4D97-AF65-F5344CB8AC3E}"><p14:creationId xmlns="" xmlns:p14="http://schemas.microsoft.com/office/powerpoint/2010/main" val="3256630658"/></p:ext></p:extLst></p:cSld><p:clrMapOvr><a:masterClrMapping/></p:clrMapOvr><p:timing><p:tnLst><p:par><p:cTn id="1" dur="indefinite" restart="never" nodeType="tmRoot"/></p:par></p:tnLst></p:timing></p:sldLayout>