<?xml version="1.0" encoding="UTF-8" standalone="yes"?>
<p:sldLayout xmlns:a="http://schemas.openxmlformats.org/drawingml/2006/main" xmlns:r="http://schemas.openxmlformats.org/officeDocument/2006/relationships" xmlns:p="http://schemas.openxmlformats.org/presentationml/2006/main" showMasterSp="0" type="title" preserve="1"><p:cSld name="Title Slide"><p:spTree><p:nvGrpSpPr><p:cNvPr id="1" name=""/><p:cNvGrpSpPr/><p:nvPr/></p:nvGrpSpPr><p:grpSpPr><a:xfrm><a:off x="0" y="0"/><a:ext cx="0" cy="0"/><a:chOff x="0" y="0"/><a:chExt cx="0" cy="0"/></a:xfrm></p:grpSpPr><p:pic><p:nvPicPr><p:cNvPr id="4" name="Picture 7" descr="Bar_06_COL_POS [Converted].png"/><p:cNvPicPr><a:picLocks noChangeAspect="1"/></p:cNvPicPr><p:nvPr/></p:nvPicPr><p:blipFill><a:blip r:embed="rId2" cstate="print"/><a:srcRect/><a:stretch><a:fillRect/></a:stretch></p:blipFill><p:spPr bwMode="auto"><a:xfrm><a:off x="8107375" y="6410343"/><a:ext cx="1298575" cy="220663"/></a:xfrm><a:prstGeom prst="rect"><a:avLst/></a:prstGeom><a:noFill/><a:ln w="9525"><a:noFill/><a:miter lim="800000"/><a:headEnd/><a:tailEnd/></a:ln></p:spPr></p:pic><p:pic><p:nvPicPr><p:cNvPr id="5" name="Picture 7" descr="Bar_06_COL_POS [Converted].png"/><p:cNvPicPr><a:picLocks noChangeAspect="1"/></p:cNvPicPr><p:nvPr/></p:nvPicPr><p:blipFill><a:blip r:embed="rId2" cstate="print"/><a:srcRect/><a:stretch><a:fillRect/></a:stretch></p:blipFill><p:spPr bwMode="auto"><a:xfrm><a:off x="8107375" y="6410343"/><a:ext cx="1298575" cy="220663"/></a:xfrm><a:prstGeom prst="rect"><a:avLst/></a:prstGeom><a:noFill/><a:ln w="9525"><a:noFill/><a:miter lim="800000"/><a:headEnd/><a:tailEnd/></a:ln></p:spPr></p:pic><p:sp><p:nvSpPr><p:cNvPr id="6" name="Line 32"/><p:cNvSpPr><a:spLocks noChangeShapeType="1"/></p:cNvSpPr><p:nvPr/></p:nvSpPr><p:spPr bwMode="auto"><a:xfrm><a:off x="735025" y="6224588"/><a:ext cx="8670925" cy="0"/></a:xfrm><a:prstGeom prst="line"><a:avLst/></a:prstGeom><a:noFill/><a:ln w="12700"><a:solidFill><a:schemeClr val="bg2"/></a:solidFill><a:round/><a:headEnd/><a:tailEnd/></a:ln><a:effectLst/></p:spPr><p:txBody><a:bodyPr lIns="0" tIns="0" rIns="0" bIns="0" anchor="ctr"><a:spAutoFit/></a:bodyPr><a:lstStyle/><a:p><a:pPr><a:defRPr/></a:pPr><a:endParaRPr lang="en-US" dirty="0"><a:latin typeface="+mn-lt"/><a:cs typeface="+mn-cs"/></a:endParaRPr></a:p></p:txBody></p:sp><p:sp><p:nvSpPr><p:cNvPr id="156674" name="Rectangle 2"/><p:cNvSpPr><a:spLocks noGrp="1" noChangeArrowheads="1"/></p:cNvSpPr><p:nvPr><p:ph type="ctrTitle"/></p:nvPr></p:nvSpPr><p:spPr><a:xfrm><a:off x="735015" y="2715374"/><a:ext cx="5716588" cy="477928"/></a:xfrm></p:spPr><p:txBody><a:bodyPr/><a:lstStyle><a:lvl1pPr><a:defRPr/></a:lvl1pPr></a:lstStyle><a:p><a:r><a:rPr lang="en-GB"/><a:t>Click to edit Master title style</a:t></a:r></a:p></p:txBody></p:sp><p:sp><p:nvSpPr><p:cNvPr id="156675" name="Rectangle 3"/><p:cNvSpPr><a:spLocks noGrp="1" noChangeArrowheads="1"/></p:cNvSpPr><p:nvPr><p:ph type="subTitle" idx="1"/></p:nvPr></p:nvSpPr><p:spPr><a:xfrm><a:off x="735022" y="3294066"/><a:ext cx="5705475" cy="318619"/></a:xfrm></p:spPr><p:txBody><a:bodyPr/><a:lstStyle><a:lvl1pPr><a:defRPr><a:solidFill><a:schemeClr val="bg2"/></a:solidFill></a:defRPr></a:lvl1pPr></a:lstStyle><a:p><a:r><a:rPr lang="en-GB"/><a:t>Click to edit Master subtitle style</a:t></a:r></a:p></p:txBody></p:sp><p:sp><p:nvSpPr><p:cNvPr id="7" name="Footer Placeholder 10"/><p:cNvSpPr><a:spLocks noGrp="1"/></p:cNvSpPr><p:nvPr><p:ph type="ftr" sz="quarter" idx="10"/></p:nvPr></p:nvSpPr><p:spPr/><p:txBody><a:bodyPr/><a:lstStyle><a:lvl1pPr algn="l" rtl="0" fontAlgn="base"><a:spcBef><a:spcPct val="50000"/></a:spcBef><a:spcAft><a:spcPct val="0"/></a:spcAft><a:defRPr lang="en-US" sz="900" kern="1200"><a:solidFill><a:schemeClr val="tx1"/></a:solidFill><a:latin typeface="+mn-lt"/><a:ea typeface="+mn-ea"/><a:cs typeface="+mn-cs"/></a:defRPr></a:lvl1pPr></a:lstStyle><a:p><a:pPr><a:defRPr/></a:pPr><a:r><a:rPr lang="en-US" dirty="0" smtClean="0"/><a:t>|  Compliance Report | 05 May 2015</a:t></a:r><a:endParaRPr dirty="0"/></a:p></p:txBody></p:sp></p:spTree></p:cSld><p:clrMapOvr><a:masterClrMapping/></p:clrMapOvr></p:sldLayout>