<?xml version="1.0" encoding="UTF-8" standalone="yes"?>
<p:sldLayout xmlns:a="http://schemas.openxmlformats.org/drawingml/2006/main" xmlns:r="http://schemas.openxmlformats.org/officeDocument/2006/relationships" xmlns:p="http://schemas.openxmlformats.org/presentationml/2006/main" type="picTx" preserve="1"><p:cSld name="Picture with Caption"><p:spTree><p:nvGrpSpPr><p:cNvPr id="1" name=""/><p:cNvGrpSpPr/><p:nvPr/></p:nvGrpSpPr><p:grpSpPr><a:xfrm><a:off x="0" y="0"/><a:ext cx="0" cy="0"/><a:chOff x="0" y="0"/><a:chExt cx="0" cy="0"/></a:xfrm></p:grpSpPr><p:sp><p:nvSpPr><p:cNvPr id="2" name="Title 1"/><p:cNvSpPr><a:spLocks noGrp="1"/></p:cNvSpPr><p:nvPr><p:ph type="title"/></p:nvPr></p:nvSpPr><p:spPr><a:xfrm><a:off x="1941513" y="5059586"/><a:ext cx="5943600" cy="307777"/></a:xfrm></p:spPr><p:txBody><a:bodyPr anchor="b"/><a:lstStyle><a:lvl1pPr algn="l"><a:defRPr sz="2000" b="1"/></a:lvl1pPr></a:lstStyle><a:p><a:r><a:rPr lang="en-US" smtClean="0"/><a:t>Click to edit Master title style</a:t></a:r><a:endParaRPr lang="en-ZA"/></a:p></p:txBody></p:sp><p:sp><p:nvSpPr><p:cNvPr id="3" name="Picture Placeholder 2"/><p:cNvSpPr><a:spLocks noGrp="1"/></p:cNvSpPr><p:nvPr><p:ph type="pic" idx="1"/></p:nvPr></p:nvSpPr><p:spPr><a:xfrm><a:off x="1941513" y="612783"/><a:ext cx="5943600" cy="492443"/></a:xfrm></p:spPr><p:txBody><a:bodyPr/><a:lstStyle><a:lvl1pPr marL="0" indent="0"><a:buNone/><a:defRPr sz="3200"/></a:lvl1pPr><a:lvl2pPr marL="456766" indent="0"><a:buNone/><a:defRPr sz="2800"/></a:lvl2pPr><a:lvl3pPr marL="913531" indent="0"><a:buNone/><a:defRPr sz="2400"/></a:lvl3pPr><a:lvl4pPr marL="1370298" indent="0"><a:buNone/><a:defRPr sz="2000"/></a:lvl4pPr><a:lvl5pPr marL="1827064" indent="0"><a:buNone/><a:defRPr sz="2000"/></a:lvl5pPr><a:lvl6pPr marL="2283829" indent="0"><a:buNone/><a:defRPr sz="2000"/></a:lvl6pPr><a:lvl7pPr marL="2740595" indent="0"><a:buNone/><a:defRPr sz="2000"/></a:lvl7pPr><a:lvl8pPr marL="3197360" indent="0"><a:buNone/><a:defRPr sz="2000"/></a:lvl8pPr><a:lvl9pPr marL="3654127" indent="0"><a:buNone/><a:defRPr sz="2000"/></a:lvl9pPr></a:lstStyle><a:p><a:pPr lvl="0"/><a:endParaRPr lang="en-ZA" noProof="0" dirty="0" smtClean="0"/></a:p></p:txBody></p:sp><p:sp><p:nvSpPr><p:cNvPr id="4" name="Text Placeholder 3"/><p:cNvSpPr><a:spLocks noGrp="1"/></p:cNvSpPr><p:nvPr><p:ph type="body" sz="half" idx="2"/></p:nvPr></p:nvSpPr><p:spPr><a:xfrm><a:off x="1941513" y="5367338"/><a:ext cx="5943600" cy="215444"/></a:xfrm></p:spPr><p:txBody><a:bodyPr/><a:lstStyle><a:lvl1pPr marL="0" indent="0"><a:buNone/><a:defRPr sz="1400"/></a:lvl1pPr><a:lvl2pPr marL="456766" indent="0"><a:buNone/><a:defRPr sz="1200"/></a:lvl2pPr><a:lvl3pPr marL="913531" indent="0"><a:buNone/><a:defRPr sz="1000"/></a:lvl3pPr><a:lvl4pPr marL="1370298" indent="0"><a:buNone/><a:defRPr sz="900"/></a:lvl4pPr><a:lvl5pPr marL="1827064" indent="0"><a:buNone/><a:defRPr sz="900"/></a:lvl5pPr><a:lvl6pPr marL="2283829" indent="0"><a:buNone/><a:defRPr sz="900"/></a:lvl6pPr><a:lvl7pPr marL="2740595" indent="0"><a:buNone/><a:defRPr sz="900"/></a:lvl7pPr><a:lvl8pPr marL="3197360" indent="0"><a:buNone/><a:defRPr sz="900"/></a:lvl8pPr><a:lvl9pPr marL="3654127" indent="0"><a:buNone/><a:defRPr sz="900"/></a:lvl9pPr></a:lstStyle><a:p><a:pPr lvl="0"/><a:r><a:rPr lang="en-US" smtClean="0"/><a:t>Click to edit Master text styles</a:t></a:r></a:p></p:txBody></p:sp><p:sp><p:nvSpPr><p:cNvPr id="5" name="Footer Placeholder 4"/><p:cNvSpPr><a:spLocks noGrp="1"/></p:cNvSpPr><p:nvPr><p:ph type="ftr" sz="quarter" idx="10"/></p:nvPr></p:nvSpPr><p:spPr/><p:txBody><a:bodyPr/><a:lstStyle><a:lvl1pPr><a:defRPr/></a:lvl1pPr></a:lstStyle><a:p><a:pPr><a:defRPr/></a:pPr><a:fld id="{AE1D07B6-5D96-4C7E-B015-A807913EBAC7}" type="slidenum"><a:rPr smtClean="0"><a:solidFill><a:srgbClr val="000000"/></a:solidFill></a:rPr><a:pPr><a:defRPr/></a:pPr><a:t>‹#›</a:t></a:fld><a:r><a:rPr lang="en-US" dirty="0" smtClean="0"><a:solidFill><a:srgbClr val="000000"/></a:solidFill></a:rPr><a:t> </a:t></a:r><a:r><a:rPr dirty="0" smtClean="0"><a:solidFill><a:srgbClr val="000000"/></a:solidFill></a:rPr><a:t> |</a:t></a:r><a:r><a:rPr lang="en-US" dirty="0" smtClean="0"><a:solidFill><a:srgbClr val="000000"/></a:solidFill></a:rPr><a:t> </a:t></a:r><a:r><a:rPr dirty="0" smtClean="0"><a:solidFill><a:srgbClr val="000000"/></a:solidFill></a:rPr><a:t> </a:t></a:r><a:r><a:rPr dirty="0"><a:solidFill><a:srgbClr val="000000"/></a:solidFill></a:rPr><a:t>Barclays presentation </a:t></a:r><a:r><a:rPr dirty="0" smtClean="0"><a:solidFill><a:srgbClr val="000000"/></a:solidFill></a:rPr><a:t>title</a:t></a:r><a:r><a:rPr lang="en-US" dirty="0" smtClean="0"><a:solidFill><a:srgbClr val="000000"/></a:solidFill></a:rPr><a:t> </a:t></a:r><a:r><a:rPr dirty="0" smtClean="0"><a:solidFill><a:srgbClr val="000000"/></a:solidFill></a:rPr><a:t>|</a:t></a:r><a:r><a:rPr lang="en-US" dirty="0" smtClean="0"><a:solidFill><a:srgbClr val="000000"/></a:solidFill></a:rPr><a:t> </a:t></a:r><a:r><a:rPr dirty="0" smtClean="0"><a:solidFill><a:srgbClr val="000000"/></a:solidFill></a:rPr><a:t>30 </a:t></a:r><a:r><a:rPr dirty="0"><a:solidFill><a:srgbClr val="000000"/></a:solidFill></a:rPr><a:t>January 2012</a:t></a:r></a:p></p:txBody></p:sp></p:spTree><p:extLst><p:ext uri="{BB962C8B-B14F-4D97-AF65-F5344CB8AC3E}"><p14:creationId xmlns="" xmlns:p14="http://schemas.microsoft.com/office/powerpoint/2010/main" val="1786223050"/></p:ext></p:extLst></p:cSld><p:clrMapOvr><a:masterClrMapping/></p:clrMapOvr></p:sldLayout>