<?xml version="1.0" encoding="UTF-8" standalone="yes"?>
<p:sldLayout xmlns:a="http://schemas.openxmlformats.org/drawingml/2006/main" xmlns:r="http://schemas.openxmlformats.org/officeDocument/2006/relationships" xmlns:p="http://schemas.openxmlformats.org/presentationml/2006/main" userDrawn="1"><p:cSld name="Organisation hdr"><p:spTree><p:nvGrpSpPr><p:cNvPr id="1" name=""/><p:cNvGrpSpPr/><p:nvPr/></p:nvGrpSpPr><p:grpSpPr><a:xfrm><a:off x="0" y="0"/><a:ext cx="0" cy="0"/><a:chOff x="0" y="0"/><a:chExt cx="0" cy="0"/></a:xfrm></p:grpSpPr><p:sp><p:nvSpPr><p:cNvPr id="2" name="Title 1"/><p:cNvSpPr><a:spLocks noGrp="1"/></p:cNvSpPr><p:nvPr><p:ph type="title"/></p:nvPr></p:nvSpPr><p:spPr/><p:txBody><a:bodyPr/><a:lstStyle/><a:p><a:r><a:rPr lang="en-US" smtClean="0"/><a:t>Click to edit Master title style</a:t></a:r><a:endParaRPr lang="en-US"/></a:p></p:txBody></p:sp><p:sp><p:nvSpPr><p:cNvPr id="6" name="Content Placeholder 2"/><p:cNvSpPr><a:spLocks noGrp="1"/></p:cNvSpPr><p:nvPr><p:ph sz="half" idx="22"/></p:nvPr></p:nvSpPr><p:spPr><a:xfrm><a:off x="390397" y="1217613"/><a:ext cx="9133814" cy="286268"/></a:xfrm></p:spPr><p:txBody><a:bodyPr><a:noAutofit/></a:bodyPr><a:lstStyle><a:lvl1pPr marL="0" indent="0"><a:spcBef><a:spcPts val="100"/></a:spcBef><a:spcAft><a:spcPts val="900"/></a:spcAft><a:buNone/><a:defRPr sz="1600"/></a:lvl1pPr><a:lvl2pPr><a:spcBef><a:spcPts val="100"/></a:spcBef><a:spcAft><a:spcPts val="900"/></a:spcAft><a:defRPr sz="1400"/></a:lvl2pPr><a:lvl3pPr><a:spcBef><a:spcPts val="100"/></a:spcBef><a:spcAft><a:spcPts val="900"/></a:spcAft><a:defRPr sz="1400"/></a:lvl3pPr><a:lvl4pPr><a:spcBef><a:spcPts val="100"/></a:spcBef><a:spcAft><a:spcPts val="900"/></a:spcAft><a:defRPr sz="1400"/></a:lvl4pPr><a:lvl5pPr><a:spcBef><a:spcPts val="100"/></a:spcBef><a:spcAft><a:spcPts val="900"/></a:spcAft><a:defRPr sz="1400"/></a:lvl5pPr><a:lvl6pPr><a:defRPr sz="1800"/></a:lvl6pPr><a:lvl7pPr><a:defRPr sz="1800"/></a:lvl7pPr><a:lvl8pPr><a:defRPr sz="1800"/></a:lvl8pPr><a:lvl9pPr><a:defRPr sz="1800"/></a:lvl9pPr></a:lstStyle><a:p><a:pPr lvl="0"/><a:r><a:rPr lang="en-US" dirty="0" smtClean="0"/><a:t>Click to edit Master text styles</a:t></a:r><a:endParaRPr lang="en-US" dirty="0"/></a:p></p:txBody></p:sp></p:spTree><p:extLst><p:ext uri="{BB962C8B-B14F-4D97-AF65-F5344CB8AC3E}"><p14:creationId xmlns="" xmlns:p14="http://schemas.microsoft.com/office/powerpoint/2010/main" val="3630128686"/></p:ext></p:extLst></p:cSld><p:clrMapOvr><a:masterClrMapping/></p:clrMapOvr><p:transition><p:wipe dir="r"/></p:transition><p:timing><p:tnLst><p:par><p:cTn id="1" dur="indefinite" restart="never" nodeType="tmRoot"/></p:par></p:tnLst></p:timing></p:sldLayout>