<?xml version="1.0" encoding="UTF-8" standalone="yes"?>
<p:handoutMaster xmlns:a="http://schemas.openxmlformats.org/drawingml/2006/main" xmlns:r="http://schemas.openxmlformats.org/officeDocument/2006/relationships" xmlns:p="http://schemas.openxmlformats.org/presentationml/2006/main"><p:cSld><p:bg><p:bgRef idx="1001"><a:schemeClr val="bg1"/></p:bgRef></p:bg><p:spTree><p:nvGrpSpPr><p:cNvPr id="1" name=""/><p:cNvGrpSpPr/><p:nvPr/></p:nvGrpSpPr><p:grpSpPr><a:xfrm><a:off x="0" y="0"/><a:ext cx="0" cy="0"/><a:chOff x="0" y="0"/><a:chExt cx="0" cy="0"/></a:xfrm></p:grpSpPr><p:sp><p:nvSpPr><p:cNvPr id="2" name="Header Placeholder 1"/><p:cNvSpPr><a:spLocks noGrp="1"/></p:cNvSpPr><p:nvPr><p:ph type="hdr" sz="quarter"/></p:nvPr></p:nvSpPr><p:spPr><a:xfrm><a:off x="1" y="2"/><a:ext cx="3041968" cy="465296"/></a:xfrm><a:prstGeom prst="rect"><a:avLst/></a:prstGeom></p:spPr><p:txBody><a:bodyPr vert="horz" lIns="91394" tIns="45697" rIns="91394" bIns="45697" rtlCol="0"/><a:lstStyle><a:lvl1pPr algn="l"><a:defRPr sz="1200"/></a:lvl1pPr></a:lstStyle><a:p><a:pPr><a:defRPr/></a:pPr><a:r><a:rPr lang="en-US" dirty="0" smtClean="0"/><a:t>BARCLAYS AFRICA GROUP LIMITED COMPLIANCE REPORT 01 JANUARY 2015 – 31 MARCH 2015</a:t></a:r><a:endParaRPr lang="en-ZA" dirty="0"/></a:p></p:txBody></p:sp><p:sp><p:nvSpPr><p:cNvPr id="3" name="Date Placeholder 2"/><p:cNvSpPr><a:spLocks noGrp="1"/></p:cNvSpPr><p:nvPr><p:ph type="dt" sz="quarter" idx="1"/></p:nvPr></p:nvSpPr><p:spPr><a:xfrm><a:off x="3976333" y="2"/><a:ext cx="3041968" cy="465296"/></a:xfrm><a:prstGeom prst="rect"><a:avLst/></a:prstGeom></p:spPr><p:txBody><a:bodyPr vert="horz" lIns="91394" tIns="45697" rIns="91394" bIns="45697" rtlCol="0"/><a:lstStyle><a:lvl1pPr algn="r"><a:defRPr sz="1200"/></a:lvl1pPr></a:lstStyle><a:p><a:pPr><a:defRPr/></a:pPr><a:fld id="{54941AB3-67A6-46DB-8AE8-5F65DB77AD4E}" type="datetimeFigureOut"><a:rPr lang="en-ZA"/><a:pPr><a:defRPr/></a:pPr><a:t>2016/09/30</a:t></a:fld><a:endParaRPr lang="en-ZA" dirty="0"/></a:p></p:txBody></p:sp><p:sp><p:nvSpPr><p:cNvPr id="4" name="Footer Placeholder 3"/><p:cNvSpPr><a:spLocks noGrp="1"/></p:cNvSpPr><p:nvPr><p:ph type="ftr" sz="quarter" idx="2"/></p:nvPr></p:nvSpPr><p:spPr><a:xfrm><a:off x="1" y="8839014"/><a:ext cx="3041968" cy="465296"/></a:xfrm><a:prstGeom prst="rect"><a:avLst/></a:prstGeom></p:spPr><p:txBody><a:bodyPr vert="horz" lIns="91394" tIns="45697" rIns="91394" bIns="45697" rtlCol="0" anchor="b"/><a:lstStyle><a:lvl1pPr algn="l"><a:defRPr sz="1200"/></a:lvl1pPr></a:lstStyle><a:p><a:pPr><a:defRPr/></a:pPr><a:endParaRPr lang="en-ZA" dirty="0"/></a:p></p:txBody></p:sp><p:sp><p:nvSpPr><p:cNvPr id="5" name="Slide Number Placeholder 4"/><p:cNvSpPr><a:spLocks noGrp="1"/></p:cNvSpPr><p:nvPr><p:ph type="sldNum" sz="quarter" idx="3"/></p:nvPr></p:nvSpPr><p:spPr><a:xfrm><a:off x="3976333" y="8839014"/><a:ext cx="3041968" cy="465296"/></a:xfrm><a:prstGeom prst="rect"><a:avLst/></a:prstGeom></p:spPr><p:txBody><a:bodyPr vert="horz" lIns="91394" tIns="45697" rIns="91394" bIns="45697" rtlCol="0" anchor="b"/><a:lstStyle><a:lvl1pPr algn="r"><a:defRPr sz="1200"/></a:lvl1pPr></a:lstStyle><a:p><a:pPr><a:defRPr/></a:pPr><a:fld id="{C8E6A14B-24CE-41F4-AD85-CD21DBEDD9FB}" type="slidenum"><a:rPr lang="en-ZA"/><a:pPr><a:defRPr/></a:pPr><a:t>‹#›</a:t></a:fld><a:endParaRPr lang="en-ZA" dirty="0"/></a:p></p:txBody></p:sp></p:spTree><p:extLst><p:ext uri="{BB962C8B-B14F-4D97-AF65-F5344CB8AC3E}"><p14:creationId xmlns="" xmlns:p14="http://schemas.microsoft.com/office/powerpoint/2010/main" val="1037055049"/></p:ext></p:extLst></p:cSld><p:clrMap bg1="lt1" tx1="dk1" bg2="lt2" tx2="dk2" accent1="accent1" accent2="accent2" accent3="accent3" accent4="accent4" accent5="accent5" accent6="accent6" hlink="hlink" folHlink="folHlink"/><p:hf ftr="0" dt="0"/></p:handoutMaster>