<?xml version="1.0" encoding="UTF-8"?>
<classpath>
	<classpathentry kind="src" path=""/>
	<classpathentry kind="con" path="org.eclipse.jdt.launching.JRE_CONTAINER"/>
	<classpathentry kind="var" path="JCN_HOME/javacompute.jar"/>
	<classpathentry kind="var" path="JCN_HOME/jplugin2.jar"/>
	<classpathentry kind="lib" path="lib/itextpdf-5.4.2.jar"/>
	<classpathentry kind="lib" path="lib/pdfsplitter.jar"/>
	<classpathentry kind="con" path="com.ibm.etools.mft.uri.classpath.MBProjectReference"/>
	<classpathentry kind="output" path=""/>
</classpath>
