<?xml version="1.0" encoding="UTF-8" standalone="yes"?>
<params>


<param><name>TITLE</name><value>Big Title</value></param>
<param><name>DATE</name><value>12/02/2016</value></param>
<param><name>AUTHOR</name><value>Mr Serious Author</value></param>


<param><name>MAKE1</name><value>TOYOTA</value></param>
<param><name>MODEL1</name><value>COROLLA</value></param>
<param><name>PRICE1</name><value>R58 000.00</value></param>
<param><name>YEAR1</name><value>1995</value></param>

<param><name>MAKE1</name><value>VW</value></param>
<param><name>MODEL1</name><value>GOLF</value></param>
<param><name>PRICE1</name><value>R60 000.00</value></param>

<param><name>NAME1</name><value>Sello</value></param>
<param><name>SURNAME1</name><value>Tseka</value></param>
<param><name>AGE1</name><value>Age : 38</value></param>

<param><name>NAME2</name><value>Tim2</value></param>
<param><name>SURNAME2</name><value>Small2</value></param>


<param><name>MAKE1</name><value>VW</value></param>
<param><name>MODEL1</name><value>GOLF</value></param>
<param><name>PRICE1</name><value>R60 000.00</value></param>

<param><name>NAME3</name><value>James3</value></param>
<param><name>SURNAME3</name><value>Doe3</value></param>
<param><name>AGE3</name><value>Age - 3</value></param>

<param><name>SURNAME4</name><value>Tim4</value></param>
<param><name>AGE4</name><value>Age : 23</value></param>

<param><name>NAME5</name><value>Tim5</value></param>
<param><name>AGE5</name><value>Age : 25</value></param>
<param><name>AGE6</name><value>Age : 26</value></param>
<param><name>NAME6</name><value>Tim6</value></param>

</params>