<?xml version="1.0" encoding="UTF-8" standalone="yes"?>
<p:presentation xmlns:a="http://schemas.openxmlformats.org/drawingml/2006/main" xmlns:r="http://schemas.openxmlformats.org/officeDocument/2006/relationships" xmlns:p="http://schemas.openxmlformats.org/presentationml/2006/main" saveSubsetFonts="1"><p:sldMasterIdLst><p:sldMasterId id="2147483656" r:id="rId1"/><p:sldMasterId id="2147483894" r:id="rId2"/><p:sldMasterId id="2147483896" r:id="rId3"/><p:sldMasterId id="2147483898" r:id="rId4"/><p:sldMasterId id="2147483900" r:id="rId5"/><p:sldMasterId id="2147483902" r:id="rId6"/><p:sldMasterId id="2147483904" r:id="rId7"/><p:sldMasterId id="2147484716" r:id="rId8"/><p:sldMasterId id="2147484728" r:id="rId9"/><p:sldMasterId id="2147484742" r:id="rId10"/><p:sldMasterId id="2147484756" r:id="rId11"/><p:sldMasterId id="2147484770" r:id="rId12"/><p:sldMasterId id="2147484784" r:id="rId13"/><p:sldMasterId id="2147484798" r:id="rId14"/><p:sldMasterId id="2147484810" r:id="rId15"/><p:sldMasterId id="2147484824" r:id="rId16"/><p:sldMasterId id="2147484838" r:id="rId17"/><p:sldMasterId id="2147484846" r:id="rId18"/><p:sldMasterId id="2147484856" r:id="rId19"/></p:sldMasterIdLst><p:notesMasterIdLst><p:notesMasterId r:id="rId30"/></p:notesMasterIdLst><p:handoutMasterIdLst><p:handoutMasterId r:id="rId31"/></p:handoutMasterIdLst><p:sldIdLst><p:sldId id="431" r:id="rId20"/><p:sldId id="432" r:id="rId21"/><p:sldId id="433" r:id="rId22"/><p:sldId id="434" r:id="rId23"/><p:sldId id="435" r:id="rId24"/><p:sldId id="436" r:id="rId25"/><p:sldId id="437" r:id="rId26"/><p:sldId id="438" r:id="rId27"/><p:sldId id="439" r:id="rId28"/><p:sldId id="440" r:id="rId29"/></p:sldIdLst><p:sldSz cx="9906000" cy="6858000" type="A4"/><p:notesSz cx="7019925" cy="9305925"/><p:defaultTextStyle><a:defPPr><a:defRPr lang="en-GB"/></a:defPPr><a:lvl1pPr algn="l" rtl="0" fontAlgn="base"><a:spcBef><a:spcPct val="0"/></a:spcBef><a:spcAft><a:spcPct val="0"/></a:spcAft><a:defRPr sz="3600" kern="1200"><a:solidFill><a:schemeClr val="bg2"/></a:solidFill><a:latin typeface="Arial" charset="0"/><a:ea typeface="+mn-ea"/><a:cs typeface="Arial" charset="0"/></a:defRPr></a:lvl1pPr><a:lvl2pPr marL="457200" algn="l" rtl="0" fontAlgn="base"><a:spcBef><a:spcPct val="0"/></a:spcBef><a:spcAft><a:spcPct val="0"/></a:spcAft><a:defRPr sz="3600" kern="1200"><a:solidFill><a:schemeClr val="bg2"/></a:solidFill><a:latin typeface="Arial" charset="0"/><a:ea typeface="+mn-ea"/><a:cs typeface="Arial" charset="0"/></a:defRPr></a:lvl2pPr><a:lvl3pPr marL="914400" algn="l" rtl="0" fontAlgn="base"><a:spcBef><a:spcPct val="0"/></a:spcBef><a:spcAft><a:spcPct val="0"/></a:spcAft><a:defRPr sz="3600" kern="1200"><a:solidFill><a:schemeClr val="bg2"/></a:solidFill><a:latin typeface="Arial" charset="0"/><a:ea typeface="+mn-ea"/><a:cs typeface="Arial" charset="0"/></a:defRPr></a:lvl3pPr><a:lvl4pPr marL="1371600" algn="l" rtl="0" fontAlgn="base"><a:spcBef><a:spcPct val="0"/></a:spcBef><a:spcAft><a:spcPct val="0"/></a:spcAft><a:defRPr sz="3600" kern="1200"><a:solidFill><a:schemeClr val="bg2"/></a:solidFill><a:latin typeface="Arial" charset="0"/><a:ea typeface="+mn-ea"/><a:cs typeface="Arial" charset="0"/></a:defRPr></a:lvl4pPr><a:lvl5pPr marL="1828800" algn="l" rtl="0" fontAlgn="base"><a:spcBef><a:spcPct val="0"/></a:spcBef><a:spcAft><a:spcPct val="0"/></a:spcAft><a:defRPr sz="3600" kern="1200"><a:solidFill><a:schemeClr val="bg2"/></a:solidFill><a:latin typeface="Arial" charset="0"/><a:ea typeface="+mn-ea"/><a:cs typeface="Arial" charset="0"/></a:defRPr></a:lvl5pPr><a:lvl6pPr marL="2286000" algn="l" defTabSz="914400" rtl="0" eaLnBrk="1" latinLnBrk="0" hangingPunct="1"><a:defRPr sz="3600" kern="1200"><a:solidFill><a:schemeClr val="bg2"/></a:solidFill><a:latin typeface="Arial" charset="0"/><a:ea typeface="+mn-ea"/><a:cs typeface="Arial" charset="0"/></a:defRPr></a:lvl6pPr><a:lvl7pPr marL="2743200" algn="l" defTabSz="914400" rtl="0" eaLnBrk="1" latinLnBrk="0" hangingPunct="1"><a:defRPr sz="3600" kern="1200"><a:solidFill><a:schemeClr val="bg2"/></a:solidFill><a:latin typeface="Arial" charset="0"/><a:ea typeface="+mn-ea"/><a:cs typeface="Arial" charset="0"/></a:defRPr></a:lvl7pPr><a:lvl8pPr marL="3200400" algn="l" defTabSz="914400" rtl="0" eaLnBrk="1" latinLnBrk="0" hangingPunct="1"><a:defRPr sz="3600" kern="1200"><a:solidFill><a:schemeClr val="bg2"/></a:solidFill><a:latin typeface="Arial" charset="0"/><a:ea typeface="+mn-ea"/><a:cs typeface="Arial" charset="0"/></a:defRPr></a:lvl8pPr><a:lvl9pPr marL="3657600" algn="l" defTabSz="914400" rtl="0" eaLnBrk="1" latinLnBrk="0" hangingPunct="1"><a:defRPr sz="3600" kern="1200"><a:solidFill><a:schemeClr val="bg2"/></a:solidFill><a:latin typeface="Arial" charset="0"/><a:ea typeface="+mn-ea"/><a:cs typeface="Arial" charset="0"/></a:defRPr></a:lvl9pPr></p:defaultTextStyle></p:presentation>