<?xml version="1.0" encoding="UTF-8" standalone="yes"?>
<p:presentationPr xmlns:a="http://schemas.openxmlformats.org/drawingml/2006/main" xmlns:r="http://schemas.openxmlformats.org/officeDocument/2006/relationships" xmlns:p="http://schemas.openxmlformats.org/presentationml/2006/main"><p:showPr showNarration="1" useTimings="0"><p:present/><p:sldAll/><p:penClr><a:prstClr val="red"/></p:penClr><p:extLst><p:ext uri="{EC167BDD-8182-4AB7-AECC-EB403E3ABB37}"><p14:laserClr xmlns="" xmlns:p14="http://schemas.microsoft.com/office/powerpoint/2010/main"><a:srgbClr val="FF0000"/></p14:laserClr></p:ext><p:ext uri="{2FDB2607-1784-4EEB-B798-7EB5836EED8A}"><p14:showMediaCtrls xmlns="" xmlns:p14="http://schemas.microsoft.com/office/powerpoint/2010/main" val="1"/></p:ext></p:extLst></p:showPr><p:clrMru><a:srgbClr val="E1E1E1"/><a:srgbClr val="FF0000"/><a:srgbClr val="CB5151"/><a:srgbClr val="809CAE"/><a:srgbClr val="FE8B00"/><a:srgbClr val="00B000"/><a:srgbClr val="406B85"/><a:srgbClr val="BFE6F6"/><a:srgbClr val="80CDED"/></p:clrMru><p:extLst><p:ext uri="{E76CE94A-603C-4142-B9EB-6D1370010A27}"><p14:discardImageEditData xmlns="" xmlns:p14="http://schemas.microsoft.com/office/powerpoint/2010/main" val="0"/></p:ext><p:ext uri="{D31A062A-798A-4329-ABDD-BBA856620510}"><p14:defaultImageDpi xmlns="" xmlns:p14="http://schemas.microsoft.com/office/powerpoint/2010/main" val="220"/></p:ext></p:extLst></p:presentationPr>