<?xml version="1.0" encoding="UTF-8" standalone="yes"?>
<a:tblStyleLst xmlns:a="http://schemas.openxmlformats.org/drawingml/2006/main" def="{5C22544A-7EE6-4342-B048-85BDC9FD1C3A}"><a:tblStyle styleId="{5C22544A-7EE6-4342-B048-85BDC9FD1C3A}" styleName="Medium Style 2 - Accent 1"><a:wholeTbl><a:tcTxStyle><a:fontRef idx="minor"><a:prstClr val="black"/></a:fontRef><a:schemeClr val="dk1"/></a:tcTxStyle><a:tcStyle><a:tcBdr><a:left><a:ln w="12700" cmpd="sng"><a:solidFill><a:schemeClr val="lt1"/></a:solidFill></a:ln></a:left><a:right><a:ln w="12700" cmpd="sng"><a:solidFill><a:schemeClr val="lt1"/></a:solidFill></a:ln></a:right><a:top><a:ln w="12700" cmpd="sng"><a:solidFill><a:schemeClr val="lt1"/></a:solidFill></a:ln></a:top><a:bottom><a:ln w="12700" cmpd="sng"><a:solidFill><a:schemeClr val="lt1"/></a:solidFill></a:ln></a:bottom><a:insideH><a:ln w="12700" cmpd="sng"><a:solidFill><a:schemeClr val="lt1"/></a:solidFill></a:ln></a:insideH><a:insideV><a:ln w="12700" cmpd="sng"><a:solidFill><a:schemeClr val="lt1"/></a:solidFill></a:ln></a:insideV></a:tcBdr><a:fill><a:solidFill><a:schemeClr val="accent1"><a:tint val="20000"/></a:schemeClr></a:solidFill></a:fill></a:tcStyle></a:wholeTbl><a:band1H><a:tcStyle><a:tcBdr/><a:fill><a:solidFill><a:schemeClr val="accent1"><a:tint val="40000"/></a:schemeClr></a:solidFill></a:fill></a:tcStyle></a:band1H><a:band2H><a:tcStyle><a:tcBdr/></a:tcStyle></a:band2H><a:band1V><a:tcStyle><a:tcBdr/><a:fill><a:solidFill><a:schemeClr val="accent1"><a:tint val="40000"/></a:schemeClr></a:solidFill></a:fill></a:tcStyle></a:band1V><a:band2V><a:tcStyle><a:tcBdr/></a:tcStyle></a:band2V><a:lastCol><a:tcTxStyle b="on"><a:fontRef idx="minor"><a:prstClr val="black"/></a:fontRef><a:schemeClr val="lt1"/></a:tcTxStyle><a:tcStyle><a:tcBdr/><a:fill><a:solidFill><a:schemeClr val="accent1"/></a:solidFill></a:fill></a:tcStyle></a:lastCol><a:firstCol><a:tcTxStyle b="on"><a:fontRef idx="minor"><a:prstClr val="black"/></a:fontRef><a:schemeClr val="lt1"/></a:tcTxStyle><a:tcStyle><a:tcBdr/><a:fill><a:solidFill><a:schemeClr val="accent1"/></a:solidFill></a:fill></a:tcStyle></a:firstCol><a:lastRow><a:tcTxStyle b="on"><a:fontRef idx="minor"><a:prstClr val="black"/></a:fontRef><a:schemeClr val="lt1"/></a:tcTxStyle><a:tcStyle><a:tcBdr><a:top><a:ln w="38100" cmpd="sng"><a:solidFill><a:schemeClr val="lt1"/></a:solidFill></a:ln></a:top></a:tcBdr><a:fill><a:solidFill><a:schemeClr val="accent1"/></a:solidFill></a:fill></a:tcStyle></a:lastRow><a:firstRow><a:tcTxStyle b="on"><a:fontRef idx="minor"><a:prstClr val="black"/></a:fontRef><a:schemeClr val="lt1"/></a:tcTxStyle><a:tcStyle><a:tcBdr><a:bottom><a:ln w="38100" cmpd="sng"><a:solidFill><a:schemeClr val="lt1"/></a:solidFill></a:ln></a:bottom></a:tcBdr><a:fill><a:solidFill><a:schemeClr val="accent1"/></a:solidFill></a:fill></a:tcStyle></a:firstRow></a:tblStyle><a:tblStyle styleId="{ED083AE6-46FA-4A59-8FB0-9F97EB10719F}" styleName="Light Style 3 - Accent 4"><a:wholeTbl><a:tcTxStyle><a:fontRef idx="minor"><a:scrgbClr r="0" g="0" b="0"/></a:fontRef><a:schemeClr val="tx1"/></a:tcTxStyle><a:tcStyle><a:tcBdr><a:left><a:ln w="12700" cmpd="sng"><a:solidFill><a:schemeClr val="accent4"/></a:solidFill></a:ln></a:left><a:right><a:ln w="12700" cmpd="sng"><a:solidFill><a:schemeClr val="accent4"/></a:solidFill></a:ln></a:right><a:top><a:ln w="12700" cmpd="sng"><a:solidFill><a:schemeClr val="accent4"/></a:solidFill></a:ln></a:top><a:bottom><a:ln w="12700" cmpd="sng"><a:solidFill><a:schemeClr val="accent4"/></a:solidFill></a:ln></a:bottom><a:insideH><a:ln w="12700" cmpd="sng"><a:solidFill><a:schemeClr val="accent4"/></a:solidFill></a:ln></a:insideH><a:insideV><a:ln w="12700" cmpd="sng"><a:solidFill><a:schemeClr val="accent4"/></a:solidFill></a:ln></a:insideV></a:tcBdr><a:fill><a:noFill/></a:fill></a:tcStyle></a:wholeTbl><a:band1H><a:tcStyle><a:tcBdr/><a:fill><a:solidFill><a:schemeClr val="accent4"><a:alpha val="20000"/></a:schemeClr></a:solidFill></a:fill></a:tcStyle></a:band1H><a:band1V><a:tcStyle><a:tcBdr/><a:fill><a:solidFill><a:schemeClr val="accent4"><a:alpha val="20000"/></a:schemeClr></a:solidFill></a:fill></a:tcStyle></a:band1V><a:lastCol><a:tcTxStyle b="on"/><a:tcStyle><a:tcBdr/></a:tcStyle></a:lastCol><a:firstCol><a:tcTxStyle b="on"/><a:tcStyle><a:tcBdr/></a:tcStyle></a:firstCol><a:lastRow><a:tcTxStyle b="on"/><a:tcStyle><a:tcBdr><a:top><a:ln w="50800" cmpd="dbl"><a:solidFill><a:schemeClr val="accent4"/></a:solidFill></a:ln></a:top></a:tcBdr><a:fill><a:noFill/></a:fill></a:tcStyle></a:lastRow><a:firstRow><a:tcTxStyle b="on"/><a:tcStyle><a:tcBdr><a:bottom><a:ln w="25400" cmpd="sng"><a:solidFill><a:schemeClr val="accent4"/></a:solidFill></a:ln></a:bottom></a:tcBdr><a:fill><a:noFill/></a:fill></a:tcStyle></a:firstRow></a:tblStyle><a:tblStyle styleId="{D113A9D2-9D6B-4929-AA2D-F23B5EE8CBE7}" styleName="Themed Style 2 - Accent 1"><a:tblBg><a:fillRef idx="3"><a:schemeClr val="accent1"/></a:fillRef><a:effectRef idx="3"><a:schemeClr val="accent1"/></a:effectRef></a:tblBg><a:wholeTbl><a:tcTxStyle><a:fontRef idx="minor"><a:scrgbClr r="0" g="0" b="0"/></a:fontRef><a:schemeClr val="lt1"/></a:tcTxStyle><a:tcStyle><a:tcBdr><a:left><a:lnRef idx="1"><a:schemeClr val="accent1"><a:tint val="50000"/></a:schemeClr></a:lnRef></a:left><a:right><a:lnRef idx="1"><a:schemeClr val="accent1"><a:tint val="50000"/></a:schemeClr></a:lnRef></a:right><a:top><a:lnRef idx="1"><a:schemeClr val="accent1"><a:tint val="50000"/></a:schemeClr></a:lnRef></a:top><a:bottom><a:lnRef idx="1"><a:schemeClr val="accent1"><a:tint val="50000"/></a:schemeClr></a:lnRef></a:bottom><a:insideH><a:ln><a:noFill/></a:ln></a:insideH><a:insideV><a:ln><a:noFill/></a:ln></a:insideV></a:tcBdr><a:fill><a:noFill/></a:fill></a:tcStyle></a:wholeTbl><a:band1H><a:tcStyle><a:tcBdr/><a:fill><a:solidFill><a:schemeClr val="lt1"><a:alpha val="20000"/></a:schemeClr></a:solidFill></a:fill></a:tcStyle></a:band1H><a:band1V><a:tcStyle><a:tcBdr/><a:fill><a:solidFill><a:schemeClr val="lt1"><a:alpha val="20000"/></a:schemeClr></a:solidFill></a:fill></a:tcStyle></a:band1V><a:lastCol><a:tcTxStyle b="on"/><a:tcStyle><a:tcBdr><a:left><a:lnRef idx="2"><a:schemeClr val="lt1"/></a:lnRef></a:left></a:tcBdr></a:tcStyle></a:lastCol><a:firstCol><a:tcTxStyle b="on"/><a:tcStyle><a:tcBdr><a:right><a:lnRef idx="2"><a:schemeClr val="lt1"/></a:lnRef></a:right></a:tcBdr></a:tcStyle></a:firstCol><a:lastRow><a:tcTxStyle b="on"/><a:tcStyle><a:tcBdr><a:top><a:lnRef idx="2"><a:schemeClr val="lt1"/></a:lnRef></a:top></a:tcBdr><a:fill><a:noFill/></a:fill></a:tcStyle></a:lastRow><a:seCell><a:tcStyle><a:tcBdr><a:left><a:ln><a:noFill/></a:ln></a:left><a:top><a:ln><a:noFill/></a:ln></a:top></a:tcBdr></a:tcStyle></a:seCell><a:swCell><a:tcStyle><a:tcBdr><a:right><a:ln><a:noFill/></a:ln></a:right><a:top><a:ln><a:noFill/></a:ln></a:top></a:tcBdr></a:tcStyle></a:swCell><a:firstRow><a:tcTxStyle b="on"/><a:tcStyle><a:tcBdr><a:bottom><a:lnRef idx="3"><a:schemeClr val="lt1"/></a:lnRef></a:bottom></a:tcBdr><a:fill><a:noFill/></a:fill></a:tcStyle></a:firstRow><a:neCell><a:tcStyle><a:tcBdr><a:bottom><a:ln><a:noFill/></a:ln></a:bottom></a:tcBdr></a:tcStyle></a:neCell></a:tblStyle><a:tblStyle styleId="{5940675A-B579-460E-94D1-54222C63F5DA}" styleName="No Style, Table Grid"><a:wholeTbl><a:tcTxStyle><a:fontRef idx="minor"><a:scrgbClr r="0" g="0" b="0"/></a:fontRef><a:schemeClr val="tx1"/></a:tcTxStyle><a:tcStyle><a:tcBdr><a:left><a:ln w="12700" cmpd="sng"><a:solidFill><a:schemeClr val="tx1"/></a:solidFill></a:ln></a:left><a:right><a:ln w="12700" cmpd="sng"><a:solidFill><a:schemeClr val="tx1"/></a:solidFill></a:ln></a:right><a:top><a:ln w="12700" cmpd="sng"><a:solidFill><a:schemeClr val="tx1"/></a:solidFill></a:ln></a:top><a:bottom><a:ln w="12700" cmpd="sng"><a:solidFill><a:schemeClr val="tx1"/></a:solidFill></a:ln></a:bottom><a:insideH><a:ln w="12700" cmpd="sng"><a:solidFill><a:schemeClr val="tx1"/></a:solidFill></a:ln></a:insideH><a:insideV><a:ln w="12700" cmpd="sng"><a:solidFill><a:schemeClr val="tx1"/></a:solidFill></a:ln></a:insideV></a:tcBdr><a:fill><a:noFill/></a:fill></a:tcStyle></a:wholeTbl></a:tblStyle><a:tblStyle styleId="{00A15C55-8517-42AA-B614-E9B94910E393}" styleName="Medium Style 2 - Accent 4"><a:wholeTbl><a:tcTxStyle><a:fontRef idx="minor"><a:prstClr val="black"/></a:fontRef><a:schemeClr val="dk1"/></a:tcTxStyle><a:tcStyle><a:tcBdr><a:left><a:ln w="12700" cmpd="sng"><a:solidFill><a:schemeClr val="lt1"/></a:solidFill></a:ln></a:left><a:right><a:ln w="12700" cmpd="sng"><a:solidFill><a:schemeClr val="lt1"/></a:solidFill></a:ln></a:right><a:top><a:ln w="12700" cmpd="sng"><a:solidFill><a:schemeClr val="lt1"/></a:solidFill></a:ln></a:top><a:bottom><a:ln w="12700" cmpd="sng"><a:solidFill><a:schemeClr val="lt1"/></a:solidFill></a:ln></a:bottom><a:insideH><a:ln w="12700" cmpd="sng"><a:solidFill><a:schemeClr val="lt1"/></a:solidFill></a:ln></a:insideH><a:insideV><a:ln w="12700" cmpd="sng"><a:solidFill><a:schemeClr val="lt1"/></a:solidFill></a:ln></a:insideV></a:tcBdr><a:fill><a:solidFill><a:schemeClr val="accent4"><a:tint val="20000"/></a:schemeClr></a:solidFill></a:fill></a:tcStyle></a:wholeTbl><a:band1H><a:tcStyle><a:tcBdr/><a:fill><a:solidFill><a:schemeClr val="accent4"><a:tint val="40000"/></a:schemeClr></a:solidFill></a:fill></a:tcStyle></a:band1H><a:band2H><a:tcStyle><a:tcBdr/></a:tcStyle></a:band2H><a:band1V><a:tcStyle><a:tcBdr/><a:fill><a:solidFill><a:schemeClr val="accent4"><a:tint val="40000"/></a:schemeClr></a:solidFill></a:fill></a:tcStyle></a:band1V><a:band2V><a:tcStyle><a:tcBdr/></a:tcStyle></a:band2V><a:lastCol><a:tcTxStyle b="on"><a:fontRef idx="minor"><a:prstClr val="black"/></a:fontRef><a:schemeClr val="lt1"/></a:tcTxStyle><a:tcStyle><a:tcBdr/><a:fill><a:solidFill><a:schemeClr val="accent4"/></a:solidFill></a:fill></a:tcStyle></a:lastCol><a:firstCol><a:tcTxStyle b="on"><a:fontRef idx="minor"><a:prstClr val="black"/></a:fontRef><a:schemeClr val="lt1"/></a:tcTxStyle><a:tcStyle><a:tcBdr/><a:fill><a:solidFill><a:schemeClr val="accent4"/></a:solidFill></a:fill></a:tcStyle></a:firstCol><a:lastRow><a:tcTxStyle b="on"><a:fontRef idx="minor"><a:prstClr val="black"/></a:fontRef><a:schemeClr val="lt1"/></a:tcTxStyle><a:tcStyle><a:tcBdr><a:top><a:ln w="38100" cmpd="sng"><a:solidFill><a:schemeClr val="lt1"/></a:solidFill></a:ln></a:top></a:tcBdr><a:fill><a:solidFill><a:schemeClr val="accent4"/></a:solidFill></a:fill></a:tcStyle></a:lastRow><a:firstRow><a:tcTxStyle b="on"><a:fontRef idx="minor"><a:prstClr val="black"/></a:fontRef><a:schemeClr val="lt1"/></a:tcTxStyle><a:tcStyle><a:tcBdr><a:bottom><a:ln w="38100" cmpd="sng"><a:solidFill><a:schemeClr val="lt1"/></a:solidFill></a:ln></a:bottom></a:tcBdr><a:fill><a:solidFill><a:schemeClr val="accent4"/></a:solidFill></a:fill></a:tcStyle></a:firstRow></a:tblStyle><a:tblStyle styleId="{616DA210-FB5B-4158-B5E0-FEB733F419BA}" styleName="Light Style 3"><a:wholeTbl><a:tcTxStyle><a:fontRef idx="minor"><a:scrgbClr r="0" g="0" b="0"/></a:fontRef><a:schemeClr val="tx1"/></a:tcTxStyle><a:tcStyle><a:tcBdr><a:left><a:ln w="12700" cmpd="sng"><a:solidFill><a:schemeClr val="tx1"/></a:solidFill></a:ln></a:left><a:right><a:ln w="12700" cmpd="sng"><a:solidFill><a:schemeClr val="tx1"/></a:solidFill></a:ln></a:right><a:top><a:ln w="12700" cmpd="sng"><a:solidFill><a:schemeClr val="tx1"/></a:solidFill></a:ln></a:top><a:bottom><a:ln w="12700" cmpd="sng"><a:solidFill><a:schemeClr val="tx1"/></a:solidFill></a:ln></a:bottom><a:insideH><a:ln w="12700" cmpd="sng"><a:solidFill><a:schemeClr val="tx1"/></a:solidFill></a:ln></a:insideH><a:insideV><a:ln w="12700" cmpd="sng"><a:solidFill><a:schemeClr val="tx1"/></a:solidFill></a:ln></a:insideV></a:tcBdr><a:fill><a:noFill/></a:fill></a:tcStyle></a:wholeTbl><a:band1H><a:tcStyle><a:tcBdr/><a:fill><a:solidFill><a:schemeClr val="tx1"><a:alpha val="20000"/></a:schemeClr></a:solidFill></a:fill></a:tcStyle></a:band1H><a:band1V><a:tcStyle><a:tcBdr/><a:fill><a:solidFill><a:schemeClr val="tx1"><a:alpha val="20000"/></a:schemeClr></a:solidFill></a:fill></a:tcStyle></a:band1V><a:lastCol><a:tcTxStyle b="on"/><a:tcStyle><a:tcBdr/></a:tcStyle></a:lastCol><a:firstCol><a:tcTxStyle b="on"/><a:tcStyle><a:tcBdr/></a:tcStyle></a:firstCol><a:lastRow><a:tcTxStyle b="on"/><a:tcStyle><a:tcBdr><a:top><a:ln w="50800" cmpd="dbl"><a:solidFill><a:schemeClr val="tx1"/></a:solidFill></a:ln></a:top></a:tcBdr><a:fill><a:noFill/></a:fill></a:tcStyle></a:lastRow><a:firstRow><a:tcTxStyle b="on"/><a:tcStyle><a:tcBdr><a:bottom><a:ln w="25400" cmpd="sng"><a:solidFill><a:schemeClr val="tx1"/></a:solidFill></a:ln></a:bottom></a:tcBdr><a:fill><a:noFill/></a:fill></a:tcStyle></a:firstRow></a:tblStyle><a:tblStyle styleId="{8A107856-5554-42FB-B03E-39F5DBC370BA}" styleName="Medium Style 4 - Accent 2"><a:wholeTbl><a:tcTxStyle><a:fontRef idx="minor"><a:scrgbClr r="0" g="0" b="0"/></a:fontRef><a:schemeClr val="dk1"/></a:tcTxStyle><a:tcStyle><a:tcBdr><a:left><a:ln w="12700" cmpd="sng"><a:solidFill><a:schemeClr val="accent2"/></a:solidFill></a:ln></a:left><a:right><a:ln w="12700" cmpd="sng"><a:solidFill><a:schemeClr val="accent2"/></a:solidFill></a:ln></a:right><a:top><a:ln w="12700" cmpd="sng"><a:solidFill><a:schemeClr val="accent2"/></a:solidFill></a:ln></a:top><a:bottom><a:ln w="12700" cmpd="sng"><a:solidFill><a:schemeClr val="accent2"/></a:solidFill></a:ln></a:bottom><a:insideH><a:ln w="12700" cmpd="sng"><a:solidFill><a:schemeClr val="accent2"/></a:solidFill></a:ln></a:insideH><a:insideV><a:ln w="12700" cmpd="sng"><a:solidFill><a:schemeClr val="accent2"/></a:solidFill></a:ln></a:insideV></a:tcBdr><a:fill><a:solidFill><a:schemeClr val="accent2"><a:tint val="20000"/></a:schemeClr></a:solidFill></a:fill></a:tcStyle></a:wholeTbl><a:band1H><a:tcStyle><a:tcBdr/><a:fill><a:solidFill><a:schemeClr val="accent2"><a:tint val="40000"/></a:schemeClr></a:solidFill></a:fill></a:tcStyle></a:band1H><a:band1V><a:tcStyle><a:tcBdr/><a:fill><a:solidFill><a:schemeClr val="accent2"><a:tint val="40000"/></a:schemeClr></a:solidFill></a:fill></a:tcStyle></a:band1V><a:lastCol><a:tcTxStyle b="on"/><a:tcStyle><a:tcBdr/></a:tcStyle></a:lastCol><a:firstCol><a:tcTxStyle b="on"/><a:tcStyle><a:tcBdr/></a:tcStyle></a:firstCol><a:lastRow><a:tcTxStyle b="on"/><a:tcStyle><a:tcBdr><a:top><a:ln w="25400" cmpd="sng"><a:solidFill><a:schemeClr val="accent2"/></a:solidFill></a:ln></a:top></a:tcBdr><a:fill><a:solidFill><a:schemeClr val="accent2"><a:tint val="20000"/></a:schemeClr></a:solidFill></a:fill></a:tcStyle></a:lastRow><a:firstRow><a:tcTxStyle b="on"/><a:tcStyle><a:tcBdr/><a:fill><a:solidFill><a:schemeClr val="accent2"><a:tint val="20000"/></a:schemeClr></a:solidFill></a:fill></a:tcStyle></a:firstRow></a:tblStyle></a:tblStyleLst>