<?xml version="1.0" encoding="UTF-8" standalone="yes"?>
<p:viewPr xmlns:a="http://schemas.openxmlformats.org/drawingml/2006/main" xmlns:r="http://schemas.openxmlformats.org/officeDocument/2006/relationships" xmlns:p="http://schemas.openxmlformats.org/presentationml/2006/main"><p:normalViewPr showOutlineIcons="0"><p:restoredLeft sz="8189" autoAdjust="0"/><p:restoredTop sz="98561" autoAdjust="0"/></p:normalViewPr><p:slideViewPr><p:cSldViewPr snapToGrid="0"><p:cViewPr><p:scale><a:sx n="120" d="100"/><a:sy n="120" d="100"/></p:scale><p:origin x="-654" y="-6"/></p:cViewPr><p:guideLst><p:guide orient="horz" pos="3080"/><p:guide orient="horz" pos="3668"/><p:guide orient="horz" pos="754"/><p:guide orient="horz" pos="979"/><p:guide orient="horz" pos="610"/><p:guide orient="horz" pos="2888"/><p:guide orient="horz" pos="3444"/><p:guide pos="3656"/><p:guide pos="5971"/><p:guide pos="5560"/><p:guide pos="384"/></p:guideLst></p:cSldViewPr></p:slideViewPr><p:notesTextViewPr><p:cViewPr><p:scale><a:sx n="100" d="100"/><a:sy n="100" d="100"/></p:scale><p:origin x="0" y="0"/></p:cViewPr></p:notesTextViewPr><p:notesViewPr><p:cSldViewPr snapToGrid="0"><p:cViewPr varScale="1"><p:scale><a:sx n="60" d="100"/><a:sy n="60" d="100"/></p:scale><p:origin x="-2490" y="-78"/></p:cViewPr><p:guideLst><p:guide orient="horz" pos="2931"/><p:guide pos="2212"/></p:guideLst></p:cSldViewPr></p:notesViewPr><p:gridSpacing cx="78028800" cy="78028800"/></p:viewPr>