<?xml version="1.0" encoding="UTF-8" standalone="yes"?>
<p:sld xmlns:a="http://schemas.openxmlformats.org/drawingml/2006/main" xmlns:r="http://schemas.openxmlformats.org/officeDocument/2006/relationships" xmlns:p="http://schemas.openxmlformats.org/presentationml/2006/main">
<p:cSld>
<p:spTree>
<p:nvGrpSpPr>
<p:cNvPr id="1" name="Shape 65"/>
<p:cNvGrpSpPr/>
<p:nvPr/>
</p:nvGrpSpPr>
<p:grpSpPr>
<a:xfrm>
<a:off x="0" y="0"/>
<a:ext cx="0" cy="0"/>
<a:chOff x="0" y="0"/>
<a:chExt cx="0" cy="0"/>
</a:xfrm>
</p:grpSpPr>
<p:sp>
<p:nvSpPr>
<p:cNvPr id="66" name="Shape 66"/>
<p:cNvSpPr txBox="1"/>
<p:nvPr/>
</p:nvSpPr>
<p:spPr>
<a:xfrm>
<a:off x="342719" y="202680"/>
<a:ext cx="8915039" cy="276480"/>
</a:xfrm>
<a:prstGeom prst="rect">
<a:avLst/>
</a:prstGeom>
<a:noFill/>
<a:ln>
<a:noFill/>
</a:ln>
</p:spPr>
<p:txBody>
<a:bodyPr lIns="0" tIns="0" rIns="0" bIns="0" anchor="ctr" anchorCtr="0">
<a:noAutofit/>
</a:bodyPr>
<a:lstStyle/>
<a:p>
<a:pPr marL="0" marR="0" lvl="0" indent="0" algn="l" rtl="0">
<a:lnSpc>
<a:spcPct val="100000"/>
</a:lnSpc>
<a:spcBef>
<a:spcPts val="0"/>
</a:spcBef>
<a:buNone/>
</a:pPr>
<a:r>
<a:rPr lang="en-GB" b="0" i="0" u="none" strike="noStrike" cap="none">
<a:solidFill>
<a:srgbClr val="00B0F0"/>
</a:solidFill>
<a:latin typeface="Arial"/>
<a:ea typeface="Arial"/>
<a:cs typeface="Arial"/>
<a:sym typeface="Arial"/>
</a:rPr>
<a:t>Breach Management &amp; Reward </a:t>
</a:r>
</a:p>
</p:txBody>
</p:sp>
<p:sp>
<p:nvSpPr>
<p:cNvPr id="68" name="Shape 68"/>
<p:cNvSpPr/>
<p:nvPr/>
</p:nvSpPr>
<p:spPr>
<a:xfrm>
<a:off x="326525" y="2655923"/>
<a:ext cx="8915100" cy="276600"/>
</a:xfrm>
<a:prstGeom prst="rect">
<a:avLst/>
</a:prstGeom>
<a:noFill/>
<a:ln>
<a:noFill/>
</a:ln>
</p:spPr>
<p:txBody>
<a:bodyPr lIns="0" tIns="0" rIns="0" bIns="0" anchor="ctr" anchorCtr="0">
<a:noAutofit/>
</a:bodyPr>
<a:lstStyle/>
<a:p>
<a:pPr marL="0" marR="0" lvl="0" indent="0" algn="l" rtl="0">
<a:lnSpc>
<a:spcPct val="100000"/>
</a:lnSpc>
<a:spcBef>
<a:spcPts val="0"/>
</a:spcBef>
<a:buNone/>
</a:pPr>
<a:r>
<a:rPr lang="en-GB" b="0" i="0" u="none" strike="noStrike" cap="none">
<a:solidFill>
<a:srgbClr val="00AEEF"/>
</a:solidFill>
<a:latin typeface="Arial"/>
<a:ea typeface="Arial"/>
<a:cs typeface="Arial"/>
<a:sym typeface="Arial"/>
</a:rPr>
<a:t>People Update</a:t>
</a:r>
</a:p>
</p:txBody>
</p:sp>
<p:sp>
<p:nvSpPr>
<p:cNvPr id="70" name="Shape 70"/>
<p:cNvSpPr/>
<p:nvPr/>
</p:nvSpPr>
<p:spPr>
<a:xfrm>
<a:off x="723960" y="6485039"/>
<a:ext cx="4828680" cy="137519"/>
</a:xfrm>
<a:prstGeom prst="rect">
<a:avLst/>
</a:prstGeom>
<a:noFill/>
<a:ln>
<a:noFill/>
</a:ln>
</p:spPr>
<p:txBody>
<a:bodyPr lIns="0" tIns="0" rIns="0" bIns="0" anchor="t" anchorCtr="0">
<a:noAutofit/>
</a:bodyPr>
<a:lstStyle/>
<a:p>
<a:pPr marL="0" marR="0" lvl="0" indent="0" algn="l" rtl="0">
<a:lnSpc>
<a:spcPct val="100000"/>
</a:lnSpc>
<a:spcBef>
<a:spcPts val="0"/>
</a:spcBef>
<a:buSzPct val="25000"/>
<a:buNone/>
</a:pPr>
<a:r>
<a:rPr lang="en-GB" sz="900" b="0" i="0" u="none" strike="noStrike" cap="none">
<a:solidFill>
<a:srgbClr val="000000"/>
</a:solidFill>
<a:latin typeface="Arial"/>
<a:ea typeface="Arial"/>
<a:cs typeface="Arial"/>
<a:sym typeface="Arial"/>
</a:rPr>
<a:t>Internal use only</a:t>
</a:r>
</a:p>
</p:txBody>
</p:sp>
<p:sp>
<p:nvSpPr>
<p:cNvPr id="71" name="Shape 71"/>
<p:cNvSpPr/>
<p:nvPr/>
</p:nvSpPr>
<p:spPr>
<a:xfrm>
<a:off x="723960" y="6276239"/>
<a:ext cx="3588840" cy="137519"/>
</a:xfrm>
<a:prstGeom prst="rect">
<a:avLst/>
</a:prstGeom>
<a:noFill/>
<a:ln>
<a:noFill/>
</a:ln>
</p:spPr>
<p:txBody>
<a:bodyPr lIns="0" tIns="0" rIns="0" bIns="0" anchor="b" anchorCtr="0">
<a:noAutofit/>
</a:bodyPr>
<a:lstStyle/>
<a:p>
<a:pPr marL="0" marR="0" lvl="0" indent="0" algn="l" rtl="0">
<a:lnSpc>
<a:spcPct val="100000"/>
</a:lnSpc>
<a:spcBef>
<a:spcPts val="0"/>
</a:spcBef>
<a:buSzPct val="25000"/>
<a:buNone/>
</a:pPr>
<a:fld id="{00000000-1234-1234-1234-123412341234}" type="slidenum">
<a:rPr lang="en-GB" sz="900" b="0" i="0" u="none" strike="noStrike" cap="none">
<a:solidFill>
<a:srgbClr val="000000"/>
</a:solidFill>
<a:latin typeface="Arial"/>
<a:ea typeface="Arial"/>
<a:cs typeface="Arial"/>
<a:sym typeface="Arial"/>
</a:rPr>
<a:pPr marL="0" marR="0" lvl="0" indent="0" algn="l" rtl="0">
<a:lnSpc>
<a:spcPct val="100000"/>
</a:lnSpc>
<a:spcBef>
<a:spcPts val="0"/>
</a:spcBef>
<a:buSzPct val="25000"/>
<a:buNone/>
</a:pPr>
<a:t>1</a:t>
</a:fld>
<a:r>
<a:rPr lang="en-GB" sz="900" b="0" i="0" u="none" strike="noStrike" cap="none">
<a:solidFill>
<a:srgbClr val="000000"/>
</a:solidFill>
<a:latin typeface="Arial"/>
<a:ea typeface="Arial"/>
<a:cs typeface="Arial"/>
<a:sym typeface="Arial"/>
</a:rPr>
<a:t> | Compliance Report | June 2016</a:t>
</a:r>
</a:p>
</p:txBody>
</p:sp>
<p:graphicFrame>
<p:nvGraphicFramePr>
<p:cNvPr id="11" name="Table 3"/>
<p:cNvGraphicFramePr/>
<p:nvPr/>
</p:nvGraphicFramePr>
<p:xfrm>
<a:off x="304800" y="762000"/>
<a:ext cx="9144000" cy="1345680"/>
</p:xfrm>
<a:graphic>
<a:graphicData uri="http://schemas.openxmlformats.org/drawingml/2006/table">
<a:tbl>
<a:tblPr/>
<a:tblGrid>
<a:gridCol w="895095"/>
<a:gridCol w="1330537"/>
<a:gridCol w="1854538"/>
<a:gridCol w="2463826"/>
<a:gridCol w="2600004"/>
</a:tblGrid>
<a:tr h="474840">
<a:tc>
<a:txBody>
<a:bodyPr/>
<a:lstStyle/>
<a:p>
<a:pPr>
<a:lnSpc>
<a:spcPct val="100000"/>
</a:lnSpc>
</a:pPr>
<a:r>
<a:rPr lang="en-ZA" sz="1000" b="1" strike="noStrike" spc="-1" dirty="0" smtClean="0">
<a:solidFill>
<a:srgbClr val="000000"/>
</a:solidFill>
<a:uFill>
<a:solidFill>
<a:srgbClr val="FFFFFF"/>
</a:solidFill>
</a:uFill>
<a:latin typeface="Expert Sans Regular"/>
</a:rPr>
<a:t>Area</a:t>
</a:r>
<a:endParaRPr lang="en-ZA" sz="1000" b="1" strike="noStrike" spc="-1" dirty="0">
<a:solidFill>
<a:srgbClr val="000000"/>
</a:solidFill>
<a:uFill>
<a:solidFill>
<a:srgbClr val="FFFFFF"/>
</a:solidFill>
</a:uFill>
<a:latin typeface="Expert Sans Regular"/>
</a:endParaRPr>
</a:p>
</a:txBody>
<a:tcPr>
<a:lnL w="12700" cap="flat" cmpd="sng" algn="ctr">
<a:solidFill>
<a:schemeClr val="tx1"/>
</a:solidFill>
<a:prstDash val="solid"/>
<a:round/>
<a:headEnd type="none" w="med" len="med"/>
<a:tailEnd type="none" w="med" len="med"/>
</a:lnL>
<a:lnR w="12240">
<a:solidFill>
<a:srgbClr val="FFFFFF"/>
</a:solidFill>
</a:lnR>
<a:lnT w="12700" cap="flat" cmpd="sng" algn="ctr">
<a:solidFill>
<a:schemeClr val="tx1"/>
</a:solidFill>
<a:prstDash val="solid"/>
<a:round/>
<a:headEnd type="none" w="med" len="med"/>
<a:tailEnd type="none" w="med" len="med"/>
</a:lnT>
<a:lnB w="38160" cap="flat" cmpd="sng" algn="ctr">
<a:solidFill>
<a:srgbClr val="FFFFFF"/>
</a:solidFill>
<a:prstDash val="solid"/>
<a:round/>
<a:headEnd type="none" w="med" len="med"/>
<a:tailEnd type="none" w="med" len="med"/>
</a:lnB>
<a:solidFill>
<a:srgbClr val="00AEEF"/>
</a:solidFill>
</a:tcPr>
</a:tc>
<a:tc>
<a:txBody>
<a:bodyPr/>
<a:lstStyle/>
<a:p>
<a:pPr>
<a:lnSpc>
<a:spcPct val="100000"/>
</a:lnSpc>
</a:pPr>
<a:r>
<a:rPr lang="en-ZA" sz="1000" b="1" strike="noStrike" spc="-1" dirty="0" smtClean="0">
<a:solidFill>
<a:srgbClr val="000000"/>
</a:solidFill>
<a:uFill>
<a:solidFill>
<a:srgbClr val="FFFFFF"/>
</a:solidFill>
</a:uFill>
<a:latin typeface="Expert Sans Regular"/>
</a:rPr>
<a:t>Policy and Breach Details</a:t>
</a:r>
<a:endParaRPr lang="en-ZA" sz="1000" b="1" strike="noStrike" spc="-1" dirty="0">
<a:solidFill>
<a:srgbClr val="000000"/>
</a:solidFill>
<a:uFill>
<a:solidFill>
<a:srgbClr val="FFFFFF"/>
</a:solidFill>
</a:uFill>
<a:latin typeface="Expert Sans Regular"/>
</a:endParaRPr>
</a:p>
</a:txBody>
<a:tcPr>
<a:lnL w="12240" cap="flat" cmpd="sng" algn="ctr">
<a:solidFill>
<a:srgbClr val="FFFFFF"/>
</a:solidFill>
<a:prstDash val="solid"/>
<a:round/>
<a:headEnd type="none" w="med" len="med"/>
<a:tailEnd type="none" w="med" len="med"/>
</a:lnL>
<a:lnR w="12240">
<a:solidFill>
<a:srgbClr val="FFFFFF"/>
</a:solidFill>
</a:lnR>
<a:lnT w="12700" cap="flat" cmpd="sng" algn="ctr">
<a:solidFill>
<a:schemeClr val="tx1"/>
</a:solidFill>
<a:prstDash val="solid"/>
<a:round/>
<a:headEnd type="none" w="med" len="med"/>
<a:tailEnd type="none" w="med" len="med"/>
</a:lnT>
<a:lnB w="38160">
<a:solidFill>
<a:srgbClr val="FFFFFF"/>
</a:solidFill>
</a:lnB>
<a:solidFill>
<a:srgbClr val="00AEEF"/>
</a:solidFill>
</a:tcPr>
</a:tc>
<a:tc>
<a:txBody>
<a:bodyPr/>
<a:lstStyle/>
<a:p>
<a:pPr>
<a:lnSpc>
<a:spcPct val="100000"/>
</a:lnSpc>
</a:pPr>
<a:r>
<a:rPr lang="en-ZA" sz="1000" b="1" strike="noStrike" spc="-1" dirty="0" smtClean="0">
<a:solidFill>
<a:srgbClr val="000000"/>
</a:solidFill>
<a:uFill>
<a:solidFill>
<a:srgbClr val="FFFFFF"/>
</a:solidFill>
</a:uFill>
<a:latin typeface="Expert Sans Regular"/>
</a:rPr>
<a:t>Severity</a:t>
</a:r>
<a:endParaRPr lang="en-ZA" sz="1000" b="1" strike="noStrike" spc="-1" dirty="0">
<a:solidFill>
<a:srgbClr val="000000"/>
</a:solidFill>
<a:uFill>
<a:solidFill>
<a:srgbClr val="FFFFFF"/>
</a:solidFill>
</a:uFill>
<a:latin typeface="Expert Sans Regular"/>
</a:endParaRPr>
</a:p>
</a:txBody>
<a:tcPr>
<a:lnL w="12240">
<a:solidFill>
<a:srgbClr val="FFFFFF"/>
</a:solidFill>
</a:lnL>
<a:lnR w="12240">
<a:solidFill>
<a:srgbClr val="FFFFFF"/>
</a:solidFill>
</a:lnR>
<a:lnT w="12700" cap="flat" cmpd="sng" algn="ctr">
<a:solidFill>
<a:schemeClr val="tx1"/>
</a:solidFill>
<a:prstDash val="solid"/>
<a:round/>
<a:headEnd type="none" w="med" len="med"/>
<a:tailEnd type="none" w="med" len="med"/>
</a:lnT>
<a:lnB w="38160">
<a:solidFill>
<a:srgbClr val="FFFFFF"/>
</a:solidFill>
</a:lnB>
<a:solidFill>
<a:srgbClr val="00AEEF"/>
</a:solidFill>
</a:tcPr>
</a:tc>
<a:tc>
<a:txBody>
<a:bodyPr/>
<a:lstStyle/>
<a:p>
<a:pPr>
<a:lnSpc>
<a:spcPct val="100000"/>
</a:lnSpc>
</a:pPr>
<a:r>
<a:rPr lang="en-ZA" sz="1000" b="1" strike="noStrike" spc="-1" dirty="0" smtClean="0">
<a:solidFill>
<a:srgbClr val="000000"/>
</a:solidFill>
<a:uFill>
<a:solidFill>
<a:srgbClr val="FFFFFF"/>
</a:solidFill>
</a:uFill>
<a:latin typeface="Expert Sans Regular"/>
</a:rPr>
<a:t>Escalation Required</a:t>
</a:r>
<a:endParaRPr lang="en-ZA" sz="1000" b="1" strike="noStrike" spc="-1" dirty="0">
<a:solidFill>
<a:srgbClr val="000000"/>
</a:solidFill>
<a:uFill>
<a:solidFill>
<a:srgbClr val="FFFFFF"/>
</a:solidFill>
</a:uFill>
<a:latin typeface="Expert Sans Regular"/>
</a:endParaRPr>
</a:p>
</a:txBody>
<a:tcPr>
<a:lnL w="12240">
<a:solidFill>
<a:srgbClr val="FFFFFF"/>
</a:solidFill>
</a:lnL>
<a:lnR w="12240">
<a:solidFill>
<a:srgbClr val="FFFFFF"/>
</a:solidFill>
</a:lnR>
<a:lnT w="12700" cap="flat" cmpd="sng" algn="ctr">
<a:solidFill>
<a:schemeClr val="tx1"/>
</a:solidFill>
<a:prstDash val="solid"/>
<a:round/>
<a:headEnd type="none" w="med" len="med"/>
<a:tailEnd type="none" w="med" len="med"/>
</a:lnT>
<a:lnB w="38160">
<a:solidFill>
<a:srgbClr val="FFFFFF"/>
</a:solidFill>
</a:lnB>
<a:solidFill>
<a:srgbClr val="00AEEF"/>
</a:solidFill>
</a:tcPr>
</a:tc>
<a:tc>
<a:txBody>
<a:bodyPr/>
<a:lstStyle/>
<a:p>
<a:pPr>
<a:lnSpc>
<a:spcPct val="100000"/>
</a:lnSpc>
</a:pPr>
<a:r>
<a:rPr lang="en-GB" sz="1000" b="1" dirty="0" smtClean="0">
<a:latin typeface="Expert Sans Regular"/>
</a:rPr>
<a:t>Reputational or conduct risk impact </a:t>
</a:r>
<a:endParaRPr lang="en-ZA" sz="1000" b="1" strike="noStrike" spc="-1" dirty="0">
<a:solidFill>
<a:srgbClr val="000000"/>
</a:solidFill>
<a:uFill>
<a:solidFill>
<a:srgbClr val="FFFFFF"/>
</a:solidFill>
</a:uFill>
<a:latin typeface="Expert Sans Regular"/>
</a:endParaRPr>
</a:p>
</a:txBody>
<a:tcPr>
<a:lnL w="12240">
<a:solidFill>
<a:srgbClr val="FFFFFF"/>
</a:solidFill>
</a:lnL>
<a:lnR w="12700" cap="flat" cmpd="sng" algn="ctr">
<a:solidFill>
<a:schemeClr val="tx1"/>
</a:solidFill>
<a:prstDash val="solid"/>
<a:round/>
<a:headEnd type="none" w="med" len="med"/>
<a:tailEnd type="none" w="med" len="med"/>
</a:lnR>
<a:lnT w="12700" cap="flat" cmpd="sng" algn="ctr">
<a:solidFill>
<a:schemeClr val="tx1"/>
</a:solidFill>
<a:prstDash val="solid"/>
<a:round/>
<a:headEnd type="none" w="med" len="med"/>
<a:tailEnd type="none" w="med" len="med"/>
</a:lnT>
<a:lnB w="38160">
<a:solidFill>
<a:srgbClr val="FFFFFF"/>
</a:solidFill>
</a:lnB>
<a:solidFill>
<a:srgbClr val="00AEEF"/>
</a:solidFill>
</a:tcPr>
</a:tc>
</a:tr>
<a:tr h="870840">
<a:tc>
<a:txBody>
<a:bodyPr/>
<a:lstStyle/>
<a:p>
<a:r>
<a:rPr lang="en-US" sz="1000" b="1" dirty="0" smtClean="0">
<a:latin typeface="Expert Sans Regular"/>
</a:rPr>
<a:t>{$BREACH_AREA1}</a:t>
</a:r>
<a:endParaRPr lang="en-US" sz="1000" b="1" dirty="0">
<a:latin typeface="Expert Sans Regular"/>
</a:endParaRPr>
</a:p>
</a:txBody>
<a:tcPr>
<a:lnL w="12700" cap="flat" cmpd="sng" algn="ctr">
<a:solidFill>
<a:schemeClr val="tx1"/>
</a:solidFill>
<a:prstDash val="solid"/>
<a:round/>
<a:headEnd type="none" w="med" len="med"/>
<a:tailEnd type="none" w="med" len="med"/>
</a:lnL>
<a:lnR w="12240">
<a:solidFill>
<a:srgbClr val="FFFFFF"/>
</a:solidFill>
</a:lnR>
<a:lnT w="38160" cap="flat" cmpd="sng" algn="ctr">
<a:solidFill>
<a:srgbClr val="FFFFFF"/>
</a:solidFill>
<a:prstDash val="solid"/>
<a:round/>
<a:headEnd type="none" w="med" len="med"/>
<a:tailEnd type="none" w="med" len="med"/>
</a:lnT>
<a:lnB w="12700" cap="flat" cmpd="sng" algn="ctr">
<a:solidFill>
<a:schemeClr val="tx1"/>
</a:solidFill>
<a:prstDash val="solid"/>
<a:round/>
<a:headEnd type="none" w="med" len="med"/>
<a:tailEnd type="none" w="med" len="med"/>
</a:lnB>
<a:solidFill>
<a:srgbClr val="D9D9D9"/>
</a:solidFill>
</a:tcPr>
</a:tc>
<a:tc>
<a:txBody>
<a:bodyPr/>
<a:lstStyle/>
<a:p>
<a:pPr marL="0" marR="0" indent="0" algn="l" defTabSz="914400" rtl="0" eaLnBrk="1" fontAlgn="auto" latinLnBrk="0" hangingPunct="1">
<a:lnSpc>
<a:spcPct val="100000"/>
</a:lnSpc>
<a:spcBef>
<a:spcPts val="0"/>
</a:spcBef>
<a:spcAft>
<a:spcPts val="0"/>
</a:spcAft>
<a:buClrTx/>
<a:buSzTx/>
<a:buFontTx/>
<a:buNone/>
<a:tabLst/>
<a:defRPr/>
</a:pPr>
<a:r>
<a:rPr lang="en-GB" sz="1000" b="1" dirty="0" smtClean="0"/>
<a:t>{$BREACH_DETAIL_OF_BREACH_1}</a:t>
</a:r>
<a:endParaRPr lang="en-US" sz="1000" b="1" dirty="0" smtClean="0">
<a:latin typeface="Expert Sans Regular"/>
</a:endParaRPr>
</a:p>
<a:p>
<a:endParaRPr lang="en-US" sz="1000" b="1" dirty="0">
<a:latin typeface="Expert Sans Regular"/>
</a:endParaRPr>
</a:p>
</a:txBody>
<a:tcPr>
<a:lnL w="12240" cap="flat" cmpd="sng" algn="ctr">
<a:solidFill>
<a:srgbClr val="FFFFFF"/>
</a:solidFill>
<a:prstDash val="solid"/>
<a:round/>
<a:headEnd type="none" w="med" len="med"/>
<a:tailEnd type="none" w="med" len="med"/>
</a:lnL>
<a:lnR w="12240">
<a:solidFill>
<a:srgbClr val="FFFFFF"/>
</a:solidFill>
</a:lnR>
<a:lnT w="38160">
<a:solidFill>
<a:srgbClr val="FFFFFF"/>
</a:solidFill>
</a:lnT>
<a:lnB w="12700" cap="flat" cmpd="sng" algn="ctr">
<a:solidFill>
<a:schemeClr val="tx1"/>
</a:solidFill>
<a:prstDash val="solid"/>
<a:round/>
<a:headEnd type="none" w="med" len="med"/>
<a:tailEnd type="none" w="med" len="med"/>
</a:lnB>
<a:solidFill>
<a:srgbClr val="D9D9D9"/>
</a:solidFill>
</a:tcPr>
</a:tc>
<a:tc>
<a:txBody>
<a:bodyPr/>
<a:lstStyle/>
<a:p>
<a:pPr marL="0" marR="0" lvl="0" indent="0" algn="l" defTabSz="914400" rtl="0" eaLnBrk="1" fontAlgn="auto" latinLnBrk="0" hangingPunct="1">
<a:lnSpc>
<a:spcPct val="100000"/>
</a:lnSpc>
<a:spcBef>
<a:spcPts val="0"/>
</a:spcBef>
<a:spcAft>
<a:spcPts val="0"/>
</a:spcAft>
<a:buClrTx/>
<a:buSzTx/>
<a:buFontTx/>
<a:buNone/>
<a:tabLst/>
<a:defRPr/>
</a:pPr>
<a:r>
<a:rPr lang="en-GB" sz="1000" b="1" dirty="0" smtClean="0"/>
<a:t>{$BREACH_SEVERITY_1}</a:t>
</a:r>
</a:p>
<a:p>
<a:endParaRPr lang="en-US" sz="1000" b="1" dirty="0">
<a:latin typeface="Expert Sans Regular"/>
</a:endParaRPr>
</a:p>
</a:txBody>
<a:tcPr marL="9360" marR="9360">
<a:lnL w="12240">
<a:solidFill>
<a:srgbClr val="FFFFFF"/>
</a:solidFill>
</a:lnL>
<a:lnR w="12240">
<a:solidFill>
<a:srgbClr val="FFFFFF"/>
</a:solidFill>
</a:lnR>
<a:lnT w="38160">
<a:solidFill>
<a:srgbClr val="FFFFFF"/>
</a:solidFill>
</a:lnT>
<a:lnB w="12700" cap="flat" cmpd="sng" algn="ctr">
<a:solidFill>
<a:schemeClr val="tx1"/>
</a:solidFill>
<a:prstDash val="solid"/>
<a:round/>
<a:headEnd type="none" w="med" len="med"/>
<a:tailEnd type="none" w="med" len="med"/>
</a:lnB>
<a:solidFill>
<a:srgbClr val="D9D9D9"/>
</a:solidFill>
</a:tcPr>
</a:tc>
<a:tc>
<a:txBody>
<a:bodyPr/>
<a:lstStyle/>
<a:p>
<a:pPr marL="0" marR="0" lvl="0" indent="0" algn="l" defTabSz="914400" rtl="0" eaLnBrk="1" fontAlgn="auto" latinLnBrk="0" hangingPunct="1">
<a:lnSpc>
<a:spcPct val="100000"/>
</a:lnSpc>
<a:spcBef>
<a:spcPts val="0"/>
</a:spcBef>
<a:spcAft>
<a:spcPts val="0"/>
</a:spcAft>
<a:buClrTx/>
<a:buSzTx/>
<a:buFontTx/>
<a:buNone/>
<a:tabLst/>
<a:defRPr/>
</a:pPr>
<a:r>
<a:rPr lang="en-GB" sz="1000" b="1" dirty="0" smtClean="0"/>
<a:t>{$BREACH_ESCALATION_1}</a:t>
</a:r>
</a:p>
<a:p>
<a:endParaRPr lang="en-ZA" sz="1000" b="1" strike="noStrike" spc="-1" dirty="0">
<a:solidFill>
<a:srgbClr val="000000"/>
</a:solidFill>
<a:uFill>
<a:solidFill>
<a:srgbClr val="FFFFFF"/>
</a:solidFill>
</a:uFill>
<a:latin typeface="Expert Sans Regular"/>
</a:endParaRPr>
</a:p>
</a:txBody>
<a:tcPr marL="9360" marR="9360">
<a:lnL w="12240">
<a:solidFill>
<a:srgbClr val="FFFFFF"/>
</a:solidFill>
</a:lnL>
<a:lnR w="12240">
<a:solidFill>
<a:srgbClr val="FFFFFF"/>
</a:solidFill>
</a:lnR>
<a:lnT w="38160">
<a:solidFill>
<a:srgbClr val="FFFFFF"/>
</a:solidFill>
</a:lnT>
<a:lnB w="12700" cap="flat" cmpd="sng" algn="ctr">
<a:solidFill>
<a:schemeClr val="tx1"/>
</a:solidFill>
<a:prstDash val="solid"/>
<a:round/>
<a:headEnd type="none" w="med" len="med"/>
<a:tailEnd type="none" w="med" len="med"/>
</a:lnB>
<a:solidFill>
<a:srgbClr val="D9D9D9"/>
</a:solidFill>
</a:tcPr>
</a:tc>
<a:tc>
<a:txBody>
<a:bodyPr/>
<a:lstStyle/>
<a:p>
<a:r>
<a:rPr lang="en-GB" sz="1000" b="1" dirty="0" smtClean="0"/>
<a:t>{$BREACH_RISK_IMPACT_1}</a:t>
</a:r>
<a:endParaRPr lang="en-ZA" sz="1000" b="1" strike="noStrike" spc="-1" dirty="0">
<a:solidFill>
<a:srgbClr val="000000"/>
</a:solidFill>
<a:uFill>
<a:solidFill>
<a:srgbClr val="FFFFFF"/>
</a:solidFill>
</a:uFill>
<a:latin typeface="Expert Sans Regular"/>
</a:endParaRPr>
</a:p>
</a:txBody>
<a:tcPr marL="9360" marR="9360">
<a:lnL w="12240">
<a:solidFill>
<a:srgbClr val="FFFFFF"/>
</a:solidFill>
</a:lnL>
<a:lnR w="12700" cap="flat" cmpd="sng" algn="ctr">
<a:solidFill>
<a:schemeClr val="tx1"/>
</a:solidFill>
<a:prstDash val="solid"/>
<a:round/>
<a:headEnd type="none" w="med" len="med"/>
<a:tailEnd type="none" w="med" len="med"/>
</a:lnR>
<a:lnT w="38160">
<a:solidFill>
<a:srgbClr val="FFFFFF"/>
</a:solidFill>
</a:lnT>
<a:lnB w="12700" cap="flat" cmpd="sng" algn="ctr">
<a:solidFill>
<a:schemeClr val="tx1"/>
</a:solidFill>
<a:prstDash val="solid"/>
<a:round/>
<a:headEnd type="none" w="med" len="med"/>
<a:tailEnd type="none" w="med" len="med"/>
</a:lnB>
<a:solidFill>
<a:srgbClr val="D9D9D9"/>
</a:solidFill>
</a:tcPr>
</a:tc>
</a:tr>
</a:tbl>
</a:graphicData>
</a:graphic>
</p:graphicFrame>
<p:graphicFrame>
<p:nvGraphicFramePr>
<p:cNvPr id="12" name="Table 3"/>
<p:cNvGraphicFramePr/>
<p:nvPr/>
</p:nvGraphicFramePr>
<p:xfrm>
<a:off x="381000" y="3228720"/>
<a:ext cx="9067801" cy="1419480"/>
</p:xfrm>
<a:graphic>
<a:graphicData uri="http://schemas.openxmlformats.org/drawingml/2006/table">
<a:tbl>
<a:tblPr/>
<a:tblGrid>
<a:gridCol w="1066800"/>
<a:gridCol w="990600"/>
<a:gridCol w="990600"/>
<a:gridCol w="914400"/>
<a:gridCol w="1371600"/>
<a:gridCol w="533400"/>
<a:gridCol w="790775"/>
<a:gridCol w="1204813"/>
<a:gridCol w="1204813"/>
</a:tblGrid>
<a:tr h="474840">
<a:tc>
<a:txBody>
<a:bodyPr/>
<a:lstStyle/>
<a:p>
<a:pPr>
<a:lnSpc>
<a:spcPct val="100000"/>
</a:lnSpc>
</a:pPr>
<a:r>
<a:rPr lang="en-ZA" sz="1000" b="1" strike="noStrike" spc="-1" dirty="0" smtClean="0">
<a:solidFill>
<a:srgbClr val="000000"/>
</a:solidFill>
<a:uFill>
<a:solidFill>
<a:srgbClr val="FFFFFF"/>
</a:solidFill>
</a:uFill>
<a:latin typeface="Expert Sans Regular"/>
</a:rPr>
<a:t>Area</a:t>
</a:r>
<a:endParaRPr lang="en-ZA" sz="1000" b="1" strike="noStrike" spc="-1" dirty="0">
<a:solidFill>
<a:srgbClr val="000000"/>
</a:solidFill>
<a:uFill>
<a:solidFill>
<a:srgbClr val="FFFFFF"/>
</a:solidFill>
</a:uFill>
<a:latin typeface="Expert Sans Regular"/>
</a:endParaRPr>
</a:p>
</a:txBody>
<a:tcPr>
<a:lnL w="12700" cap="flat" cmpd="sng" algn="ctr">
<a:solidFill>
<a:schemeClr val="tx1"/>
</a:solidFill>
<a:prstDash val="solid"/>
<a:round/>
<a:headEnd type="none" w="med" len="med"/>
<a:tailEnd type="none" w="med" len="med"/>
</a:lnL>
<a:lnR w="12240">
<a:solidFill>
<a:srgbClr val="FFFFFF"/>
</a:solidFill>
</a:lnR>
<a:lnT w="12700" cap="flat" cmpd="sng" algn="ctr">
<a:solidFill>
<a:schemeClr val="tx1"/>
</a:solidFill>
<a:prstDash val="solid"/>
<a:round/>
<a:headEnd type="none" w="med" len="med"/>
<a:tailEnd type="none" w="med" len="med"/>
</a:lnT>
<a:lnB w="38160" cap="flat" cmpd="sng" algn="ctr">
<a:solidFill>
<a:srgbClr val="FFFFFF"/>
</a:solidFill>
<a:prstDash val="solid"/>
<a:round/>
<a:headEnd type="none" w="med" len="med"/>
<a:tailEnd type="none" w="med" len="med"/>
</a:lnB>
<a:solidFill>
<a:srgbClr val="00AEEF"/>
</a:solidFill>
</a:tcPr>
</a:tc>
<a:tc>
<a:txBody>
<a:bodyPr/>
<a:lstStyle/>
<a:p>
<a:pPr>
<a:lnSpc>
<a:spcPct val="100000"/>
</a:lnSpc>
</a:pPr>
<a:r>
<a:rPr lang="en-GB" sz="1000" b="1" dirty="0" smtClean="0"/>
<a:t>Capacity </a:t>
</a:r>
<a:endParaRPr lang="en-ZA" sz="1000" b="1" strike="noStrike" spc="-1" dirty="0">
<a:solidFill>
<a:srgbClr val="000000"/>
</a:solidFill>
<a:uFill>
<a:solidFill>
<a:srgbClr val="FFFFFF"/>
</a:solidFill>
</a:uFill>
<a:latin typeface="Expert Sans Regular"/>
</a:endParaRPr>
</a:p>
</a:txBody>
<a:tcPr>
<a:lnL w="12240" cap="flat" cmpd="sng" algn="ctr">
<a:solidFill>
<a:srgbClr val="FFFFFF"/>
</a:solidFill>
<a:prstDash val="solid"/>
<a:round/>
<a:headEnd type="none" w="med" len="med"/>
<a:tailEnd type="none" w="med" len="med"/>
</a:lnL>
<a:lnR w="12240">
<a:solidFill>
<a:srgbClr val="FFFFFF"/>
</a:solidFill>
</a:lnR>
<a:lnT w="12700" cap="flat" cmpd="sng" algn="ctr">
<a:solidFill>
<a:schemeClr val="tx1"/>
</a:solidFill>
<a:prstDash val="solid"/>
<a:round/>
<a:headEnd type="none" w="med" len="med"/>
<a:tailEnd type="none" w="med" len="med"/>
</a:lnT>
<a:lnB w="38160">
<a:solidFill>
<a:srgbClr val="FFFFFF"/>
</a:solidFill>
</a:lnB>
<a:solidFill>
<a:srgbClr val="00AEEF"/>
</a:solidFill>
</a:tcPr>
</a:tc>
<a:tc>
<a:txBody>
<a:bodyPr/>
<a:lstStyle/>
<a:p>
<a:pPr>
<a:lnSpc>
<a:spcPct val="100000"/>
</a:lnSpc>
</a:pPr>
<a:r>
<a:rPr lang="en-GB" sz="1000" b="1" dirty="0" smtClean="0"/>
<a:t>Vacancies </a:t>
</a:r>
<a:endParaRPr lang="en-ZA" sz="1000" b="1" strike="noStrike" spc="-1" dirty="0">
<a:solidFill>
<a:srgbClr val="000000"/>
</a:solidFill>
<a:uFill>
<a:solidFill>
<a:srgbClr val="FFFFFF"/>
</a:solidFill>
</a:uFill>
<a:latin typeface="Expert Sans Regular"/>
</a:endParaRPr>
</a:p>
</a:txBody>
<a:tcPr>
<a:lnL w="12240">
<a:solidFill>
<a:srgbClr val="FFFFFF"/>
</a:solidFill>
</a:lnL>
<a:lnR w="12240">
<a:solidFill>
<a:srgbClr val="FFFFFF"/>
</a:solidFill>
</a:lnR>
<a:lnT w="12700" cap="flat" cmpd="sng" algn="ctr">
<a:solidFill>
<a:schemeClr val="tx1"/>
</a:solidFill>
<a:prstDash val="solid"/>
<a:round/>
<a:headEnd type="none" w="med" len="med"/>
<a:tailEnd type="none" w="med" len="med"/>
</a:lnT>
<a:lnB w="38160">
<a:solidFill>
<a:srgbClr val="FFFFFF"/>
</a:solidFill>
</a:lnB>
<a:solidFill>
<a:srgbClr val="00AEEF"/>
</a:solidFill>
</a:tcPr>
</a:tc>
<a:tc>
<a:txBody>
<a:bodyPr/>
<a:lstStyle/>
<a:p>
<a:pPr>
<a:lnSpc>
<a:spcPct val="100000"/>
</a:lnSpc>
</a:pPr>
<a:r>
<a:rPr lang="en-GB" sz="1000" b="1" dirty="0" smtClean="0"/>
<a:t>Headcount </a:t>
</a:r>
<a:endParaRPr lang="en-ZA" sz="1000" b="1" strike="noStrike" spc="-1" dirty="0">
<a:solidFill>
<a:srgbClr val="000000"/>
</a:solidFill>
<a:uFill>
<a:solidFill>
<a:srgbClr val="FFFFFF"/>
</a:solidFill>
</a:uFill>
<a:latin typeface="Expert Sans Regular"/>
</a:endParaRPr>
</a:p>
</a:txBody>
<a:tcPr>
<a:lnL w="12240">
<a:solidFill>
<a:srgbClr val="FFFFFF"/>
</a:solidFill>
</a:lnL>
<a:lnR w="12240">
<a:solidFill>
<a:srgbClr val="FFFFFF"/>
</a:solidFill>
</a:lnR>
<a:lnT w="12700" cap="flat" cmpd="sng" algn="ctr">
<a:solidFill>
<a:schemeClr val="tx1"/>
</a:solidFill>
<a:prstDash val="solid"/>
<a:round/>
<a:headEnd type="none" w="med" len="med"/>
<a:tailEnd type="none" w="med" len="med"/>
</a:lnT>
<a:lnB w="38160">
<a:solidFill>
<a:srgbClr val="FFFFFF"/>
</a:solidFill>
</a:lnB>
<a:solidFill>
<a:srgbClr val="00AEEF"/>
</a:solidFill>
</a:tcPr>
</a:tc>
<a:tc>
<a:txBody>
<a:bodyPr/>
<a:lstStyle/>
<a:p>
<a:pPr>
<a:lnSpc>
<a:spcPct val="100000"/>
</a:lnSpc>
</a:pPr>
<a:r>
<a:rPr lang="en-GB" sz="1000" b="1" dirty="0" smtClean="0"/>
<a:t>Diversity and Inclusion activity </a:t>
</a:r>
<a:endParaRPr lang="en-ZA" sz="1000" b="1" strike="noStrike" spc="-1" dirty="0">
<a:solidFill>
<a:srgbClr val="000000"/>
</a:solidFill>
<a:uFill>
<a:solidFill>
<a:srgbClr val="FFFFFF"/>
</a:solidFill>
</a:uFill>
<a:latin typeface="Expert Sans Regular"/>
</a:endParaRPr>
</a:p>
</a:txBody>
<a:tcPr>
<a:lnL w="12240">
<a:solidFill>
<a:srgbClr val="FFFFFF"/>
</a:solidFill>
</a:lnL>
<a:lnR w="12240" cap="flat" cmpd="sng" algn="ctr">
<a:solidFill>
<a:srgbClr val="FFFFFF"/>
</a:solidFill>
<a:prstDash val="solid"/>
<a:round/>
<a:headEnd type="none" w="med" len="med"/>
<a:tailEnd type="none" w="med" len="med"/>
</a:lnR>
<a:lnT w="12700" cap="flat" cmpd="sng" algn="ctr">
<a:solidFill>
<a:schemeClr val="tx1"/>
</a:solidFill>
<a:prstDash val="solid"/>
<a:round/>
<a:headEnd type="none" w="med" len="med"/>
<a:tailEnd type="none" w="med" len="med"/>
</a:lnT>
<a:lnB w="38160">
<a:solidFill>
<a:srgbClr val="FFFFFF"/>
</a:solidFill>
</a:lnB>
<a:solidFill>
<a:srgbClr val="00AEEF"/>
</a:solidFill>
</a:tcPr>
</a:tc>
<a:tc>
<a:txBody>
<a:bodyPr/>
<a:lstStyle/>
<a:p>
<a:pPr>
<a:lnSpc>
<a:spcPct val="100000"/>
</a:lnSpc>
</a:pPr>
<a:r>
<a:rPr lang="en-GB" sz="1000" b="1" dirty="0" smtClean="0"/>
<a:t>Vacancy ratio</a:t>
</a:r>
<a:endParaRPr lang="en-ZA" sz="1000" b="1" strike="noStrike" spc="-1" dirty="0">
<a:solidFill>
<a:srgbClr val="000000"/>
</a:solidFill>
<a:uFill>
<a:solidFill>
<a:srgbClr val="FFFFFF"/>
</a:solidFill>
</a:uFill>
<a:latin typeface="Expert Sans Regular"/>
</a:endParaRPr>
</a:p>
</a:txBody>
<a:tcPr>
<a:lnL w="12240">
<a:solidFill>
<a:srgbClr val="FFFFFF"/>
</a:solidFill>
</a:lnL>
<a:lnR w="12240" cap="flat" cmpd="sng" algn="ctr">
<a:solidFill>
<a:srgbClr val="FFFFFF"/>
</a:solidFill>
<a:prstDash val="solid"/>
<a:round/>
<a:headEnd type="none" w="med" len="med"/>
<a:tailEnd type="none" w="med" len="med"/>
</a:lnR>
<a:lnT w="12700" cap="flat" cmpd="sng" algn="ctr">
<a:solidFill>
<a:schemeClr val="tx1"/>
</a:solidFill>
<a:prstDash val="solid"/>
<a:round/>
<a:headEnd type="none" w="med" len="med"/>
<a:tailEnd type="none" w="med" len="med"/>
</a:lnT>
<a:lnB w="38160" cap="flat" cmpd="sng" algn="ctr">
<a:solidFill>
<a:srgbClr val="FFFFFF"/>
</a:solidFill>
<a:prstDash val="solid"/>
<a:round/>
<a:headEnd type="none" w="med" len="med"/>
<a:tailEnd type="none" w="med" len="med"/>
</a:lnB>
<a:solidFill>
<a:srgbClr val="00AEEF"/>
</a:solidFill>
</a:tcPr>
</a:tc>
<a:tc>
<a:txBody>
<a:bodyPr/>
<a:lstStyle/>
<a:p>
<a:pPr>
<a:lnSpc>
<a:spcPct val="100000"/>
</a:lnSpc>
</a:pPr>
<a:r>
<a:rPr lang="en-GB" sz="1000" b="1" dirty="0" smtClean="0"/>
<a:t>Staff Attrition</a:t>
</a:r>
<a:endParaRPr lang="en-ZA" sz="1000" b="1" strike="noStrike" spc="-1" dirty="0">
<a:solidFill>
<a:srgbClr val="000000"/>
</a:solidFill>
<a:uFill>
<a:solidFill>
<a:srgbClr val="FFFFFF"/>
</a:solidFill>
</a:uFill>
<a:latin typeface="Expert Sans Regular"/>
</a:endParaRPr>
</a:p>
</a:txBody>
<a:tcPr>
<a:lnL w="12240">
<a:solidFill>
<a:srgbClr val="FFFFFF"/>
</a:solidFill>
</a:lnL>
<a:lnR w="12240" cap="flat" cmpd="sng" algn="ctr">
<a:solidFill>
<a:srgbClr val="FFFFFF"/>
</a:solidFill>
<a:prstDash val="solid"/>
<a:round/>
<a:headEnd type="none" w="med" len="med"/>
<a:tailEnd type="none" w="med" len="med"/>
</a:lnR>
<a:lnT w="12700" cap="flat" cmpd="sng" algn="ctr">
<a:solidFill>
<a:schemeClr val="tx1"/>
</a:solidFill>
<a:prstDash val="solid"/>
<a:round/>
<a:headEnd type="none" w="med" len="med"/>
<a:tailEnd type="none" w="med" len="med"/>
</a:lnT>
<a:lnB w="38160" cap="flat" cmpd="sng" algn="ctr">
<a:solidFill>
<a:srgbClr val="FFFFFF"/>
</a:solidFill>
<a:prstDash val="solid"/>
<a:round/>
<a:headEnd type="none" w="med" len="med"/>
<a:tailEnd type="none" w="med" len="med"/>
</a:lnB>
<a:solidFill>
<a:srgbClr val="00AEEF"/>
</a:solidFill>
</a:tcPr>
</a:tc>
<a:tc>
<a:txBody>
<a:bodyPr/>
<a:lstStyle/>
<a:p>
<a:pPr lvl="4">
<a:spcBef>
<a:spcPts val="0"/>
</a:spcBef>
<a:buNone/>
</a:pPr>
<a:r>
<a:rPr lang="en-GB" sz="1200" b="1" dirty="0"/>
<a:t>People Skills initiatives </a:t>
</a:r>
<a:r>
<a:rPr lang="en-GB" sz="1200" b="1"/>
<a:t>etc</a:t>
</a:r>
<a:r>
<a:rPr lang="en-GB" sz="1200" b="1" smtClean="0"/>
<a:t>.</a:t>
</a:r>
<a:endParaRPr lang="en-GB" sz="1200" b="1" dirty="0"/>
</a:p>
</a:txBody>
<a:tcPr>
<a:lnL w="12240">
<a:solidFill>
<a:srgbClr val="FFFFFF"/>
</a:solidFill>
</a:lnL>
<a:lnR w="12240" cap="flat" cmpd="sng" algn="ctr">
<a:solidFill>
<a:srgbClr val="FFFFFF"/>
</a:solidFill>
<a:prstDash val="solid"/>
<a:round/>
<a:headEnd type="none" w="med" len="med"/>
<a:tailEnd type="none" w="med" len="med"/>
</a:lnR>
<a:lnT w="12700" cap="flat" cmpd="sng" algn="ctr">
<a:solidFill>
<a:schemeClr val="tx1"/>
</a:solidFill>
<a:prstDash val="solid"/>
<a:round/>
<a:headEnd type="none" w="med" len="med"/>
<a:tailEnd type="none" w="med" len="med"/>
</a:lnT>
<a:lnB w="38160" cap="flat" cmpd="sng" algn="ctr">
<a:solidFill>
<a:srgbClr val="FFFFFF"/>
</a:solidFill>
<a:prstDash val="solid"/>
<a:round/>
<a:headEnd type="none" w="med" len="med"/>
<a:tailEnd type="none" w="med" len="med"/>
</a:lnB>
<a:solidFill>
<a:srgbClr val="00AEEF"/>
</a:solidFill>
</a:tcPr>
</a:tc>
<a:tc>
<a:txBody>
<a:bodyPr/>
<a:lstStyle/>
<a:p>
<a:pPr>
<a:lnSpc>
<a:spcPct val="100000"/>
</a:lnSpc>
</a:pPr>
<a:r>
<a:rPr lang="en-GB" sz="1000" b="1" dirty="0" smtClean="0"/>
<a:t>Training </a:t>
</a:r>
<a:endParaRPr lang="en-ZA" sz="1000" b="1" strike="noStrike" spc="-1" dirty="0">
<a:solidFill>
<a:srgbClr val="000000"/>
</a:solidFill>
<a:uFill>
<a:solidFill>
<a:srgbClr val="FFFFFF"/>
</a:solidFill>
</a:uFill>
<a:latin typeface="Expert Sans Regular"/>
</a:endParaRPr>
</a:p>
</a:txBody>
<a:tcPr>
<a:lnL w="12240">
<a:solidFill>
<a:srgbClr val="FFFFFF"/>
</a:solidFill>
</a:lnL>
<a:lnR w="12700" cap="flat" cmpd="sng" algn="ctr">
<a:solidFill>
<a:schemeClr val="tx1"/>
</a:solidFill>
<a:prstDash val="solid"/>
<a:round/>
<a:headEnd type="none" w="med" len="med"/>
<a:tailEnd type="none" w="med" len="med"/>
</a:lnR>
<a:lnT w="12700" cap="flat" cmpd="sng" algn="ctr">
<a:solidFill>
<a:schemeClr val="tx1"/>
</a:solidFill>
<a:prstDash val="solid"/>
<a:round/>
<a:headEnd type="none" w="med" len="med"/>
<a:tailEnd type="none" w="med" len="med"/>
</a:lnT>
<a:lnB w="38160" cap="flat" cmpd="sng" algn="ctr">
<a:solidFill>
<a:srgbClr val="FFFFFF"/>
</a:solidFill>
<a:prstDash val="solid"/>
<a:round/>
<a:headEnd type="none" w="med" len="med"/>
<a:tailEnd type="none" w="med" len="med"/>
</a:lnB>
<a:solidFill>
<a:srgbClr val="00AEEF"/>
</a:solidFill>
</a:tcPr>
</a:tc>
</a:tr>
<a:tr h="870840">
<a:tc>
<a:txBody>
<a:bodyPr/>
<a:lstStyle/>
<a:p>
<a:r>
<a:rPr lang="en-US" sz="1000" b="1" dirty="0" smtClean="0">
<a:latin typeface="Expert Sans Regular"/>
</a:rPr>
<a:t>{$PEOPLE_AREA1}</a:t>
</a:r>
<a:endParaRPr lang="en-US" sz="1000" b="1" dirty="0">
<a:latin typeface="Expert Sans Regular"/>
</a:endParaRPr>
</a:p>
</a:txBody>
<a:tcPr>
<a:lnL w="12700" cap="flat" cmpd="sng" algn="ctr">
<a:solidFill>
<a:schemeClr val="tx1"/>
</a:solidFill>
<a:prstDash val="solid"/>
<a:round/>
<a:headEnd type="none" w="med" len="med"/>
<a:tailEnd type="none" w="med" len="med"/>
</a:lnL>
<a:lnR w="12240">
<a:solidFill>
<a:srgbClr val="FFFFFF"/>
</a:solidFill>
</a:lnR>
<a:lnT w="38160" cap="flat" cmpd="sng" algn="ctr">
<a:solidFill>
<a:srgbClr val="FFFFFF"/>
</a:solidFill>
<a:prstDash val="solid"/>
<a:round/>
<a:headEnd type="none" w="med" len="med"/>
<a:tailEnd type="none" w="med" len="med"/>
</a:lnT>
<a:lnB w="12700" cap="flat" cmpd="sng" algn="ctr">
<a:solidFill>
<a:schemeClr val="tx1"/>
</a:solidFill>
<a:prstDash val="solid"/>
<a:round/>
<a:headEnd type="none" w="med" len="med"/>
<a:tailEnd type="none" w="med" len="med"/>
</a:lnB>
<a:solidFill>
<a:srgbClr val="D9D9D9"/>
</a:solidFill>
</a:tcPr>
</a:tc>
<a:tc>
<a:txBody>
<a:bodyPr/>
<a:lstStyle/>
<a:p>
<a:r>
<a:rPr lang="en-GB" sz="1000" b="1" dirty="0" smtClean="0"/>
<a:t>{$PEOPLE_CAPACITY_1}</a:t>
</a:r>
<a:endParaRPr lang="en-US" sz="1000" b="1" dirty="0">
<a:latin typeface="Expert Sans Regular"/>
</a:endParaRPr>
</a:p>
</a:txBody>
<a:tcPr>
<a:lnL w="12240" cap="flat" cmpd="sng" algn="ctr">
<a:solidFill>
<a:srgbClr val="FFFFFF"/>
</a:solidFill>
<a:prstDash val="solid"/>
<a:round/>
<a:headEnd type="none" w="med" len="med"/>
<a:tailEnd type="none" w="med" len="med"/>
</a:lnL>
<a:lnR w="12240">
<a:solidFill>
<a:srgbClr val="FFFFFF"/>
</a:solidFill>
</a:lnR>
<a:lnT w="38160">
<a:solidFill>
<a:srgbClr val="FFFFFF"/>
</a:solidFill>
</a:lnT>
<a:lnB w="12700" cap="flat" cmpd="sng" algn="ctr">
<a:solidFill>
<a:schemeClr val="tx1"/>
</a:solidFill>
<a:prstDash val="solid"/>
<a:round/>
<a:headEnd type="none" w="med" len="med"/>
<a:tailEnd type="none" w="med" len="med"/>
</a:lnB>
<a:solidFill>
<a:srgbClr val="D9D9D9"/>
</a:solidFill>
</a:tcPr>
</a:tc>
<a:tc>
<a:txBody>
<a:bodyPr/>
<a:lstStyle/>
<a:p>
<a:r>
<a:rPr lang="en-GB" sz="1000" b="1" dirty="0" smtClean="0"/>
<a:t>{$PEOPLE_VACANSIES_1}</a:t>
</a:r>
<a:endParaRPr lang="en-US" sz="1000" b="1" dirty="0">
<a:latin typeface="Expert Sans Regular"/>
</a:endParaRPr>
</a:p>
</a:txBody>
<a:tcPr marL="9360" marR="9360">
<a:lnL w="12240">
<a:solidFill>
<a:srgbClr val="FFFFFF"/>
</a:solidFill>
</a:lnL>
<a:lnR w="12240">
<a:solidFill>
<a:srgbClr val="FFFFFF"/>
</a:solidFill>
</a:lnR>
<a:lnT w="38160">
<a:solidFill>
<a:srgbClr val="FFFFFF"/>
</a:solidFill>
</a:lnT>
<a:lnB w="12700" cap="flat" cmpd="sng" algn="ctr">
<a:solidFill>
<a:schemeClr val="tx1"/>
</a:solidFill>
<a:prstDash val="solid"/>
<a:round/>
<a:headEnd type="none" w="med" len="med"/>
<a:tailEnd type="none" w="med" len="med"/>
</a:lnB>
<a:solidFill>
<a:srgbClr val="D9D9D9"/>
</a:solidFill>
</a:tcPr>
</a:tc>
<a:tc>
<a:txBody>
<a:bodyPr/>
<a:lstStyle/>
<a:p>
<a:r>
<a:rPr lang="en-GB" sz="1000" b="1" dirty="0" smtClean="0"/>
<a:t>{$PEOPLE_HEADCOUNT_1}</a:t>
</a:r>
<a:endParaRPr lang="en-ZA" sz="1000" b="1" strike="noStrike" spc="-1" dirty="0">
<a:solidFill>
<a:srgbClr val="000000"/>
</a:solidFill>
<a:uFill>
<a:solidFill>
<a:srgbClr val="FFFFFF"/>
</a:solidFill>
</a:uFill>
<a:latin typeface="Expert Sans Regular"/>
</a:endParaRPr>
</a:p>
</a:txBody>
<a:tcPr marL="9360" marR="9360">
<a:lnL w="12240">
<a:solidFill>
<a:srgbClr val="FFFFFF"/>
</a:solidFill>
</a:lnL>
<a:lnR w="12240">
<a:solidFill>
<a:srgbClr val="FFFFFF"/>
</a:solidFill>
</a:lnR>
<a:lnT w="38160">
<a:solidFill>
<a:srgbClr val="FFFFFF"/>
</a:solidFill>
</a:lnT>
<a:lnB w="12700" cap="flat" cmpd="sng" algn="ctr">
<a:solidFill>
<a:schemeClr val="tx1"/>
</a:solidFill>
<a:prstDash val="solid"/>
<a:round/>
<a:headEnd type="none" w="med" len="med"/>
<a:tailEnd type="none" w="med" len="med"/>
</a:lnB>
<a:solidFill>
<a:srgbClr val="D9D9D9"/>
</a:solidFill>
</a:tcPr>
</a:tc>
<a:tc>
<a:txBody>
<a:bodyPr/>
<a:lstStyle/>
<a:p>
<a:r>
<a:rPr lang="en-GB" sz="1000" b="1" dirty="0" smtClean="0"/>
<a:t>{$PEOPLE_DIVERSITY_1}</a:t>
</a:r>
<a:endParaRPr lang="en-ZA" sz="1000" b="1" strike="noStrike" spc="-1" dirty="0">
<a:solidFill>
<a:srgbClr val="000000"/>
</a:solidFill>
<a:uFill>
<a:solidFill>
<a:srgbClr val="FFFFFF"/>
</a:solidFill>
</a:uFill>
<a:latin typeface="Expert Sans Regular"/>
</a:endParaRPr>
</a:p>
</a:txBody>
<a:tcPr marL="9360" marR="9360">
<a:lnL w="12240">
<a:solidFill>
<a:srgbClr val="FFFFFF"/>
</a:solidFill>
</a:lnL>
<a:lnR w="12240" cap="flat" cmpd="sng" algn="ctr">
<a:solidFill>
<a:srgbClr val="FFFFFF"/>
</a:solidFill>
<a:prstDash val="solid"/>
<a:round/>
<a:headEnd type="none" w="med" len="med"/>
<a:tailEnd type="none" w="med" len="med"/>
</a:lnR>
<a:lnT w="38160">
<a:solidFill>
<a:srgbClr val="FFFFFF"/>
</a:solidFill>
</a:lnT>
<a:lnB w="12700" cap="flat" cmpd="sng" algn="ctr">
<a:solidFill>
<a:schemeClr val="tx1"/>
</a:solidFill>
<a:prstDash val="solid"/>
<a:round/>
<a:headEnd type="none" w="med" len="med"/>
<a:tailEnd type="none" w="med" len="med"/>
</a:lnB>
<a:solidFill>
<a:srgbClr val="D9D9D9"/>
</a:solidFill>
</a:tcPr>
</a:tc>
<a:tc>
<a:txBody>
<a:bodyPr/>
<a:lstStyle/>
<a:p>
<a:r>
<a:rPr lang="en-GB" sz="1000" b="1" dirty="0" smtClean="0"/>
<a:t>{$PEOPLE_VACANCY_RATIO_1}</a:t>
</a:r>
<a:endParaRPr lang="en-ZA" sz="1000" b="1" strike="noStrike" spc="-1" dirty="0">
<a:solidFill>
<a:srgbClr val="000000"/>
</a:solidFill>
<a:uFill>
<a:solidFill>
<a:srgbClr val="FFFFFF"/>
</a:solidFill>
</a:uFill>
<a:latin typeface="Expert Sans Regular"/>
</a:endParaRPr>
</a:p>
</a:txBody>
<a:tcPr marL="9360" marR="9360">
<a:lnL w="12240">
<a:solidFill>
<a:srgbClr val="FFFFFF"/>
</a:solidFill>
</a:lnL>
<a:lnR w="12240" cap="flat" cmpd="sng" algn="ctr">
<a:solidFill>
<a:srgbClr val="FFFFFF"/>
</a:solidFill>
<a:prstDash val="solid"/>
<a:round/>
<a:headEnd type="none" w="med" len="med"/>
<a:tailEnd type="none" w="med" len="med"/>
</a:lnR>
<a:lnT w="38160" cap="flat" cmpd="sng" algn="ctr">
<a:solidFill>
<a:srgbClr val="FFFFFF"/>
</a:solidFill>
<a:prstDash val="solid"/>
<a:round/>
<a:headEnd type="none" w="med" len="med"/>
<a:tailEnd type="none" w="med" len="med"/>
</a:lnT>
<a:lnB w="12700" cap="flat" cmpd="sng" algn="ctr">
<a:solidFill>
<a:schemeClr val="tx1"/>
</a:solidFill>
<a:prstDash val="solid"/>
<a:round/>
<a:headEnd type="none" w="med" len="med"/>
<a:tailEnd type="none" w="med" len="med"/>
</a:lnB>
<a:solidFill>
<a:srgbClr val="D9D9D9"/>
</a:solidFill>
</a:tcPr>
</a:tc>
<a:tc>
<a:txBody>
<a:bodyPr/>
<a:lstStyle/>
<a:p>
<a:r>
<a:rPr lang="en-GB" sz="1000" b="1" dirty="0" smtClean="0"/>
<a:t>{$PEOPLE_STAFF_ATRRITION_1}</a:t>
</a:r>
<a:endParaRPr lang="en-ZA" sz="1000" b="1" strike="noStrike" spc="-1" dirty="0">
<a:solidFill>
<a:srgbClr val="000000"/>
</a:solidFill>
<a:uFill>
<a:solidFill>
<a:srgbClr val="FFFFFF"/>
</a:solidFill>
</a:uFill>
<a:latin typeface="Expert Sans Regular"/>
</a:endParaRPr>
</a:p>
</a:txBody>
<a:tcPr marL="9360" marR="9360">
<a:lnL w="12240">
<a:solidFill>
<a:srgbClr val="FFFFFF"/>
</a:solidFill>
</a:lnL>
<a:lnR w="12240" cap="flat" cmpd="sng" algn="ctr">
<a:solidFill>
<a:srgbClr val="FFFFFF"/>
</a:solidFill>
<a:prstDash val="solid"/>
<a:round/>
<a:headEnd type="none" w="med" len="med"/>
<a:tailEnd type="none" w="med" len="med"/>
</a:lnR>
<a:lnT w="38160" cap="flat" cmpd="sng" algn="ctr">
<a:solidFill>
<a:srgbClr val="FFFFFF"/>
</a:solidFill>
<a:prstDash val="solid"/>
<a:round/>
<a:headEnd type="none" w="med" len="med"/>
<a:tailEnd type="none" w="med" len="med"/>
</a:lnT>
<a:lnB w="12700" cap="flat" cmpd="sng" algn="ctr">
<a:solidFill>
<a:schemeClr val="tx1"/>
</a:solidFill>
<a:prstDash val="solid"/>
<a:round/>
<a:headEnd type="none" w="med" len="med"/>
<a:tailEnd type="none" w="med" len="med"/>
</a:lnB>
<a:solidFill>
<a:srgbClr val="D9D9D9"/>
</a:solidFill>
</a:tcPr>
</a:tc>
<a:tc>
<a:txBody>
<a:bodyPr/>
<a:lstStyle/>
<a:p>
<a:r>
<a:rPr lang="en-GB" sz="1000" b="1" smtClean="0"/>
<a:t>{$PEOPLE_SKILLS_1}</a:t>
</a:r>
<a:endParaRPr lang="en-ZA" sz="1000" b="1" strike="noStrike" spc="-1" dirty="0">
<a:solidFill>
<a:srgbClr val="000000"/>
</a:solidFill>
<a:uFill>
<a:solidFill>
<a:srgbClr val="FFFFFF"/>
</a:solidFill>
</a:uFill>
<a:latin typeface="Expert Sans Regular"/>
</a:endParaRPr>
</a:p>
</a:txBody>
<a:tcPr marL="9360" marR="9360">
<a:lnL w="12240">
<a:solidFill>
<a:srgbClr val="FFFFFF"/>
</a:solidFill>
</a:lnL>
<a:lnR w="12240" cap="flat" cmpd="sng" algn="ctr">
<a:solidFill>
<a:srgbClr val="FFFFFF"/>
</a:solidFill>
<a:prstDash val="solid"/>
<a:round/>
<a:headEnd type="none" w="med" len="med"/>
<a:tailEnd type="none" w="med" len="med"/>
</a:lnR>
<a:lnT w="38160" cap="flat" cmpd="sng" algn="ctr">
<a:solidFill>
<a:srgbClr val="FFFFFF"/>
</a:solidFill>
<a:prstDash val="solid"/>
<a:round/>
<a:headEnd type="none" w="med" len="med"/>
<a:tailEnd type="none" w="med" len="med"/>
</a:lnT>
<a:lnB w="12700" cap="flat" cmpd="sng" algn="ctr">
<a:solidFill>
<a:schemeClr val="tx1"/>
</a:solidFill>
<a:prstDash val="solid"/>
<a:round/>
<a:headEnd type="none" w="med" len="med"/>
<a:tailEnd type="none" w="med" len="med"/>
</a:lnB>
<a:solidFill>
<a:srgbClr val="D9D9D9"/>
</a:solidFill>
</a:tcPr>
</a:tc>
<a:tc>
<a:txBody>
<a:bodyPr/>
<a:lstStyle/>
<a:p>
<a:r>
<a:rPr lang="en-GB" sz="1000" b="1" dirty="0" smtClean="0"/>
<a:t>{$PEOPLE_TRAINING_1}</a:t>
</a:r>
<a:endParaRPr lang="en-ZA" sz="1000" b="1" strike="noStrike" spc="-1" dirty="0">
<a:solidFill>
<a:srgbClr val="000000"/>
</a:solidFill>
<a:uFill>
<a:solidFill>
<a:srgbClr val="FFFFFF"/>
</a:solidFill>
</a:uFill>
<a:latin typeface="Expert Sans Regular"/>
</a:endParaRPr>
</a:p>
</a:txBody>
<a:tcPr marL="9360" marR="9360">
<a:lnL w="12240">
<a:solidFill>
<a:srgbClr val="FFFFFF"/>
</a:solidFill>
</a:lnL>
<a:lnR w="12700" cap="flat" cmpd="sng" algn="ctr">
<a:solidFill>
<a:schemeClr val="tx1"/>
</a:solidFill>
<a:prstDash val="solid"/>
<a:round/>
<a:headEnd type="none" w="med" len="med"/>
<a:tailEnd type="none" w="med" len="med"/>
</a:lnR>
<a:lnT w="38160" cap="flat" cmpd="sng" algn="ctr">
<a:solidFill>
<a:srgbClr val="FFFFFF"/>
</a:solidFill>
<a:prstDash val="solid"/>
<a:round/>
<a:headEnd type="none" w="med" len="med"/>
<a:tailEnd type="none" w="med" len="med"/>
</a:lnT>
<a:lnB w="12700" cap="flat" cmpd="sng" algn="ctr">
<a:solidFill>
<a:schemeClr val="tx1"/>
</a:solidFill>
<a:prstDash val="solid"/>
<a:round/>
<a:headEnd type="none" w="med" len="med"/>
<a:tailEnd type="none" w="med" len="med"/>
</a:lnB>
<a:solidFill>
<a:srgbClr val="D9D9D9"/>
</a:solidFill>
</a:tcPr>
</a:tc>
</a:tr>
</a:tbl>
</a:graphicData>
</a:graphic>
</p:graphicFrame>
</p:spTree>
</p:cSld>
<p:clrMapOvr>
<a:masterClrMapping/>
</p:clrMapOvr>
</p:sld>
