<?xml version="1.0" encoding="UTF-8" standalone="yes"?>
<p:sld xmlns:a="http://schemas.openxmlformats.org/drawingml/2006/main" xmlns:r="http://schemas.openxmlformats.org/officeDocument/2006/relationships" xmlns:p="http://schemas.openxmlformats.org/presentationml/2006/main"><p:cSld><p:spTree><p:nvGrpSpPr><p:cNvPr id="1" name=""/><p:cNvGrpSpPr/><p:nvPr/></p:nvGrpSpPr><p:grpSpPr><a:xfrm><a:off x="0" y="0"/><a:ext cx="0" cy="0"/><a:chOff x="0" y="0"/><a:chExt cx="0" cy="0"/></a:xfrm></p:grpSpPr><p:sp><p:nvSpPr><p:cNvPr id="47" name="TextShape 1"/><p:cNvSpPr txBox="1"/><p:nvPr/></p:nvSpPr><p:spPr><a:xfrm><a:off x="342720" y="202680"/><a:ext cx="8915040" cy="276480"/></a:xfrm><a:prstGeom prst="rect"><a:avLst/></a:prstGeom><a:noFill/><a:ln><a:noFill/></a:ln></p:spPr><p:txBody><a:bodyPr lIns="0" tIns="0" rIns="0" bIns="0" anchor="ctr"/><a:lstStyle/><a:p><a:pPr><a:lnSpc><a:spcPct val="100000"/></a:lnSpc></a:pPr><a:r><a:rPr lang="en-GB" sz="1800" strike="noStrike" spc="-1"><a:solidFill><a:srgbClr val="00B0F0"/></a:solidFill><a:uFill><a:solidFill><a:srgbClr val="FFFFFF"/></a:solidFill></a:uFill><a:latin typeface="Expert Sans Regular"/></a:rPr><a:t>Regulatory Breaches / Fines   </a:t></a:r><a:endParaRPr lang="en-GB" sz="3600" strike="noStrike" spc="-1"><a:solidFill><a:srgbClr val="00AEEF"/></a:solidFill><a:uFill><a:solidFill><a:srgbClr val="FFFFFF"/></a:solidFill></a:uFill><a:latin typeface="Arial"/></a:endParaRPr></a:p></p:txBody></p:sp><p:graphicFrame><p:nvGraphicFramePr><p:cNvPr id="49" name="Table 3"/><p:cNvGraphicFramePr/><p:nvPr/></p:nvGraphicFramePr><p:xfrm><a:off x="488520" y="628560"/><a:ext cx="9140760" cy="1345680"/></p:xfrm><a:graphic><a:graphicData uri="http://schemas.openxmlformats.org/drawingml/2006/table"><a:tbl><a:tblPr/><a:tblGrid><a:gridCol w="856080"/><a:gridCol w="832680"/><a:gridCol w="2489400"/><a:gridCol w="2000160"/><a:gridCol w="1228680"/><a:gridCol w="1733760"/></a:tblGrid><a:tr h="474840"><a:tc><a:txBody><a:bodyPr/><a:lstStyle/><a:p><a:pPr><a:lnSpc><a:spcPct val="100000"/></a:lnSpc></a:pPr><a:r><a:rPr lang="en-ZA" sz="1000" b="1" strike="noStrike" spc="-1" dirty="0"><a:solidFill><a:srgbClr val="000000"/></a:solidFill><a:uFill><a:solidFill><a:srgbClr val="FFFFFF"/></a:solidFill></a:uFill><a:latin typeface="Expert Sans Regular"/></a:rPr><a:t>Name of Regulator </a:t></a:r><a:endParaRPr lang="en-ZA" sz="1000" strike="noStrike" spc="-1" dirty="0"><a:solidFill><a:srgbClr val="000000"/></a:solidFill><a:uFill><a:solidFill><a:srgbClr val="FFFFFF"/></a:solidFill></a:uFill><a:latin typeface="Expert Sans Regular"/></a:endParaRPr></a:p></a:txBody><a:tcPr><a:lnL w="12700" cap="flat" cmpd="sng" algn="ctr"><a:solidFill><a:schemeClr val="tx1"/></a:solidFill><a:prstDash val="solid"/><a:round/><a:headEnd type="none" w="med" len="med"/><a:tailEnd type="none" w="med" len="med"/></a:lnL><a:lnR w="12240"><a:solidFill><a:srgbClr val="FFFFFF"/></a:solidFill></a:lnR><a:lnT w="12700" cap="flat" cmpd="sng" algn="ctr"><a:solidFill><a:schemeClr val="tx1"/></a:solidFill><a:prstDash val="solid"/><a:round/><a:headEnd type="none" w="med" len="med"/><a:tailEnd type="none" w="med" len="med"/></a:lnT><a:lnB w="38160"><a:solidFill><a:srgbClr val="FFFFFF"/></a:solidFill></a:lnB><a:solidFill><a:srgbClr val="00AEEF"/></a:solidFill></a:tcPr></a:tc><a:tc><a:txBody><a:bodyPr/><a:lstStyle/><a:p><a:pPr><a:lnSpc><a:spcPct val="100000"/></a:lnSpc></a:pPr><a:r><a:rPr lang="en-ZA" sz="1000" b="1" strike="noStrike" spc="-1" dirty="0"><a:solidFill><a:srgbClr val="000000"/></a:solidFill><a:uFill><a:solidFill><a:srgbClr val="FFFFFF"/></a:solidFill></a:uFill><a:latin typeface="Expert Sans Regular"/></a:rPr><a:t>Breach/ Fine </a:t></a:r><a:endParaRPr lang="en-ZA" sz="1000" strike="noStrike" spc="-1" dirty="0"><a:solidFill><a:srgbClr val="000000"/></a:solidFill><a:uFill><a:solidFill><a:srgbClr val="FFFFFF"/></a:solidFill></a:uFill><a:latin typeface="Expert Sans Regular"/></a:endParaRPr></a:p></a:txBody><a:tcPr><a:lnL w="12240"><a:solidFill><a:srgbClr val="FFFFFF"/></a:solidFill></a:lnL><a:lnR w="12240"><a:solidFill><a:srgbClr val="FFFFFF"/></a:solidFill></a:lnR><a:lnT w="12700" cap="flat" cmpd="sng" algn="ctr"><a:solidFill><a:schemeClr val="tx1"/></a:solidFill><a:prstDash val="solid"/><a:round/><a:headEnd type="none" w="med" len="med"/><a:tailEnd type="none" w="med" len="med"/></a:lnT><a:lnB w="38160"><a:solidFill><a:srgbClr val="FFFFFF"/></a:solidFill></a:lnB><a:solidFill><a:srgbClr val="00AEEF"/></a:solidFill></a:tcPr></a:tc><a:tc><a:txBody><a:bodyPr/><a:lstStyle/><a:p><a:pPr><a:lnSpc><a:spcPct val="100000"/></a:lnSpc></a:pPr><a:r><a:rPr lang="en-ZA" sz="1000" b="1" strike="noStrike" spc="-1" dirty="0"><a:solidFill><a:srgbClr val="000000"/></a:solidFill><a:uFill><a:solidFill><a:srgbClr val="FFFFFF"/></a:solidFill></a:uFill><a:latin typeface="Expert Sans Regular"/></a:rPr><a:t>Reason for Breach/Fine</a:t></a:r><a:endParaRPr lang="en-ZA" sz="1000" strike="noStrike" spc="-1" dirty="0"><a:solidFill><a:srgbClr val="000000"/></a:solidFill><a:uFill><a:solidFill><a:srgbClr val="FFFFFF"/></a:solidFill></a:uFill><a:latin typeface="Expert Sans Regular"/></a:endParaRPr></a:p></a:txBody><a:tcPr><a:lnL w="12240"><a:solidFill><a:srgbClr val="FFFFFF"/></a:solidFill></a:lnL><a:lnR w="12240"><a:solidFill><a:srgbClr val="FFFFFF"/></a:solidFill></a:lnR><a:lnT w="12700" cap="flat" cmpd="sng" algn="ctr"><a:solidFill><a:schemeClr val="tx1"/></a:solidFill><a:prstDash val="solid"/><a:round/><a:headEnd type="none" w="med" len="med"/><a:tailEnd type="none" w="med" len="med"/></a:lnT><a:lnB w="38160"><a:solidFill><a:srgbClr val="FFFFFF"/></a:solidFill></a:lnB><a:solidFill><a:srgbClr val="00AEEF"/></a:solidFill></a:tcPr></a:tc><a:tc><a:txBody><a:bodyPr/><a:lstStyle/><a:p><a:pPr><a:lnSpc><a:spcPct val="100000"/></a:lnSpc></a:pPr><a:r><a:rPr lang="en-ZA" sz="1000" b="1" strike="noStrike" spc="-1" dirty="0"><a:solidFill><a:srgbClr val="000000"/></a:solidFill><a:uFill><a:solidFill><a:srgbClr val="FFFFFF"/></a:solidFill></a:uFill><a:latin typeface="Expert Sans Regular"/></a:rPr><a:t>Actions taken </a:t></a:r><a:endParaRPr lang="en-ZA" sz="1000" strike="noStrike" spc="-1" dirty="0"><a:solidFill><a:srgbClr val="000000"/></a:solidFill><a:uFill><a:solidFill><a:srgbClr val="FFFFFF"/></a:solidFill></a:uFill><a:latin typeface="Expert Sans Regular"/></a:endParaRPr></a:p></a:txBody><a:tcPr><a:lnL w="12240"><a:solidFill><a:srgbClr val="FFFFFF"/></a:solidFill></a:lnL><a:lnR w="12240"><a:solidFill><a:srgbClr val="FFFFFF"/></a:solidFill></a:lnR><a:lnT w="12700" cap="flat" cmpd="sng" algn="ctr"><a:solidFill><a:schemeClr val="tx1"/></a:solidFill><a:prstDash val="solid"/><a:round/><a:headEnd type="none" w="med" len="med"/><a:tailEnd type="none" w="med" len="med"/></a:lnT><a:lnB w="38160"><a:solidFill><a:srgbClr val="FFFFFF"/></a:solidFill></a:lnB><a:solidFill><a:srgbClr val="00AEEF"/></a:solidFill></a:tcPr></a:tc><a:tc><a:txBody><a:bodyPr/><a:lstStyle/><a:p><a:pPr><a:lnSpc><a:spcPct val="100000"/></a:lnSpc></a:pPr><a:r><a:rPr lang="en-ZA" sz="1000" b="1" strike="noStrike" spc="-1"><a:solidFill><a:srgbClr val="000000"/></a:solidFill><a:uFill><a:solidFill><a:srgbClr val="FFFFFF"/></a:solidFill></a:uFill><a:latin typeface="Expert Sans Regular"/></a:rPr><a:t>Amount of Fine  </a:t></a:r><a:endParaRPr lang="en-ZA" sz="1000" strike="noStrike" spc="-1"><a:solidFill><a:srgbClr val="000000"/></a:solidFill><a:uFill><a:solidFill><a:srgbClr val="FFFFFF"/></a:solidFill></a:uFill><a:latin typeface="Expert Sans Regular"/></a:endParaRPr></a:p></a:txBody><a:tcPr><a:lnL w="12240"><a:solidFill><a:srgbClr val="FFFFFF"/></a:solidFill></a:lnL><a:lnR w="12240"><a:solidFill><a:srgbClr val="FFFFFF"/></a:solidFill></a:lnR><a:lnT w="12700" cap="flat" cmpd="sng" algn="ctr"><a:solidFill><a:schemeClr val="tx1"/></a:solidFill><a:prstDash val="solid"/><a:round/><a:headEnd type="none" w="med" len="med"/><a:tailEnd type="none" w="med" len="med"/></a:lnT><a:lnB w="38160"><a:solidFill><a:srgbClr val="FFFFFF"/></a:solidFill></a:lnB><a:solidFill><a:srgbClr val="00AEEF"/></a:solidFill></a:tcPr></a:tc><a:tc><a:txBody><a:bodyPr/><a:lstStyle/><a:p><a:pPr><a:lnSpc><a:spcPct val="100000"/></a:lnSpc></a:pPr><a:r><a:rPr lang="en-ZA" sz="1000" b="1" strike="noStrike" spc="-1"><a:solidFill><a:srgbClr val="000000"/></a:solidFill><a:uFill><a:solidFill><a:srgbClr val="FFFFFF"/></a:solidFill></a:uFill><a:latin typeface="Expert Sans Regular"/></a:rPr><a:t>Status update </a:t></a:r><a:endParaRPr lang="en-ZA" sz="1000" strike="noStrike" spc="-1"><a:solidFill><a:srgbClr val="000000"/></a:solidFill><a:uFill><a:solidFill><a:srgbClr val="FFFFFF"/></a:solidFill></a:uFill><a:latin typeface="Expert Sans Regular"/></a:endParaRPr></a:p></a:txBody><a:tcPr><a:lnL w="12240"><a:solidFill><a:srgbClr val="FFFFFF"/></a:solidFill></a:lnL><a:lnR w="12700" cap="flat" cmpd="sng" algn="ctr"><a:solidFill><a:schemeClr val="tx1"/></a:solidFill><a:prstDash val="solid"/><a:round/><a:headEnd type="none" w="med" len="med"/><a:tailEnd type="none" w="med" len="med"/></a:lnR><a:lnT w="12700" cap="flat" cmpd="sng" algn="ctr"><a:solidFill><a:schemeClr val="tx1"/></a:solidFill><a:prstDash val="solid"/><a:round/><a:headEnd type="none" w="med" len="med"/><a:tailEnd type="none" w="med" len="med"/></a:lnT><a:lnB w="38160"><a:solidFill><a:srgbClr val="FFFFFF"/></a:solidFill></a:lnB><a:solidFill><a:srgbClr val="00AEEF"/></a:solidFill></a:tcPr></a:tc></a:tr><a:tr h="870840"><a:tc><a:txBody><a:bodyPr/><a:lstStyle/><a:p><a:r><a:rPr lang="en-ZA" sz="1000" strike="noStrike" spc="-1"><a:solidFill><a:srgbClr val="000000"/></a:solidFill><a:uFill><a:solidFill><a:srgbClr val="FFFFFF"/></a:solidFill></a:uFill><a:latin typeface="Expert Sans Regular"/></a:rPr><a:t>{$REGULATORY_NAME_1}</a:t></a:r></a:p></a:txBody><a:tcPr><a:lnL w="12700" cap="flat" cmpd="sng" algn="ctr"><a:solidFill><a:schemeClr val="tx1"/></a:solidFill><a:prstDash val="solid"/><a:round/><a:headEnd type="none" w="med" len="med"/><a:tailEnd type="none" w="med" len="med"/></a:lnL><a:lnR w="12240"><a:solidFill><a:srgbClr val="FFFFFF"/></a:solidFill></a:lnR><a:lnT w="38160"><a:solidFill><a:srgbClr val="FFFFFF"/></a:solidFill></a:lnT><a:lnB w="12700" cap="flat" cmpd="sng" algn="ctr"><a:solidFill><a:schemeClr val="tx1"/></a:solidFill><a:prstDash val="solid"/><a:round/><a:headEnd type="none" w="med" len="med"/><a:tailEnd type="none" w="med" len="med"/></a:lnB><a:solidFill><a:srgbClr val="D9D9D9"/></a:solidFill></a:tcPr></a:tc><a:tc><a:txBody><a:bodyPr/><a:lstStyle/><a:p><a:r><a:rPr lang="en-ZA" sz="1000" strike="noStrike" spc="-1"><a:solidFill><a:srgbClr val="000000"/></a:solidFill><a:uFill><a:solidFill><a:srgbClr val="FFFFFF"/></a:solidFill></a:uFill><a:latin typeface="Expert Sans Regular"/></a:rPr><a:t>{$REGULATORY_BREACH_1}</a:t></a:r></a:p></a:txBody><a:tcPr marL="9360" marR="9360"><a:lnL w="12240"><a:solidFill><a:srgbClr val="FFFFFF"/></a:solidFill></a:lnL><a:lnR w="12240"><a:solidFill><a:srgbClr val="FFFFFF"/></a:solidFill></a:lnR><a:lnT w="38160"><a:solidFill><a:srgbClr val="FFFFFF"/></a:solidFill></a:lnT><a:lnB w="12700" cap="flat" cmpd="sng" algn="ctr"><a:solidFill><a:schemeClr val="tx1"/></a:solidFill><a:prstDash val="solid"/><a:round/><a:headEnd type="none" w="med" len="med"/><a:tailEnd type="none" w="med" len="med"/></a:lnB><a:solidFill><a:srgbClr val="D9D9D9"/></a:solidFill></a:tcPr></a:tc><a:tc><a:txBody><a:bodyPr/><a:lstStyle/><a:p><a:r><a:rPr lang="en-ZA" sz="1000" strike="noStrike" spc="-1"><a:solidFill><a:srgbClr val="000000"/></a:solidFill><a:uFill><a:solidFill><a:srgbClr val="FFFFFF"/></a:solidFill></a:uFill><a:latin typeface="Expert Sans Regular"/></a:rPr><a:t>{$REGULATORY_REASON_FOR_BREACH_1}</a:t></a:r></a:p></a:txBody><a:tcPr marL="9360" marR="9360"><a:lnL w="12240"><a:solidFill><a:srgbClr val="FFFFFF"/></a:solidFill></a:lnL><a:lnR w="12240"><a:solidFill><a:srgbClr val="FFFFFF"/></a:solidFill></a:lnR><a:lnT w="38160"><a:solidFill><a:srgbClr val="FFFFFF"/></a:solidFill></a:lnT><a:lnB w="12700" cap="flat" cmpd="sng" algn="ctr"><a:solidFill><a:schemeClr val="tx1"/></a:solidFill><a:prstDash val="solid"/><a:round/><a:headEnd type="none" w="med" len="med"/><a:tailEnd type="none" w="med" len="med"/></a:lnB><a:solidFill><a:srgbClr val="D9D9D9"/></a:solidFill></a:tcPr></a:tc><a:tc><a:txBody><a:bodyPr/><a:lstStyle/><a:p><a:r><a:rPr lang="en-ZA" sz="1000" strike="noStrike" spc="-1" dirty="0"><a:solidFill><a:srgbClr val="000000"/></a:solidFill><a:uFill><a:solidFill><a:srgbClr val="FFFFFF"/></a:solidFill></a:uFill><a:latin typeface="Expert Sans Regular"/></a:rPr><a:t>{$REGULATORY_ACTION_TAKEN_1}</a:t></a:r></a:p></a:txBody><a:tcPr marL="9360" marR="9360"><a:lnL w="12240"><a:solidFill><a:srgbClr val="FFFFFF"/></a:solidFill></a:lnL><a:lnR w="12240"><a:solidFill><a:srgbClr val="FFFFFF"/></a:solidFill></a:lnR><a:lnT w="38160"><a:solidFill><a:srgbClr val="FFFFFF"/></a:solidFill></a:lnT><a:lnB w="12700" cap="flat" cmpd="sng" algn="ctr"><a:solidFill><a:schemeClr val="tx1"/></a:solidFill><a:prstDash val="solid"/><a:round/><a:headEnd type="none" w="med" len="med"/><a:tailEnd type="none" w="med" len="med"/></a:lnB><a:solidFill><a:srgbClr val="D9D9D9"/></a:solidFill></a:tcPr></a:tc><a:tc><a:txBody><a:bodyPr/><a:lstStyle/><a:p><a:r><a:rPr lang="en-ZA" sz="1000" strike="noStrike" spc="-1" dirty="0"><a:solidFill><a:srgbClr val="000000"/></a:solidFill><a:uFill><a:solidFill><a:srgbClr val="FFFFFF"/></a:solidFill></a:uFill><a:latin typeface="Expert Sans Regular"/></a:rPr><a:t>{$REGULATORY_FINE_1}</a:t></a:r></a:p></a:txBody><a:tcPr marL="9360" marR="9360"><a:lnL w="12240"><a:solidFill><a:srgbClr val="FFFFFF"/></a:solidFill></a:lnL><a:lnR w="12240"><a:solidFill><a:srgbClr val="FFFFFF"/></a:solidFill></a:lnR><a:lnT w="38160"><a:solidFill><a:srgbClr val="FFFFFF"/></a:solidFill></a:lnT><a:lnB w="12700" cap="flat" cmpd="sng" algn="ctr"><a:solidFill><a:schemeClr val="tx1"/></a:solidFill><a:prstDash val="solid"/><a:round/><a:headEnd type="none" w="med" len="med"/><a:tailEnd type="none" w="med" len="med"/></a:lnB><a:solidFill><a:srgbClr val="D9D9D9"/></a:solidFill></a:tcPr></a:tc><a:tc><a:txBody><a:bodyPr/><a:lstStyle/><a:p><a:r><a:rPr lang="en-ZA" sz="1000" strike="noStrike" spc="-1" dirty="0" smtClean="0"><a:solidFill><a:srgbClr val="000000"/></a:solidFill><a:uFill><a:solidFill><a:srgbClr val="FFFFFF"/></a:solidFill></a:uFill><a:latin typeface="Expert Sans Regular"/></a:rPr><a:t>{$</a:t></a:r><a:r><a:rPr lang="en-ZA" sz="1000" strike="noStrike" spc="-1" dirty="0"><a:solidFill><a:srgbClr val="000000"/></a:solidFill><a:uFill><a:solidFill><a:srgbClr val="FFFFFF"/></a:solidFill></a:uFill><a:latin typeface="Expert Sans Regular"/></a:rPr><a:t>REGULATORY_STATUS_UPDATE_1}</a:t></a:r></a:p></a:txBody><a:tcPr marL="9360" marR="9360"><a:lnL w="12240"><a:solidFill><a:srgbClr val="FFFFFF"/></a:solidFill></a:lnL><a:lnR w="12700" cap="flat" cmpd="sng" algn="ctr"><a:solidFill><a:schemeClr val="tx1"/></a:solidFill><a:prstDash val="solid"/><a:round/><a:headEnd type="none" w="med" len="med"/><a:tailEnd type="none" w="med" len="med"/></a:lnR><a:lnT w="38160"><a:solidFill><a:srgbClr val="FFFFFF"/></a:solidFill></a:lnT><a:lnB w="12700" cap="flat" cmpd="sng" algn="ctr"><a:solidFill><a:schemeClr val="tx1"/></a:solidFill><a:prstDash val="solid"/><a:round/><a:headEnd type="none" w="med" len="med"/><a:tailEnd type="none" w="med" len="med"/></a:lnB><a:solidFill><a:srgbClr val="D9D9D9"/></a:solidFill></a:tcPr></a:tc></a:tr></a:tbl></a:graphicData></a:graphic></p:graphicFrame><p:sp><p:nvSpPr><p:cNvPr id="50" name="CustomShape 4"/><p:cNvSpPr/><p:nvPr/></p:nvSpPr><p:spPr><a:xfrm><a:off x="326520" y="2841840"/><a:ext cx="8915040" cy="275040"/></a:xfrm><a:prstGeom prst="rect"><a:avLst/></a:prstGeom><a:noFill/><a:ln w="9360"><a:noFill/></a:ln></p:spPr><p:style><a:lnRef idx="0"><a:scrgbClr r="0" g="0" b="0"/></a:lnRef><a:fillRef idx="0"><a:scrgbClr r="0" g="0" b="0"/></a:fillRef><a:effectRef idx="0"><a:scrgbClr r="0" g="0" b="0"/></a:effectRef><a:fontRef idx="minor"/></p:style><p:txBody><a:bodyPr lIns="0" tIns="0" rIns="0" bIns="0" anchor="ctr"/><a:lstStyle/><a:p><a:pPr><a:lnSpc><a:spcPct val="100000"/></a:lnSpc></a:pPr><a:r><a:rPr lang="en-ZA" sz="1800" strike="noStrike" spc="-1"><a:solidFill><a:srgbClr val="00B0F0"/></a:solidFill><a:uFill><a:solidFill><a:srgbClr val="FFFFFF"/></a:solidFill></a:uFill><a:latin typeface="Expert Sans Regular"/></a:rPr><a:t>Monitoring &amp; Testing Findings raised against Business  </a:t></a:r><a:endParaRPr lang="en-ZA" sz="3000" strike="noStrike" spc="-1"><a:solidFill><a:srgbClr val="000000"/></a:solidFill><a:uFill><a:solidFill><a:srgbClr val="FFFFFF"/></a:solidFill></a:uFill><a:latin typeface="Arial"/></a:endParaRPr></a:p></p:txBody></p:sp><p:graphicFrame><p:nvGraphicFramePr><p:cNvPr id="53" name="Table 7"/><p:cNvGraphicFramePr/><p:nvPr/></p:nvGraphicFramePr><p:xfrm><a:off x="381000" y="3276600"/><a:ext cx="9159840" cy="1571880"/></p:xfrm><a:graphic><a:graphicData uri="http://schemas.openxmlformats.org/drawingml/2006/table"><a:tbl><a:tblPr/><a:tblGrid><a:gridCol w="892440"/><a:gridCol w="695160"/><a:gridCol w="618840"/><a:gridCol w="1695240"/><a:gridCol w="691200"/><a:gridCol w="1141560"/><a:gridCol w="1141560"/><a:gridCol w="1141560"/><a:gridCol w="1142280"/></a:tblGrid><a:tr h="474840"><a:tc><a:txBody><a:bodyPr/><a:lstStyle/><a:p><a:pPr><a:lnSpc><a:spcPct val="100000"/></a:lnSpc></a:pPr><a:r><a:rPr lang="en-ZA" sz="1000" b="1" strike="noStrike" spc="-1" dirty="0"><a:solidFill><a:srgbClr val="000000"/></a:solidFill><a:uFill><a:solidFill><a:srgbClr val="FFFFFF"/></a:solidFill></a:uFill><a:latin typeface="Expert Sans Regular"/></a:rPr><a:t>Regulatory Requirement</a:t></a:r><a:endParaRPr lang="en-ZA" sz="1000" strike="noStrike" spc="-1" dirty="0"><a:solidFill><a:srgbClr val="000000"/></a:solidFill><a:uFill><a:solidFill><a:srgbClr val="FFFFFF"/></a:solidFill></a:uFill><a:latin typeface="Expert Sans Regular"/></a:endParaRPr></a:p></a:txBody><a:tcPr><a:lnL w="12700" cap="flat" cmpd="sng" algn="ctr"><a:solidFill><a:schemeClr val="tx1"/></a:solidFill><a:prstDash val="solid"/><a:round/><a:headEnd type="none" w="med" len="med"/><a:tailEnd type="none" w="med" len="med"/></a:lnL><a:lnR w="12240"><a:solidFill><a:srgbClr val="FFFFFF"/></a:solidFill></a:lnR><a:lnT w="12700" cap="flat" cmpd="sng" algn="ctr"><a:solidFill><a:schemeClr val="tx1"/></a:solidFill><a:prstDash val="solid"/><a:round/><a:headEnd type="none" w="med" len="med"/><a:tailEnd type="none" w="med" len="med"/></a:lnT><a:lnB w="38160"><a:solidFill><a:srgbClr val="FFFFFF"/></a:solidFill></a:lnB><a:solidFill><a:srgbClr val="00AEEF"/></a:solidFill></a:tcPr></a:tc><a:tc><a:txBody><a:bodyPr/><a:lstStyle/><a:p><a:pPr><a:lnSpc><a:spcPct val="100000"/></a:lnSpc></a:pPr><a:r><a:rPr lang="en-ZA" sz="1000" b="1" strike="noStrike" spc="-1"><a:solidFill><a:srgbClr val="000000"/></a:solidFill><a:uFill><a:solidFill><a:srgbClr val="FFFFFF"/></a:solidFill></a:uFill><a:latin typeface="Expert Sans Regular"/></a:rPr><a:t>Business Unit</a:t></a:r><a:endParaRPr lang="en-ZA" sz="1000" strike="noStrike" spc="-1"><a:solidFill><a:srgbClr val="000000"/></a:solidFill><a:uFill><a:solidFill><a:srgbClr val="FFFFFF"/></a:solidFill></a:uFill><a:latin typeface="Expert Sans Regular"/></a:endParaRPr></a:p></a:txBody><a:tcPr><a:lnL w="12240"><a:solidFill><a:srgbClr val="FFFFFF"/></a:solidFill></a:lnL><a:lnR w="12240"><a:solidFill><a:srgbClr val="FFFFFF"/></a:solidFill></a:lnR><a:lnT w="12700" cap="flat" cmpd="sng" algn="ctr"><a:solidFill><a:schemeClr val="tx1"/></a:solidFill><a:prstDash val="solid"/><a:round/><a:headEnd type="none" w="med" len="med"/><a:tailEnd type="none" w="med" len="med"/></a:lnT><a:lnB w="38160"><a:solidFill><a:srgbClr val="FFFFFF"/></a:solidFill></a:lnB><a:solidFill><a:srgbClr val="00AEEF"/></a:solidFill></a:tcPr></a:tc><a:tc><a:txBody><a:bodyPr/><a:lstStyle/><a:p><a:pPr><a:lnSpc><a:spcPct val="100000"/></a:lnSpc></a:pPr><a:r><a:rPr lang="en-ZA" sz="1000" b="1" strike="noStrike" spc="-1"><a:solidFill><a:srgbClr val="000000"/></a:solidFill><a:uFill><a:solidFill><a:srgbClr val="FFFFFF"/></a:solidFill></a:uFill><a:latin typeface="Expert Sans Regular"/></a:rPr><a:t>Finding raised By</a:t></a:r><a:endParaRPr lang="en-ZA" sz="1000" strike="noStrike" spc="-1"><a:solidFill><a:srgbClr val="000000"/></a:solidFill><a:uFill><a:solidFill><a:srgbClr val="FFFFFF"/></a:solidFill></a:uFill><a:latin typeface="Expert Sans Regular"/></a:endParaRPr></a:p></a:txBody><a:tcPr><a:lnL w="12240"><a:solidFill><a:srgbClr val="FFFFFF"/></a:solidFill></a:lnL><a:lnR w="12240"><a:solidFill><a:srgbClr val="FFFFFF"/></a:solidFill></a:lnR><a:lnT w="12700" cap="flat" cmpd="sng" algn="ctr"><a:solidFill><a:schemeClr val="tx1"/></a:solidFill><a:prstDash val="solid"/><a:round/><a:headEnd type="none" w="med" len="med"/><a:tailEnd type="none" w="med" len="med"/></a:lnT><a:lnB w="38160"><a:solidFill><a:srgbClr val="FFFFFF"/></a:solidFill></a:lnB><a:solidFill><a:srgbClr val="00AEEF"/></a:solidFill></a:tcPr></a:tc><a:tc><a:txBody><a:bodyPr/><a:lstStyle/><a:p><a:pPr><a:lnSpc><a:spcPct val="100000"/></a:lnSpc></a:pPr><a:r><a:rPr lang="en-ZA" sz="1000" b="1" strike="noStrike" spc="-1"><a:solidFill><a:srgbClr val="000000"/></a:solidFill><a:uFill><a:solidFill><a:srgbClr val="FFFFFF"/></a:solidFill></a:uFill><a:latin typeface="Expert Sans Regular"/></a:rPr><a:t>Description</a:t></a:r><a:endParaRPr lang="en-ZA" sz="1000" strike="noStrike" spc="-1"><a:solidFill><a:srgbClr val="000000"/></a:solidFill><a:uFill><a:solidFill><a:srgbClr val="FFFFFF"/></a:solidFill></a:uFill><a:latin typeface="Expert Sans Regular"/></a:endParaRPr></a:p></a:txBody><a:tcPr><a:lnL w="12240"><a:solidFill><a:srgbClr val="FFFFFF"/></a:solidFill></a:lnL><a:lnR w="12240"><a:solidFill><a:srgbClr val="FFFFFF"/></a:solidFill></a:lnR><a:lnT w="12700" cap="flat" cmpd="sng" algn="ctr"><a:solidFill><a:schemeClr val="tx1"/></a:solidFill><a:prstDash val="solid"/><a:round/><a:headEnd type="none" w="med" len="med"/><a:tailEnd type="none" w="med" len="med"/></a:lnT><a:lnB w="38160"><a:solidFill><a:srgbClr val="FFFFFF"/></a:solidFill></a:lnB><a:solidFill><a:srgbClr val="00AEEF"/></a:solidFill></a:tcPr></a:tc><a:tc><a:txBody><a:bodyPr/><a:lstStyle/><a:p><a:pPr><a:lnSpc><a:spcPct val="100000"/></a:lnSpc></a:pPr><a:r><a:rPr lang="en-ZA" sz="1000" b="1" strike="noStrike" spc="-1"><a:solidFill><a:srgbClr val="000000"/></a:solidFill><a:uFill><a:solidFill><a:srgbClr val="FFFFFF"/></a:solidFill></a:uFill><a:latin typeface="Expert Sans Regular"/></a:rPr><a:t>BAGL Rating &amp; Group Rating</a:t></a:r><a:endParaRPr lang="en-ZA" sz="1000" strike="noStrike" spc="-1"><a:solidFill><a:srgbClr val="000000"/></a:solidFill><a:uFill><a:solidFill><a:srgbClr val="FFFFFF"/></a:solidFill></a:uFill><a:latin typeface="Expert Sans Regular"/></a:endParaRPr></a:p></a:txBody><a:tcPr><a:lnL w="12240"><a:solidFill><a:srgbClr val="FFFFFF"/></a:solidFill></a:lnL><a:lnR w="12240"><a:solidFill><a:srgbClr val="FFFFFF"/></a:solidFill></a:lnR><a:lnT w="12700" cap="flat" cmpd="sng" algn="ctr"><a:solidFill><a:schemeClr val="tx1"/></a:solidFill><a:prstDash val="solid"/><a:round/><a:headEnd type="none" w="med" len="med"/><a:tailEnd type="none" w="med" len="med"/></a:lnT><a:lnB w="38160"><a:solidFill><a:srgbClr val="FFFFFF"/></a:solidFill></a:lnB><a:solidFill><a:srgbClr val="00AEEF"/></a:solidFill></a:tcPr></a:tc><a:tc><a:txBody><a:bodyPr/><a:lstStyle/><a:p><a:pPr><a:lnSpc><a:spcPct val="100000"/></a:lnSpc></a:pPr><a:r><a:rPr lang="en-ZA" sz="1000" b="1" strike="noStrike" spc="-1"><a:solidFill><a:srgbClr val="000000"/></a:solidFill><a:uFill><a:solidFill><a:srgbClr val="FFFFFF"/></a:solidFill></a:uFill><a:latin typeface="Expert Sans Regular"/></a:rPr><a:t>Action Owner in Business</a:t></a:r><a:endParaRPr lang="en-ZA" sz="1000" strike="noStrike" spc="-1"><a:solidFill><a:srgbClr val="000000"/></a:solidFill><a:uFill><a:solidFill><a:srgbClr val="FFFFFF"/></a:solidFill></a:uFill><a:latin typeface="Expert Sans Regular"/></a:endParaRPr></a:p></a:txBody><a:tcPr><a:lnL w="12240"><a:solidFill><a:srgbClr val="FFFFFF"/></a:solidFill></a:lnL><a:lnR w="12240"><a:solidFill><a:srgbClr val="FFFFFF"/></a:solidFill></a:lnR><a:lnT w="12700" cap="flat" cmpd="sng" algn="ctr"><a:solidFill><a:schemeClr val="tx1"/></a:solidFill><a:prstDash val="solid"/><a:round/><a:headEnd type="none" w="med" len="med"/><a:tailEnd type="none" w="med" len="med"/></a:lnT><a:lnB w="38160"><a:solidFill><a:srgbClr val="FFFFFF"/></a:solidFill></a:lnB><a:solidFill><a:srgbClr val="00AEEF"/></a:solidFill></a:tcPr></a:tc><a:tc><a:txBody><a:bodyPr/><a:lstStyle/><a:p><a:pPr><a:lnSpc><a:spcPct val="100000"/></a:lnSpc></a:pPr><a:r><a:rPr lang="en-ZA" sz="1000" b="1" strike="noStrike" spc="-1"><a:solidFill><a:srgbClr val="000000"/></a:solidFill><a:uFill><a:solidFill><a:srgbClr val="FFFFFF"/></a:solidFill></a:uFill><a:latin typeface="Expert Sans Regular"/></a:rPr><a:t>Accountable Executive in Business</a:t></a:r><a:endParaRPr lang="en-ZA" sz="1000" strike="noStrike" spc="-1"><a:solidFill><a:srgbClr val="000000"/></a:solidFill><a:uFill><a:solidFill><a:srgbClr val="FFFFFF"/></a:solidFill></a:uFill><a:latin typeface="Expert Sans Regular"/></a:endParaRPr></a:p></a:txBody><a:tcPr><a:lnL w="12240"><a:solidFill><a:srgbClr val="FFFFFF"/></a:solidFill></a:lnL><a:lnR w="12240"><a:solidFill><a:srgbClr val="FFFFFF"/></a:solidFill></a:lnR><a:lnT w="12700" cap="flat" cmpd="sng" algn="ctr"><a:solidFill><a:schemeClr val="tx1"/></a:solidFill><a:prstDash val="solid"/><a:round/><a:headEnd type="none" w="med" len="med"/><a:tailEnd type="none" w="med" len="med"/></a:lnT><a:lnB w="38160"><a:solidFill><a:srgbClr val="FFFFFF"/></a:solidFill></a:lnB><a:solidFill><a:srgbClr val="00AEEF"/></a:solidFill></a:tcPr></a:tc><a:tc><a:txBody><a:bodyPr/><a:lstStyle/><a:p><a:pPr><a:lnSpc><a:spcPct val="100000"/></a:lnSpc></a:pPr><a:r><a:rPr lang="en-ZA" sz="1000" b="1" strike="noStrike" spc="-1"><a:solidFill><a:srgbClr val="000000"/></a:solidFill><a:uFill><a:solidFill><a:srgbClr val="FFFFFF"/></a:solidFill></a:uFill><a:latin typeface="Expert Sans Regular"/></a:rPr><a:t>Due Date</a:t></a:r><a:endParaRPr lang="en-ZA" sz="1000" strike="noStrike" spc="-1"><a:solidFill><a:srgbClr val="000000"/></a:solidFill><a:uFill><a:solidFill><a:srgbClr val="FFFFFF"/></a:solidFill></a:uFill><a:latin typeface="Expert Sans Regular"/></a:endParaRPr></a:p></a:txBody><a:tcPr><a:lnL w="12240"><a:solidFill><a:srgbClr val="FFFFFF"/></a:solidFill></a:lnL><a:lnR w="12240"><a:solidFill><a:srgbClr val="FFFFFF"/></a:solidFill></a:lnR><a:lnT w="12700" cap="flat" cmpd="sng" algn="ctr"><a:solidFill><a:schemeClr val="tx1"/></a:solidFill><a:prstDash val="solid"/><a:round/><a:headEnd type="none" w="med" len="med"/><a:tailEnd type="none" w="med" len="med"/></a:lnT><a:lnB w="38160"><a:solidFill><a:srgbClr val="FFFFFF"/></a:solidFill></a:lnB><a:solidFill><a:srgbClr val="00AEEF"/></a:solidFill></a:tcPr></a:tc><a:tc><a:txBody><a:bodyPr/><a:lstStyle/><a:p><a:pPr><a:lnSpc><a:spcPct val="100000"/></a:lnSpc></a:pPr><a:r><a:rPr lang="en-ZA" sz="1000" b="1" strike="noStrike" spc="-1"><a:solidFill><a:srgbClr val="000000"/></a:solidFill><a:uFill><a:solidFill><a:srgbClr val="FFFFFF"/></a:solidFill></a:uFill><a:latin typeface="Expert Sans Regular"/></a:rPr><a:t>Status</a:t></a:r><a:endParaRPr lang="en-ZA" sz="1000" strike="noStrike" spc="-1"><a:solidFill><a:srgbClr val="000000"/></a:solidFill><a:uFill><a:solidFill><a:srgbClr val="FFFFFF"/></a:solidFill></a:uFill><a:latin typeface="Expert Sans Regular"/></a:endParaRPr></a:p></a:txBody><a:tcPr><a:lnL w="12240"><a:solidFill><a:srgbClr val="FFFFFF"/></a:solidFill></a:lnL><a:lnR w="12700" cap="flat" cmpd="sng" algn="ctr"><a:solidFill><a:schemeClr val="tx1"/></a:solidFill><a:prstDash val="solid"/><a:round/><a:headEnd type="none" w="med" len="med"/><a:tailEnd type="none" w="med" len="med"/></a:lnR><a:lnT w="12700" cap="flat" cmpd="sng" algn="ctr"><a:solidFill><a:schemeClr val="tx1"/></a:solidFill><a:prstDash val="solid"/><a:round/><a:headEnd type="none" w="med" len="med"/><a:tailEnd type="none" w="med" len="med"/></a:lnT><a:lnB w="38160"><a:solidFill><a:srgbClr val="FFFFFF"/></a:solidFill></a:lnB><a:solidFill><a:srgbClr val="00AEEF"/></a:solidFill></a:tcPr></a:tc></a:tr><a:tr h="870840"><a:tc><a:txBody><a:bodyPr/><a:lstStyle/><a:p><a:r><a:rPr lang="en-ZA" sz="1000" strike="noStrike" spc="-1" dirty="0"><a:solidFill><a:srgbClr val="000000"/></a:solidFill><a:uFill><a:solidFill><a:srgbClr val="FFFFFF"/></a:solidFill></a:uFill><a:latin typeface="Expert Sans Regular"/></a:rPr><a:t>{$MONITORING_REQUIREMENTS_1}</a:t></a:r></a:p></a:txBody><a:tcPr><a:lnL w="12700" cap="flat" cmpd="sng" algn="ctr"><a:solidFill><a:schemeClr val="tx1"/></a:solidFill><a:prstDash val="solid"/><a:round/><a:headEnd type="none" w="med" len="med"/><a:tailEnd type="none" w="med" len="med"/></a:lnL><a:lnR w="12240"><a:solidFill><a:srgbClr val="FFFFFF"/></a:solidFill></a:lnR><a:lnT w="38160"><a:solidFill><a:srgbClr val="FFFFFF"/></a:solidFill></a:lnT><a:lnB w="12700" cap="flat" cmpd="sng" algn="ctr"><a:solidFill><a:schemeClr val="tx1"/></a:solidFill><a:prstDash val="solid"/><a:round/><a:headEnd type="none" w="med" len="med"/><a:tailEnd type="none" w="med" len="med"/></a:lnB><a:solidFill><a:srgbClr val="D9D9D9"/></a:solidFill></a:tcPr></a:tc><a:tc><a:txBody><a:bodyPr/><a:lstStyle/><a:p><a:r><a:rPr lang="en-ZA" sz="1000" strike="noStrike" spc="-1" dirty="0"><a:solidFill><a:srgbClr val="000000"/></a:solidFill><a:uFill><a:solidFill><a:srgbClr val="FFFFFF"/></a:solidFill></a:uFill><a:latin typeface="Expert Sans Regular"/></a:rPr><a:t>{$MONITORING_BUSINESS_1}</a:t></a:r></a:p></a:txBody><a:tcPr marL="9360" marR="9360"><a:lnL w="12240"><a:solidFill><a:srgbClr val="FFFFFF"/></a:solidFill></a:lnL><a:lnR w="12240"><a:solidFill><a:srgbClr val="FFFFFF"/></a:solidFill></a:lnR><a:lnT w="38160"><a:solidFill><a:srgbClr val="FFFFFF"/></a:solidFill></a:lnT><a:lnB w="12700" cap="flat" cmpd="sng" algn="ctr"><a:solidFill><a:schemeClr val="tx1"/></a:solidFill><a:prstDash val="solid"/><a:round/><a:headEnd type="none" w="med" len="med"/><a:tailEnd type="none" w="med" len="med"/></a:lnB><a:solidFill><a:srgbClr val="D9D9D9"/></a:solidFill></a:tcPr></a:tc><a:tc><a:txBody><a:bodyPr/><a:lstStyle/><a:p><a:r><a:rPr lang="en-ZA" sz="1000" strike="noStrike" spc="-1"><a:solidFill><a:srgbClr val="000000"/></a:solidFill><a:uFill><a:solidFill><a:srgbClr val="FFFFFF"/></a:solidFill></a:uFill><a:latin typeface="Expert Sans Regular"/></a:rPr><a:t>{$MONITORING_FINDING_RAISED_1}</a:t></a:r></a:p></a:txBody><a:tcPr marL="9360" marR="9360"><a:lnL w="12240"><a:solidFill><a:srgbClr val="FFFFFF"/></a:solidFill></a:lnL><a:lnR w="12240"><a:solidFill><a:srgbClr val="FFFFFF"/></a:solidFill></a:lnR><a:lnT w="38160"><a:solidFill><a:srgbClr val="FFFFFF"/></a:solidFill></a:lnT><a:lnB w="12700" cap="flat" cmpd="sng" algn="ctr"><a:solidFill><a:schemeClr val="tx1"/></a:solidFill><a:prstDash val="solid"/><a:round/><a:headEnd type="none" w="med" len="med"/><a:tailEnd type="none" w="med" len="med"/></a:lnB><a:solidFill><a:srgbClr val="D9D9D9"/></a:solidFill></a:tcPr></a:tc><a:tc><a:txBody><a:bodyPr/><a:lstStyle/><a:p><a:r><a:rPr lang="en-ZA" sz="1000" strike="noStrike" spc="-1"><a:solidFill><a:srgbClr val="000000"/></a:solidFill><a:uFill><a:solidFill><a:srgbClr val="FFFFFF"/></a:solidFill></a:uFill><a:latin typeface="Expert Sans Regular"/></a:rPr><a:t>{$MONITORING_DESCRIPTION_1}</a:t></a:r></a:p></a:txBody><a:tcPr marL="9360" marR="9360"><a:lnL w="12240"><a:solidFill><a:srgbClr val="FFFFFF"/></a:solidFill></a:lnL><a:lnR w="12240"><a:solidFill><a:srgbClr val="FFFFFF"/></a:solidFill></a:lnR><a:lnT w="38160"><a:solidFill><a:srgbClr val="FFFFFF"/></a:solidFill></a:lnT><a:lnB w="12700" cap="flat" cmpd="sng" algn="ctr"><a:solidFill><a:schemeClr val="tx1"/></a:solidFill><a:prstDash val="solid"/><a:round/><a:headEnd type="none" w="med" len="med"/><a:tailEnd type="none" w="med" len="med"/></a:lnB><a:solidFill><a:srgbClr val="D9D9D9"/></a:solidFill></a:tcPr></a:tc><a:tc><a:txBody><a:bodyPr/><a:lstStyle/><a:p><a:r><a:rPr lang="en-ZA" sz="1000" strike="noStrike" spc="-1"><a:solidFill><a:srgbClr val="000000"/></a:solidFill><a:uFill><a:solidFill><a:srgbClr val="FFFFFF"/></a:solidFill></a:uFill><a:latin typeface="Expert Sans Regular"/></a:rPr><a:t>{$MONITORING_BAGL_1}</a:t></a:r></a:p></a:txBody><a:tcPr marL="9360" marR="9360"><a:lnL w="12240"><a:solidFill><a:srgbClr val="FFFFFF"/></a:solidFill></a:lnL><a:lnR w="12240"><a:solidFill><a:srgbClr val="FFFFFF"/></a:solidFill></a:lnR><a:lnT w="38160"><a:solidFill><a:srgbClr val="FFFFFF"/></a:solidFill></a:lnT><a:lnB w="12700" cap="flat" cmpd="sng" algn="ctr"><a:solidFill><a:schemeClr val="tx1"/></a:solidFill><a:prstDash val="solid"/><a:round/><a:headEnd type="none" w="med" len="med"/><a:tailEnd type="none" w="med" len="med"/></a:lnB><a:solidFill><a:srgbClr val="D9D9D9"/></a:solidFill></a:tcPr></a:tc><a:tc><a:txBody><a:bodyPr/><a:lstStyle/><a:p><a:r><a:rPr lang="en-ZA" sz="1000" strike="noStrike" spc="-1"><a:solidFill><a:srgbClr val="000000"/></a:solidFill><a:uFill><a:solidFill><a:srgbClr val="FFFFFF"/></a:solidFill></a:uFill><a:latin typeface="Expert Sans Regular"/></a:rPr><a:t>{$MONITORING_ACTION_OWNER_1}</a:t></a:r></a:p></a:txBody><a:tcPr marL="9360" marR="9360"><a:lnL w="12240"><a:solidFill><a:srgbClr val="FFFFFF"/></a:solidFill></a:lnL><a:lnR w="12240"><a:solidFill><a:srgbClr val="FFFFFF"/></a:solidFill></a:lnR><a:lnT w="38160"><a:solidFill><a:srgbClr val="FFFFFF"/></a:solidFill></a:lnT><a:lnB w="12700" cap="flat" cmpd="sng" algn="ctr"><a:solidFill><a:schemeClr val="tx1"/></a:solidFill><a:prstDash val="solid"/><a:round/><a:headEnd type="none" w="med" len="med"/><a:tailEnd type="none" w="med" len="med"/></a:lnB><a:solidFill><a:srgbClr val="D9D9D9"/></a:solidFill></a:tcPr></a:tc><a:tc><a:txBody><a:bodyPr/><a:lstStyle/><a:p><a:r><a:rPr lang="en-ZA" sz="1000" strike="noStrike" spc="-1"><a:solidFill><a:srgbClr val="000000"/></a:solidFill><a:uFill><a:solidFill><a:srgbClr val="FFFFFF"/></a:solidFill></a:uFill><a:latin typeface="Expert Sans Regular"/></a:rPr><a:t>{$MONITORING_ACCOUNTABLE_EXECUTIVE_1}</a:t></a:r></a:p></a:txBody><a:tcPr marL="9360" marR="9360"><a:lnL w="12240"><a:solidFill><a:srgbClr val="FFFFFF"/></a:solidFill></a:lnL><a:lnR w="12240"><a:solidFill><a:srgbClr val="FFFFFF"/></a:solidFill></a:lnR><a:lnT w="38160"><a:solidFill><a:srgbClr val="FFFFFF"/></a:solidFill></a:lnT><a:lnB w="12700" cap="flat" cmpd="sng" algn="ctr"><a:solidFill><a:schemeClr val="tx1"/></a:solidFill><a:prstDash val="solid"/><a:round/><a:headEnd type="none" w="med" len="med"/><a:tailEnd type="none" w="med" len="med"/></a:lnB><a:solidFill><a:srgbClr val="D9D9D9"/></a:solidFill></a:tcPr></a:tc><a:tc><a:txBody><a:bodyPr/><a:lstStyle/><a:p><a:r><a:rPr lang="en-ZA" sz="1000" strike="noStrike" spc="-1"><a:solidFill><a:srgbClr val="000000"/></a:solidFill><a:uFill><a:solidFill><a:srgbClr val="FFFFFF"/></a:solidFill></a:uFill><a:latin typeface="Expert Sans Regular"/></a:rPr><a:t>{$MONITORING_DUE_DATE_1}</a:t></a:r></a:p></a:txBody><a:tcPr marL="9360" marR="9360"><a:lnL w="12240"><a:solidFill><a:srgbClr val="FFFFFF"/></a:solidFill></a:lnL><a:lnR w="12240"><a:solidFill><a:srgbClr val="FFFFFF"/></a:solidFill></a:lnR><a:lnT w="38160"><a:solidFill><a:srgbClr val="FFFFFF"/></a:solidFill></a:lnT><a:lnB w="12700" cap="flat" cmpd="sng" algn="ctr"><a:solidFill><a:schemeClr val="tx1"/></a:solidFill><a:prstDash val="solid"/><a:round/><a:headEnd type="none" w="med" len="med"/><a:tailEnd type="none" w="med" len="med"/></a:lnB><a:solidFill><a:srgbClr val="D9D9D9"/></a:solidFill></a:tcPr></a:tc><a:tc><a:txBody><a:bodyPr/><a:lstStyle/><a:p><a:r><a:rPr lang="en-ZA" sz="1000" strike="noStrike" spc="-1" dirty="0"><a:solidFill><a:srgbClr val="000000"/></a:solidFill><a:uFill><a:solidFill><a:srgbClr val="FFFFFF"/></a:solidFill></a:uFill><a:latin typeface="Expert Sans Regular"/></a:rPr><a:t>{$MONITORING_STATUS_UPDATE_1}</a:t></a:r></a:p></a:txBody><a:tcPr marL="9360" marR="9360"><a:lnL w="12240"><a:solidFill><a:srgbClr val="FFFFFF"/></a:solidFill></a:lnL><a:lnR w="12700" cap="flat" cmpd="sng" algn="ctr"><a:solidFill><a:schemeClr val="tx1"/></a:solidFill><a:prstDash val="solid"/><a:round/><a:headEnd type="none" w="med" len="med"/><a:tailEnd type="none" w="med" len="med"/></a:lnR><a:lnT w="38160"><a:solidFill><a:srgbClr val="FFFFFF"/></a:solidFill></a:lnT><a:lnB w="12700" cap="flat" cmpd="sng" algn="ctr"><a:solidFill><a:schemeClr val="tx1"/></a:solidFill><a:prstDash val="solid"/><a:round/><a:headEnd type="none" w="med" len="med"/><a:tailEnd type="none" w="med" len="med"/></a:lnB><a:solidFill><a:srgbClr val="D9D9D9"/></a:solidFill></a:tcPr></a:tc></a:tr></a:tbl></a:graphicData></a:graphic></p:graphicFrame><p:sp><p:nvSpPr><p:cNvPr id="54" name="CustomShape 8"/><p:cNvSpPr/><p:nvPr/></p:nvSpPr><p:spPr><a:xfrm><a:off x="723960" y="6485040"/><a:ext cx="4828680" cy="137520"/></a:xfrm><a:prstGeom prst="rect"><a:avLst/></a:prstGeom><a:noFill/><a:ln><a:noFill/></a:ln></p:spPr><p:style><a:lnRef idx="0"><a:scrgbClr r="0" g="0" b="0"/></a:lnRef><a:fillRef idx="0"><a:scrgbClr r="0" g="0" b="0"/></a:fillRef><a:effectRef idx="0"><a:scrgbClr r="0" g="0" b="0"/></a:effectRef><a:fontRef idx="minor"/></p:style><p:txBody><a:bodyPr lIns="0" tIns="0" rIns="0" bIns="0"/><a:lstStyle/><a:p><a:pPr><a:lnSpc><a:spcPct val="100000"/></a:lnSpc></a:pPr><a:r><a:rPr lang="en-ZA" sz="900" strike="noStrike" spc="-1"><a:solidFill><a:srgbClr val="000000"/></a:solidFill><a:uFill><a:solidFill><a:srgbClr val="FFFFFF"/></a:solidFill></a:uFill><a:latin typeface="Expert Sans Regular"/></a:rPr><a:t>Internal use only</a:t></a:r><a:endParaRPr lang="en-ZA" sz="1800" strike="noStrike" spc="-1"><a:solidFill><a:srgbClr val="000000"/></a:solidFill><a:uFill><a:solidFill><a:srgbClr val="FFFFFF"/></a:solidFill></a:uFill><a:latin typeface="Arial"/></a:endParaRPr></a:p></p:txBody></p:sp><p:sp><p:nvSpPr><p:cNvPr id="55" name="CustomShape 9"/><p:cNvSpPr/><p:nvPr/></p:nvSpPr><p:spPr><a:xfrm><a:off x="723960" y="6276240"/><a:ext cx="3588840" cy="137520"/></a:xfrm><a:prstGeom prst="rect"><a:avLst/></a:prstGeom><a:noFill/><a:ln w="9360"><a:noFill/></a:ln></p:spPr><p:style><a:lnRef idx="0"><a:scrgbClr r="0" g="0" b="0"/></a:lnRef><a:fillRef idx="0"><a:scrgbClr r="0" g="0" b="0"/></a:fillRef><a:effectRef idx="0"><a:scrgbClr r="0" g="0" b="0"/></a:effectRef><a:fontRef idx="minor"/></p:style><p:txBody><a:bodyPr lIns="0" tIns="0" rIns="0" bIns="0" anchor="b"/><a:lstStyle/><a:p><a:pPr><a:lnSpc><a:spcPct val="100000"/></a:lnSpc></a:pPr><a:fld id="{B287DA78-8C18-4C9F-B0DE-B2E0D8E2B124}" type="slidenum"><a:rPr lang="en-ZA" sz="900" strike="noStrike" spc="-1"><a:solidFill><a:srgbClr val="000000"/></a:solidFill><a:uFill><a:solidFill><a:srgbClr val="FFFFFF"/></a:solidFill></a:uFill><a:latin typeface="Expert Sans Regular"/></a:rPr><a:pPr><a:lnSpc><a:spcPct val="100000"/></a:lnSpc></a:pPr><a:t>1</a:t></a:fld><a:r><a:rPr lang="en-ZA" sz="900" strike="noStrike" spc="-1"><a:solidFill><a:srgbClr val="000000"/></a:solidFill><a:uFill><a:solidFill><a:srgbClr val="FFFFFF"/></a:solidFill></a:uFill><a:latin typeface="Expert Sans Regular"/></a:rPr><a:t>   |   Compliance Report |  June 2016</a:t></a:r><a:endParaRPr lang="en-ZA" sz="900" strike="noStrike" spc="-1"><a:solidFill><a:srgbClr val="000000"/></a:solidFill><a:uFill><a:solidFill><a:srgbClr val="FFFFFF"/></a:solidFill></a:uFill><a:latin typeface="Arial"/></a:endParaRPr></a:p></p:txBody></p:sp></p:spTree></p:cSld><p:clrMapOvr><a:masterClrMapping/></p:clrMapOvr><p:timing><p:tnLst><p:par><p:cTn id="1" dur="indefinite" restart="never" nodeType="tmRoot"><p:childTnLst><p:seq><p:cTn id="2" nodeType="mainSeq"/><p:prevCondLst><p:cond evt="onPrev" delay="0"><p:tgtEl><p:sldTgt/></p:tgtEl></p:cond></p:prevCondLst><p:nextCondLst><p:cond evt="onNext" delay="0"><p:tgtEl><p:sldTgt/></p:tgtEl></p:cond></p:nextCondLst></p:seq></p:childTnLst></p:cTn></p:par></p:tnLst></p:timing></p:sld>