<?xml version="1.0" encoding="UTF-8" standalone="yes"?>
<p:sld xmlns:a="http://schemas.openxmlformats.org/drawingml/2006/main" xmlns:r="http://schemas.openxmlformats.org/officeDocument/2006/relationships" xmlns:p="http://schemas.openxmlformats.org/presentationml/2006/main">
<p:cSld>
<p:spTree>
<p:nvGrpSpPr>
<p:cNvPr id="1" name=""/>
<p:cNvGrpSpPr/>
<p:nvPr/>
</p:nvGrpSpPr>
<p:grpSpPr>
<a:xfrm>
<a:off x="0" y="0"/>
<a:ext cx="0" cy="0"/>
<a:chOff x="0" y="0"/>
<a:chExt cx="0" cy="0"/>
</a:xfrm>
</p:grpSpPr>
<p:sp>
<p:nvSpPr>
<p:cNvPr id="47" name="TextShape 1"/>
<p:cNvSpPr txBox="1"/>
<p:nvPr/>
</p:nvSpPr>
<p:spPr>
<a:xfrm>
<a:off x="342720" y="202680"/>
<a:ext cx="8915040" cy="276480"/>
</a:xfrm>
<a:prstGeom prst="rect">
<a:avLst/>
</a:prstGeom>
<a:noFill/>
<a:ln>
<a:noFill/>
</a:ln>
</p:spPr>
<p:txBody>
<a:bodyPr lIns="0" rIns="0" tIns="0" bIns="0" anchor="ctr"/>
<a:p>
<a:pPr>
<a:lnSpc>
<a:spcPct val="100000"/>
</a:lnSpc>
</a:pPr>
<a:r>
<a:rPr lang="en-GB" sz="1800" spc="-1" strike="noStrike">
<a:solidFill>
<a:srgbClr val="00b0f0"/>
</a:solidFill>
<a:uFill>
<a:solidFill>
<a:srgbClr val="ffffff"/>
</a:solidFill>
</a:uFill>
<a:latin typeface="Expert Sans Regular"/>
</a:rPr>
<a:t>Regulatory Breaches / Fines   </a:t>
</a:r>
<a:endParaRPr lang="en-GB" sz="3600" spc="-1" strike="noStrike">
<a:solidFill>
<a:srgbClr val="00aeef"/>
</a:solidFill>
<a:uFill>
<a:solidFill>
<a:srgbClr val="ffffff"/>
</a:solidFill>
</a:uFill>
<a:latin typeface="Arial"/>
</a:endParaRPr>
</a:p>
</p:txBody>
</p:sp>
<p:sp>
<p:nvSpPr>
<p:cNvPr id="48" name="CustomShape 2"/>
<p:cNvSpPr/>
<p:nvPr/>
</p:nvSpPr>
<p:spPr>
<a:xfrm>
<a:off x="326520" y="502920"/>
<a:ext cx="9417240" cy="2249280"/>
</a:xfrm>
<a:prstGeom prst="rect">
<a:avLst/>
</a:prstGeom>
<a:noFill/>
<a:ln>
<a:solidFill>
<a:schemeClr val="tx1"/>
</a:solidFill>
</a:ln>
</p:spPr>
<p:style>
<a:lnRef idx="0"/>
<a:fillRef idx="0"/>
<a:effectRef idx="0"/>
<a:fontRef idx="minor"/>
</p:style>
<p:txBody>
<a:bodyPr lIns="90000" rIns="90000" tIns="45000" bIns="45000"/>
<a:p>
<a:pPr algn="just">
<a:lnSpc>
<a:spcPct val="100000"/>
</a:lnSpc>
</a:pPr>
<a:endParaRPr lang="en-ZA" sz="1800" spc="-1" strike="noStrike">
<a:solidFill>
<a:srgbClr val="000000"/>
</a:solidFill>
<a:uFill>
<a:solidFill>
<a:srgbClr val="ffffff"/>
</a:solidFill>
</a:uFill>
<a:latin typeface="Arial"/>
</a:endParaRPr>
</a:p>
<a:p>
<a:pPr algn="just">
<a:lnSpc>
<a:spcPct val="100000"/>
</a:lnSpc>
</a:pPr>
<a:endParaRPr lang="en-ZA" sz="1800" spc="-1" strike="noStrike">
<a:solidFill>
<a:srgbClr val="000000"/>
</a:solidFill>
<a:uFill>
<a:solidFill>
<a:srgbClr val="ffffff"/>
</a:solidFill>
</a:uFill>
<a:latin typeface="Arial"/>
</a:endParaRPr>
</a:p>
<a:p>
<a:pPr algn="just">
<a:lnSpc>
<a:spcPct val="100000"/>
</a:lnSpc>
</a:pPr>
<a:endParaRPr lang="en-ZA" sz="1800" spc="-1" strike="noStrike">
<a:solidFill>
<a:srgbClr val="000000"/>
</a:solidFill>
<a:uFill>
<a:solidFill>
<a:srgbClr val="ffffff"/>
</a:solidFill>
</a:uFill>
<a:latin typeface="Arial"/>
</a:endParaRPr>
</a:p>
<a:p>
<a:pPr algn="just">
<a:lnSpc>
<a:spcPct val="100000"/>
</a:lnSpc>
</a:pPr>
<a:endParaRPr lang="en-ZA" sz="1800" spc="-1" strike="noStrike">
<a:solidFill>
<a:srgbClr val="000000"/>
</a:solidFill>
<a:uFill>
<a:solidFill>
<a:srgbClr val="ffffff"/>
</a:solidFill>
</a:uFill>
<a:latin typeface="Arial"/>
</a:endParaRPr>
</a:p>
</p:txBody>
</p:sp>
<p:graphicFrame>
<p:nvGraphicFramePr>
<p:cNvPr id="49" name="Table 3"/>
<p:cNvGraphicFramePr/>
<p:nvPr/>
</p:nvGraphicFramePr>
<p:xfrm>
<a:off x="488520" y="628560"/>
<a:ext cx="9140760" cy="1345320"/>
</p:xfrm>
<a:graphic>
<a:graphicData uri="http://schemas.openxmlformats.org/drawingml/2006/table">
<a:tbl>
<a:tblPr/>
<a:tblGrid>
<a:gridCol w="856080"/>
<a:gridCol w="832680"/>
<a:gridCol w="2489400"/>
<a:gridCol w="2000160"/>
<a:gridCol w="1228680"/>
<a:gridCol w="1733760"/>
</a:tblGrid>
<a:tr h="474840">
<a:tc>
<a:txBody>
<a:bodyPr/>
<a:p>
<a:pPr>
<a:lnSpc>
<a:spcPct val="100000"/>
</a:lnSpc>
</a:pPr>
<a:r>
<a:rPr b="1" lang="en-ZA" sz="900" spc="-1" strike="noStrike">
<a:solidFill>
<a:srgbClr val="000000"/>
</a:solidFill>
<a:uFill>
<a:solidFill>
<a:srgbClr val="ffffff"/>
</a:solidFill>
</a:uFill>
<a:latin typeface="Expert Sans Regular"/>
</a:rPr>
<a:t>Name of Regulator </a:t>
</a:r>
<a:endParaRPr lang="en-ZA" sz="1800" spc="-1" strike="noStrike">
<a:solidFill>
<a:srgbClr val="000000"/>
</a:solidFill>
<a:uFill>
<a:solidFill>
<a:srgbClr val="ffffff"/>
</a:solidFill>
</a:uFill>
<a:latin typeface="Arial"/>
</a:endParaRPr>
</a:p>
</a:txBody>
<a:tcPr marL="91440" marR="91440">
<a:lnL w="12240">
<a:solidFill>
<a:srgbClr val="ffffff"/>
</a:solidFill>
</a:lnL>
<a:lnR w="12240">
<a:solidFill>
<a:srgbClr val="ffffff"/>
</a:solidFill>
</a:lnR>
<a:lnT w="12240">
<a:solidFill>
<a:srgbClr val="ffffff"/>
</a:solidFill>
</a:lnT>
<a:lnB w="38160">
<a:solidFill>
<a:srgbClr val="ffffff"/>
</a:solidFill>
</a:lnB>
<a:solidFill>
<a:srgbClr val="00aeef"/>
</a:solidFill>
</a:tcPr>
</a:tc>
<a:tc>
<a:txBody>
<a:bodyPr/>
<a:p>
<a:pPr>
<a:lnSpc>
<a:spcPct val="100000"/>
</a:lnSpc>
</a:pPr>
<a:r>
<a:rPr b="1" lang="en-ZA" sz="900" spc="-1" strike="noStrike">
<a:solidFill>
<a:srgbClr val="000000"/>
</a:solidFill>
<a:uFill>
<a:solidFill>
<a:srgbClr val="ffffff"/>
</a:solidFill>
</a:uFill>
<a:latin typeface="Expert Sans Regular"/>
</a:rPr>
<a:t>Breach/ Fine </a:t>
</a:r>
<a:endParaRPr lang="en-ZA" sz="1800" spc="-1" strike="noStrike">
<a:solidFill>
<a:srgbClr val="000000"/>
</a:solidFill>
<a:uFill>
<a:solidFill>
<a:srgbClr val="ffffff"/>
</a:solidFill>
</a:uFill>
<a:latin typeface="Arial"/>
</a:endParaRPr>
</a:p>
</a:txBody>
<a:tcPr marL="91440" marR="91440">
<a:lnL w="12240">
<a:solidFill>
<a:srgbClr val="ffffff"/>
</a:solidFill>
</a:lnL>
<a:lnR w="12240">
<a:solidFill>
<a:srgbClr val="ffffff"/>
</a:solidFill>
</a:lnR>
<a:lnT w="12240">
<a:solidFill>
<a:srgbClr val="ffffff"/>
</a:solidFill>
</a:lnT>
<a:lnB w="38160">
<a:solidFill>
<a:srgbClr val="ffffff"/>
</a:solidFill>
</a:lnB>
<a:solidFill>
<a:srgbClr val="00aeef"/>
</a:solidFill>
</a:tcPr>
</a:tc>
<a:tc>
<a:txBody>
<a:bodyPr/>
<a:p>
<a:pPr>
<a:lnSpc>
<a:spcPct val="100000"/>
</a:lnSpc>
</a:pPr>
<a:r>
<a:rPr b="1" lang="en-ZA" sz="900" spc="-1" strike="noStrike">
<a:solidFill>
<a:srgbClr val="000000"/>
</a:solidFill>
<a:uFill>
<a:solidFill>
<a:srgbClr val="ffffff"/>
</a:solidFill>
</a:uFill>
<a:latin typeface="Expert Sans Regular"/>
</a:rPr>
<a:t>Reason for Breach/Fine</a:t>
</a:r>
<a:endParaRPr lang="en-ZA" sz="1800" spc="-1" strike="noStrike">
<a:solidFill>
<a:srgbClr val="000000"/>
</a:solidFill>
<a:uFill>
<a:solidFill>
<a:srgbClr val="ffffff"/>
</a:solidFill>
</a:uFill>
<a:latin typeface="Arial"/>
</a:endParaRPr>
</a:p>
</a:txBody>
<a:tcPr marL="91440" marR="91440">
<a:lnL w="12240">
<a:solidFill>
<a:srgbClr val="ffffff"/>
</a:solidFill>
</a:lnL>
<a:lnR w="12240">
<a:solidFill>
<a:srgbClr val="ffffff"/>
</a:solidFill>
</a:lnR>
<a:lnT w="12240">
<a:solidFill>
<a:srgbClr val="ffffff"/>
</a:solidFill>
</a:lnT>
<a:lnB w="38160">
<a:solidFill>
<a:srgbClr val="ffffff"/>
</a:solidFill>
</a:lnB>
<a:solidFill>
<a:srgbClr val="00aeef"/>
</a:solidFill>
</a:tcPr>
</a:tc>
<a:tc>
<a:txBody>
<a:bodyPr/>
<a:p>
<a:pPr>
<a:lnSpc>
<a:spcPct val="100000"/>
</a:lnSpc>
</a:pPr>
<a:r>
<a:rPr b="1" lang="en-ZA" sz="900" spc="-1" strike="noStrike">
<a:solidFill>
<a:srgbClr val="000000"/>
</a:solidFill>
<a:uFill>
<a:solidFill>
<a:srgbClr val="ffffff"/>
</a:solidFill>
</a:uFill>
<a:latin typeface="Expert Sans Regular"/>
</a:rPr>
<a:t>Actions taken </a:t>
</a:r>
<a:endParaRPr lang="en-ZA" sz="1800" spc="-1" strike="noStrike">
<a:solidFill>
<a:srgbClr val="000000"/>
</a:solidFill>
<a:uFill>
<a:solidFill>
<a:srgbClr val="ffffff"/>
</a:solidFill>
</a:uFill>
<a:latin typeface="Arial"/>
</a:endParaRPr>
</a:p>
</a:txBody>
<a:tcPr marL="91440" marR="91440">
<a:lnL w="12240">
<a:solidFill>
<a:srgbClr val="ffffff"/>
</a:solidFill>
</a:lnL>
<a:lnR w="12240">
<a:solidFill>
<a:srgbClr val="ffffff"/>
</a:solidFill>
</a:lnR>
<a:lnT w="12240">
<a:solidFill>
<a:srgbClr val="ffffff"/>
</a:solidFill>
</a:lnT>
<a:lnB w="38160">
<a:solidFill>
<a:srgbClr val="ffffff"/>
</a:solidFill>
</a:lnB>
<a:solidFill>
<a:srgbClr val="00aeef"/>
</a:solidFill>
</a:tcPr>
</a:tc>
<a:tc>
<a:txBody>
<a:bodyPr/>
<a:p>
<a:pPr>
<a:lnSpc>
<a:spcPct val="100000"/>
</a:lnSpc>
</a:pPr>
<a:r>
<a:rPr b="1" lang="en-ZA" sz="900" spc="-1" strike="noStrike">
<a:solidFill>
<a:srgbClr val="000000"/>
</a:solidFill>
<a:uFill>
<a:solidFill>
<a:srgbClr val="ffffff"/>
</a:solidFill>
</a:uFill>
<a:latin typeface="Expert Sans Regular"/>
</a:rPr>
<a:t>Amount of Fine  </a:t>
</a:r>
<a:endParaRPr lang="en-ZA" sz="1800" spc="-1" strike="noStrike">
<a:solidFill>
<a:srgbClr val="000000"/>
</a:solidFill>
<a:uFill>
<a:solidFill>
<a:srgbClr val="ffffff"/>
</a:solidFill>
</a:uFill>
<a:latin typeface="Arial"/>
</a:endParaRPr>
</a:p>
</a:txBody>
<a:tcPr marL="91440" marR="91440">
<a:lnL w="12240">
<a:solidFill>
<a:srgbClr val="ffffff"/>
</a:solidFill>
</a:lnL>
<a:lnR w="12240">
<a:solidFill>
<a:srgbClr val="ffffff"/>
</a:solidFill>
</a:lnR>
<a:lnT w="12240">
<a:solidFill>
<a:srgbClr val="ffffff"/>
</a:solidFill>
</a:lnT>
<a:lnB w="38160">
<a:solidFill>
<a:srgbClr val="ffffff"/>
</a:solidFill>
</a:lnB>
<a:solidFill>
<a:srgbClr val="00aeef"/>
</a:solidFill>
</a:tcPr>
</a:tc>
<a:tc>
<a:txBody>
<a:bodyPr/>
<a:p>
<a:pPr>
<a:lnSpc>
<a:spcPct val="100000"/>
</a:lnSpc>
</a:pPr>
<a:r>
<a:rPr b="1" lang="en-ZA" sz="900" spc="-1" strike="noStrike">
<a:solidFill>
<a:srgbClr val="000000"/>
</a:solidFill>
<a:uFill>
<a:solidFill>
<a:srgbClr val="ffffff"/>
</a:solidFill>
</a:uFill>
<a:latin typeface="Expert Sans Regular"/>
</a:rPr>
<a:t>Status update </a:t>
</a:r>
<a:endParaRPr lang="en-ZA" sz="1800" spc="-1" strike="noStrike">
<a:solidFill>
<a:srgbClr val="000000"/>
</a:solidFill>
<a:uFill>
<a:solidFill>
<a:srgbClr val="ffffff"/>
</a:solidFill>
</a:uFill>
<a:latin typeface="Arial"/>
</a:endParaRPr>
</a:p>
</a:txBody>
<a:tcPr marL="91440" marR="91440">
<a:lnL w="12240">
<a:solidFill>
<a:srgbClr val="ffffff"/>
</a:solidFill>
</a:lnL>
<a:lnR w="12240">
<a:solidFill>
<a:srgbClr val="ffffff"/>
</a:solidFill>
</a:lnR>
<a:lnT w="12240">
<a:solidFill>
<a:srgbClr val="ffffff"/>
</a:solidFill>
</a:lnT>
<a:lnB w="38160">
<a:solidFill>
<a:srgbClr val="ffffff"/>
</a:solidFill>
</a:lnB>
<a:solidFill>
<a:srgbClr val="00aeef"/>
</a:solidFill>
</a:tcPr>
</a:tc>
</a:tr>
<a:tr h="870840">
<a:tc>
<a:txBody>
<a:bodyPr/>
<a:p>
<a:r>
<a:rPr lang="en-ZA" sz="1100" spc="-1" strike="noStrike">
<a:solidFill>
<a:srgbClr val="000000"/>
</a:solidFill>
<a:uFill>
<a:solidFill>
<a:srgbClr val="ffffff"/>
</a:solidFill>
</a:uFill>
<a:latin typeface="Times New Roman"/>
</a:rPr>
<a:t>{$REGULATORY_NAME_1}</a:t>
</a:r>
<a:endParaRPr lang="en-ZA" sz="2400" spc="-1" strike="noStrike">
<a:solidFill>
<a:srgbClr val="000000"/>
</a:solidFill>
<a:uFill>
<a:solidFill>
<a:srgbClr val="ffffff"/>
</a:solidFill>
</a:uFill>
<a:latin typeface="Times New Roman"/>
</a:endParaRPr>
</a:p>
</a:txBody>
<a:tcPr marL="91440" marR="91440">
<a:lnL w="12240">
<a:solidFill>
<a:srgbClr val="ffffff"/>
</a:solidFill>
</a:lnL>
<a:lnR w="12240">
<a:solidFill>
<a:srgbClr val="ffffff"/>
</a:solidFill>
</a:lnR>
<a:lnT w="38160">
<a:solidFill>
<a:srgbClr val="ffffff"/>
</a:solidFill>
</a:lnT>
<a:lnB w="12240">
<a:solidFill>
<a:srgbClr val="ffffff"/>
</a:solidFill>
</a:lnB>
<a:solidFill>
<a:srgbClr val="d9d9d9"/>
</a:solidFill>
</a:tcPr>
</a:tc>
<a:tc>
<a:txBody>
<a:bodyPr lIns="9360" rIns="9360" tIns="9360" bIns="0"/>
<a:p>
<a:r>
<a:rPr lang="en-ZA" sz="1100" spc="-1" strike="noStrike">
<a:solidFill>
<a:srgbClr val="000000"/>
</a:solidFill>
<a:uFill>
<a:solidFill>
<a:srgbClr val="ffffff"/>
</a:solidFill>
</a:uFill>
<a:latin typeface="Arial"/>
</a:rPr>
<a:t>{$REGULATORY_BREACH_1}</a:t>
</a:r>
<a:endParaRPr lang="en-ZA" sz="1800" spc="-1" strike="noStrike">
<a:solidFill>
<a:srgbClr val="000000"/>
</a:solidFill>
<a:uFill>
<a:solidFill>
<a:srgbClr val="ffffff"/>
</a:solidFill>
</a:uFill>
<a:latin typeface="Arial"/>
</a:endParaRPr>
</a:p>
</a:txBody>
<a:tcPr marL="9360" marR="9360">
<a:lnL w="12240">
<a:solidFill>
<a:srgbClr val="ffffff"/>
</a:solidFill>
</a:lnL>
<a:lnR w="12240">
<a:solidFill>
<a:srgbClr val="ffffff"/>
</a:solidFill>
</a:lnR>
<a:lnT w="38160">
<a:solidFill>
<a:srgbClr val="ffffff"/>
</a:solidFill>
</a:lnT>
<a:lnB w="12240">
<a:solidFill>
<a:srgbClr val="ffffff"/>
</a:solidFill>
</a:lnB>
<a:solidFill>
<a:srgbClr val="d9d9d9"/>
</a:solidFill>
</a:tcPr>
</a:tc>
<a:tc>
<a:txBody>
<a:bodyPr lIns="9360" rIns="9360" tIns="9360" bIns="0"/>
<a:p>
<a:r>
<a:rPr lang="en-ZA" sz="1100" spc="-1" strike="noStrike">
<a:solidFill>
<a:srgbClr val="000000"/>
</a:solidFill>
<a:uFill>
<a:solidFill>
<a:srgbClr val="ffffff"/>
</a:solidFill>
</a:uFill>
<a:latin typeface="Arial"/>
</a:rPr>
<a:t>{$REGULATORY_REASON_FOR_BREACH_1}</a:t>
</a:r>
<a:endParaRPr lang="en-ZA" sz="1800" spc="-1" strike="noStrike">
<a:solidFill>
<a:srgbClr val="000000"/>
</a:solidFill>
<a:uFill>
<a:solidFill>
<a:srgbClr val="ffffff"/>
</a:solidFill>
</a:uFill>
<a:latin typeface="Arial"/>
</a:endParaRPr>
</a:p>
</a:txBody>
<a:tcPr marL="9360" marR="9360">
<a:lnL w="12240">
<a:solidFill>
<a:srgbClr val="ffffff"/>
</a:solidFill>
</a:lnL>
<a:lnR w="12240">
<a:solidFill>
<a:srgbClr val="ffffff"/>
</a:solidFill>
</a:lnR>
<a:lnT w="38160">
<a:solidFill>
<a:srgbClr val="ffffff"/>
</a:solidFill>
</a:lnT>
<a:lnB w="12240">
<a:solidFill>
<a:srgbClr val="ffffff"/>
</a:solidFill>
</a:lnB>
<a:solidFill>
<a:srgbClr val="d9d9d9"/>
</a:solidFill>
</a:tcPr>
</a:tc>
<a:tc>
<a:txBody>
<a:bodyPr lIns="9360" rIns="9360" tIns="9360" bIns="0"/>
<a:p>
<a:r>
<a:rPr lang="en-ZA" sz="1100" spc="-1" strike="noStrike">
<a:solidFill>
<a:srgbClr val="000000"/>
</a:solidFill>
<a:uFill>
<a:solidFill>
<a:srgbClr val="ffffff"/>
</a:solidFill>
</a:uFill>
<a:latin typeface="Arial"/>
</a:rPr>
<a:t>{$REGULATORY_ACTION_TAKEN_1}</a:t>
</a:r>
<a:endParaRPr lang="en-ZA" sz="1800" spc="-1" strike="noStrike">
<a:solidFill>
<a:srgbClr val="000000"/>
</a:solidFill>
<a:uFill>
<a:solidFill>
<a:srgbClr val="ffffff"/>
</a:solidFill>
</a:uFill>
<a:latin typeface="Arial"/>
</a:endParaRPr>
</a:p>
</a:txBody>
<a:tcPr marL="9360" marR="9360">
<a:lnL w="12240">
<a:solidFill>
<a:srgbClr val="ffffff"/>
</a:solidFill>
</a:lnL>
<a:lnR w="12240">
<a:solidFill>
<a:srgbClr val="ffffff"/>
</a:solidFill>
</a:lnR>
<a:lnT w="38160">
<a:solidFill>
<a:srgbClr val="ffffff"/>
</a:solidFill>
</a:lnT>
<a:lnB w="12240">
<a:solidFill>
<a:srgbClr val="ffffff"/>
</a:solidFill>
</a:lnB>
<a:solidFill>
<a:srgbClr val="d9d9d9"/>
</a:solidFill>
</a:tcPr>
</a:tc>
<a:tc>
<a:txBody>
<a:bodyPr lIns="9360" rIns="9360" tIns="9360" bIns="0"/>
<a:p>
<a:r>
<a:rPr lang="en-ZA" sz="1100" spc="-1" strike="noStrike">
<a:solidFill>
<a:srgbClr val="000000"/>
</a:solidFill>
<a:uFill>
<a:solidFill>
<a:srgbClr val="ffffff"/>
</a:solidFill>
</a:uFill>
<a:latin typeface="Arial"/>
</a:rPr>
<a:t>{$REGULATORY_FINE_1}</a:t>
</a:r>
<a:endParaRPr lang="en-ZA" sz="1800" spc="-1" strike="noStrike">
<a:solidFill>
<a:srgbClr val="000000"/>
</a:solidFill>
<a:uFill>
<a:solidFill>
<a:srgbClr val="ffffff"/>
</a:solidFill>
</a:uFill>
<a:latin typeface="Arial"/>
</a:endParaRPr>
</a:p>
</a:txBody>
<a:tcPr marL="9360" marR="9360">
<a:lnL w="12240">
<a:solidFill>
<a:srgbClr val="ffffff"/>
</a:solidFill>
</a:lnL>
<a:lnR w="12240">
<a:solidFill>
<a:srgbClr val="ffffff"/>
</a:solidFill>
</a:lnR>
<a:lnT w="38160">
<a:solidFill>
<a:srgbClr val="ffffff"/>
</a:solidFill>
</a:lnT>
<a:lnB w="12240">
<a:solidFill>
<a:srgbClr val="ffffff"/>
</a:solidFill>
</a:lnB>
<a:solidFill>
<a:srgbClr val="d9d9d9"/>
</a:solidFill>
</a:tcPr>
</a:tc>
<a:tc>
<a:txBody>
<a:bodyPr lIns="9360" rIns="9360" tIns="9360" bIns="0"/>
<a:p>
<a:pPr algn="ctr">
<a:lnSpc>
<a:spcPct val="100000"/>
</a:lnSpc>
</a:pPr>
<a:r>
<a:rPr lang="en-ZA" sz="900" spc="-1" strike="noStrike">
<a:solidFill>
<a:srgbClr val="000000"/>
</a:solidFill>
<a:uFill>
<a:solidFill>
<a:srgbClr val="ffffff"/>
</a:solidFill>
</a:uFill>
<a:latin typeface="Expert Sans Regular"/>
</a:rPr>
<a:t>Open/On Track/ Overdue /Settled</a:t>
</a:r>
<a:endParaRPr lang="en-ZA" sz="1800" spc="-1" strike="noStrike">
<a:solidFill>
<a:srgbClr val="000000"/>
</a:solidFill>
<a:uFill>
<a:solidFill>
<a:srgbClr val="ffffff"/>
</a:solidFill>
</a:uFill>
<a:latin typeface="Arial"/>
</a:endParaRPr>
</a:p>
<a:p>
<a:r>
<a:rPr lang="en-ZA" sz="1100" spc="-1" strike="noStrike">
<a:solidFill>
<a:srgbClr val="000000"/>
</a:solidFill>
<a:uFill>
<a:solidFill>
<a:srgbClr val="ffffff"/>
</a:solidFill>
</a:uFill>
<a:latin typeface="Expert Sans Regular"/>
</a:rPr>
<a:t>{$REGULATORY_STATUS_UPDATE_1}</a:t>
</a:r>
<a:endParaRPr lang="en-ZA" sz="1800" spc="-1" strike="noStrike">
<a:solidFill>
<a:srgbClr val="000000"/>
</a:solidFill>
<a:uFill>
<a:solidFill>
<a:srgbClr val="ffffff"/>
</a:solidFill>
</a:uFill>
<a:latin typeface="Arial"/>
</a:endParaRPr>
</a:p>
</a:txBody>
<a:tcPr marL="9360" marR="9360">
<a:lnL w="12240">
<a:solidFill>
<a:srgbClr val="ffffff"/>
</a:solidFill>
</a:lnL>
<a:lnR w="12240">
<a:solidFill>
<a:srgbClr val="ffffff"/>
</a:solidFill>
</a:lnR>
<a:lnT w="38160">
<a:solidFill>
<a:srgbClr val="ffffff"/>
</a:solidFill>
</a:lnT>
<a:lnB w="12240">
<a:solidFill>
<a:srgbClr val="ffffff"/>
</a:solidFill>
</a:lnB>
<a:solidFill>
<a:srgbClr val="d9d9d9"/>
</a:solidFill>
</a:tcPr>
</a:tc>
</a:tr>
</a:tbl>
</a:graphicData>
</a:graphic>
</p:graphicFrame>
<p:sp>
<p:nvSpPr>
<p:cNvPr id="50" name="CustomShape 4"/>
<p:cNvSpPr/>
<p:nvPr/>
</p:nvSpPr>
<p:spPr>
<a:xfrm>
<a:off x="326520" y="2841840"/>
<a:ext cx="8915040" cy="275040"/>
</a:xfrm>
<a:prstGeom prst="rect">
<a:avLst/>
</a:prstGeom>
<a:noFill/>
<a:ln w="9360">
<a:noFill/>
</a:ln>
</p:spPr>
<p:style>
<a:lnRef idx="0"/>
<a:fillRef idx="0"/>
<a:effectRef idx="0"/>
<a:fontRef idx="minor"/>
</p:style>
<p:txBody>
<a:bodyPr lIns="0" rIns="0" tIns="0" bIns="0" anchor="ctr"/>
<a:p>
<a:pPr>
<a:lnSpc>
<a:spcPct val="100000"/>
</a:lnSpc>
</a:pPr>
<a:r>
<a:rPr lang="en-ZA" sz="1800" spc="-1" strike="noStrike">
<a:solidFill>
<a:srgbClr val="00b0f0"/>
</a:solidFill>
<a:uFill>
<a:solidFill>
<a:srgbClr val="ffffff"/>
</a:solidFill>
</a:uFill>
<a:latin typeface="Expert Sans Regular"/>
</a:rPr>
<a:t>Monitoring &amp; Testing Findings raised against Business
									</a:t>
</a:r>
<a:endParaRPr lang="en-ZA" sz="3000" spc="-1" strike="noStrike">
<a:solidFill>
<a:srgbClr val="000000"/>
</a:solidFill>
<a:uFill>
<a:solidFill>
<a:srgbClr val="ffffff"/>
</a:solidFill>
</a:uFill>
<a:latin typeface="Arial"/>
</a:endParaRPr>
</a:p>
</p:txBody>
</p:sp>
<p:sp>
<p:nvSpPr>
<p:cNvPr id="51" name="CustomShape 5"/>
<p:cNvSpPr/>
<p:nvPr/>
</p:nvSpPr>
<p:spPr>
<a:xfrm>
<a:off x="329400" y="3118320"/>
<a:ext cx="9417240" cy="2249280"/>
</a:xfrm>
<a:prstGeom prst="rect">
<a:avLst/>
</a:prstGeom>
<a:noFill/>
<a:ln>
<a:solidFill>
<a:schemeClr val="tx1"/>
</a:solidFill>
</a:ln>
</p:spPr>
<p:style>
<a:lnRef idx="0"/>
<a:fillRef idx="0"/>
<a:effectRef idx="0"/>
<a:fontRef idx="minor"/>
</p:style>
<p:txBody>
<a:bodyPr lIns="90000" rIns="90000" tIns="45000" bIns="45000"/>
<a:p>
<a:pPr algn="just">
<a:lnSpc>
<a:spcPct val="100000"/>
</a:lnSpc>
</a:pPr>
<a:endParaRPr lang="en-ZA" sz="1800" spc="-1" strike="noStrike">
<a:solidFill>
<a:srgbClr val="000000"/>
</a:solidFill>
<a:uFill>
<a:solidFill>
<a:srgbClr val="ffffff"/>
</a:solidFill>
</a:uFill>
<a:latin typeface="Arial"/>
</a:endParaRPr>
</a:p>
<a:p>
<a:pPr algn="just">
<a:lnSpc>
<a:spcPct val="100000"/>
</a:lnSpc>
</a:pPr>
<a:endParaRPr lang="en-ZA" sz="1800" spc="-1" strike="noStrike">
<a:solidFill>
<a:srgbClr val="000000"/>
</a:solidFill>
<a:uFill>
<a:solidFill>
<a:srgbClr val="ffffff"/>
</a:solidFill>
</a:uFill>
<a:latin typeface="Arial"/>
</a:endParaRPr>
</a:p>
<a:p>
<a:pPr algn="just">
<a:lnSpc>
<a:spcPct val="100000"/>
</a:lnSpc>
</a:pPr>
<a:endParaRPr lang="en-ZA" sz="1800" spc="-1" strike="noStrike">
<a:solidFill>
<a:srgbClr val="000000"/>
</a:solidFill>
<a:uFill>
<a:solidFill>
<a:srgbClr val="ffffff"/>
</a:solidFill>
</a:uFill>
<a:latin typeface="Arial"/>
</a:endParaRPr>
</a:p>
<a:p>
<a:pPr algn="just">
<a:lnSpc>
<a:spcPct val="100000"/>
</a:lnSpc>
</a:pPr>
<a:endParaRPr lang="en-ZA" sz="1800" spc="-1" strike="noStrike">
<a:solidFill>
<a:srgbClr val="000000"/>
</a:solidFill>
<a:uFill>
<a:solidFill>
<a:srgbClr val="ffffff"/>
</a:solidFill>
</a:uFill>
<a:latin typeface="Arial"/>
</a:endParaRPr>
</a:p>
</p:txBody>
</p:sp>
<p:sp>
<p:nvSpPr>
<p:cNvPr id="52" name="CustomShape 6"/>
<p:cNvSpPr/>
<p:nvPr/>
</p:nvSpPr>
<p:spPr>
<a:xfrm>
<a:off x="390240" y="3201120"/>
<a:ext cx="9267480" cy="394920"/>
</a:xfrm>
<a:prstGeom prst="rect">
<a:avLst/>
</a:prstGeom>
<a:noFill/>
<a:ln>
<a:noFill/>
</a:ln>
</p:spPr>
<p:style>
<a:lnRef idx="0"/>
<a:fillRef idx="0"/>
<a:effectRef idx="0"/>
<a:fontRef idx="minor"/>
</p:style>
<p:txBody>
<a:bodyPr lIns="90000" rIns="90000" tIns="45000" bIns="45000"/>
<a:p>
<a:pPr algn="just">
<a:lnSpc>
<a:spcPct val="100000"/>
</a:lnSpc>
</a:pPr>
<a:r>
<a:rPr b="1" lang="en-ZA" sz="1000" spc="-1" strike="noStrike">
<a:solidFill>
<a:srgbClr val="000000"/>
</a:solidFill>
<a:uFill>
<a:solidFill>
<a:srgbClr val="ffffff"/>
</a:solidFill>
</a:uFill>
<a:latin typeface="Expert Sans Regular"/>
</a:rPr>
<a:t>This refers to the compliance findings raised against
										business also including any Incident Reports OR findings
										raised by your Business Unit Compliance officers. .   </a:t>
</a:r>
<a:endParaRPr lang="en-ZA" sz="1800" spc="-1" strike="noStrike">
<a:solidFill>
<a:srgbClr val="000000"/>
</a:solidFill>
<a:uFill>
<a:solidFill>
<a:srgbClr val="ffffff"/>
</a:solidFill>
</a:uFill>
<a:latin typeface="Arial"/>
</a:endParaRPr>
</a:p>
</p:txBody>
</p:sp>
<p:graphicFrame>
<p:nvGraphicFramePr>
<p:cNvPr id="53" name="Table 7"/>
<p:cNvGraphicFramePr/>
<p:nvPr/>
</p:nvGraphicFramePr>
<p:xfrm>
<a:off x="488520" y="3447360"/>
<a:ext cx="9159840" cy="1345320"/>
</p:xfrm>
<a:graphic>
<a:graphicData uri="http://schemas.openxmlformats.org/drawingml/2006/table">
<a:tbl>
<a:tblPr/>
<a:tblGrid>
<a:gridCol w="892440"/>
<a:gridCol w="695160"/>
<a:gridCol w="618840"/>
<a:gridCol w="1695240"/>
<a:gridCol w="691200"/>
<a:gridCol w="1141560"/>
<a:gridCol w="1141560"/>
<a:gridCol w="1141560"/>
<a:gridCol w="1142280"/>
</a:tblGrid>
<a:tr h="474840">
<a:tc>
<a:txBody>
<a:bodyPr/>
<a:p>
<a:pPr>
<a:lnSpc>
<a:spcPct val="100000"/>
</a:lnSpc>
</a:pPr>
<a:r>
<a:rPr b="1" lang="en-ZA" sz="900" spc="-1" strike="noStrike">
<a:solidFill>
<a:srgbClr val="000000"/>
</a:solidFill>
<a:uFill>
<a:solidFill>
<a:srgbClr val="ffffff"/>
</a:solidFill>
</a:uFill>
<a:latin typeface="Expert Sans Regular"/>
</a:rPr>
<a:t>Regulatory Requirement</a:t>
</a:r>
<a:endParaRPr lang="en-ZA" sz="1800" spc="-1" strike="noStrike">
<a:solidFill>
<a:srgbClr val="000000"/>
</a:solidFill>
<a:uFill>
<a:solidFill>
<a:srgbClr val="ffffff"/>
</a:solidFill>
</a:uFill>
<a:latin typeface="Arial"/>
</a:endParaRPr>
</a:p>
</a:txBody>
<a:tcPr marL="91440" marR="91440">
<a:lnL w="12240">
<a:solidFill>
<a:srgbClr val="ffffff"/>
</a:solidFill>
</a:lnL>
<a:lnR w="12240">
<a:solidFill>
<a:srgbClr val="ffffff"/>
</a:solidFill>
</a:lnR>
<a:lnT w="12240">
<a:solidFill>
<a:srgbClr val="ffffff"/>
</a:solidFill>
</a:lnT>
<a:lnB w="38160">
<a:solidFill>
<a:srgbClr val="ffffff"/>
</a:solidFill>
</a:lnB>
<a:solidFill>
<a:srgbClr val="00aeef"/>
</a:solidFill>
</a:tcPr>
</a:tc>
<a:tc>
<a:txBody>
<a:bodyPr/>
<a:p>
<a:pPr>
<a:lnSpc>
<a:spcPct val="100000"/>
</a:lnSpc>
</a:pPr>
<a:r>
<a:rPr b="1" lang="en-ZA" sz="900" spc="-1" strike="noStrike">
<a:solidFill>
<a:srgbClr val="000000"/>
</a:solidFill>
<a:uFill>
<a:solidFill>
<a:srgbClr val="ffffff"/>
</a:solidFill>
</a:uFill>
<a:latin typeface="Expert Sans Regular"/>
</a:rPr>
<a:t>Business Unit</a:t>
</a:r>
<a:endParaRPr lang="en-ZA" sz="1800" spc="-1" strike="noStrike">
<a:solidFill>
<a:srgbClr val="000000"/>
</a:solidFill>
<a:uFill>
<a:solidFill>
<a:srgbClr val="ffffff"/>
</a:solidFill>
</a:uFill>
<a:latin typeface="Arial"/>
</a:endParaRPr>
</a:p>
</a:txBody>
<a:tcPr marL="91440" marR="91440">
<a:lnL w="12240">
<a:solidFill>
<a:srgbClr val="ffffff"/>
</a:solidFill>
</a:lnL>
<a:lnR w="12240">
<a:solidFill>
<a:srgbClr val="ffffff"/>
</a:solidFill>
</a:lnR>
<a:lnT w="12240">
<a:solidFill>
<a:srgbClr val="ffffff"/>
</a:solidFill>
</a:lnT>
<a:lnB w="38160">
<a:solidFill>
<a:srgbClr val="ffffff"/>
</a:solidFill>
</a:lnB>
<a:solidFill>
<a:srgbClr val="00aeef"/>
</a:solidFill>
</a:tcPr>
</a:tc>
<a:tc>
<a:txBody>
<a:bodyPr/>
<a:p>
<a:pPr>
<a:lnSpc>
<a:spcPct val="100000"/>
</a:lnSpc>
</a:pPr>
<a:r>
<a:rPr b="1" lang="en-ZA" sz="900" spc="-1" strike="noStrike">
<a:solidFill>
<a:srgbClr val="000000"/>
</a:solidFill>
<a:uFill>
<a:solidFill>
<a:srgbClr val="ffffff"/>
</a:solidFill>
</a:uFill>
<a:latin typeface="Expert Sans Regular"/>
</a:rPr>
<a:t>Finding raised By</a:t>
</a:r>
<a:endParaRPr lang="en-ZA" sz="1800" spc="-1" strike="noStrike">
<a:solidFill>
<a:srgbClr val="000000"/>
</a:solidFill>
<a:uFill>
<a:solidFill>
<a:srgbClr val="ffffff"/>
</a:solidFill>
</a:uFill>
<a:latin typeface="Arial"/>
</a:endParaRPr>
</a:p>
</a:txBody>
<a:tcPr marL="91440" marR="91440">
<a:lnL w="12240">
<a:solidFill>
<a:srgbClr val="ffffff"/>
</a:solidFill>
</a:lnL>
<a:lnR w="12240">
<a:solidFill>
<a:srgbClr val="ffffff"/>
</a:solidFill>
</a:lnR>
<a:lnT w="12240">
<a:solidFill>
<a:srgbClr val="ffffff"/>
</a:solidFill>
</a:lnT>
<a:lnB w="38160">
<a:solidFill>
<a:srgbClr val="ffffff"/>
</a:solidFill>
</a:lnB>
<a:solidFill>
<a:srgbClr val="00aeef"/>
</a:solidFill>
</a:tcPr>
</a:tc>
<a:tc>
<a:txBody>
<a:bodyPr/>
<a:p>
<a:pPr>
<a:lnSpc>
<a:spcPct val="100000"/>
</a:lnSpc>
</a:pPr>
<a:r>
<a:rPr b="1" lang="en-ZA" sz="900" spc="-1" strike="noStrike">
<a:solidFill>
<a:srgbClr val="000000"/>
</a:solidFill>
<a:uFill>
<a:solidFill>
<a:srgbClr val="ffffff"/>
</a:solidFill>
</a:uFill>
<a:latin typeface="Expert Sans Regular"/>
</a:rPr>
<a:t>Description</a:t>
</a:r>
<a:endParaRPr lang="en-ZA" sz="1800" spc="-1" strike="noStrike">
<a:solidFill>
<a:srgbClr val="000000"/>
</a:solidFill>
<a:uFill>
<a:solidFill>
<a:srgbClr val="ffffff"/>
</a:solidFill>
</a:uFill>
<a:latin typeface="Arial"/>
</a:endParaRPr>
</a:p>
</a:txBody>
<a:tcPr marL="91440" marR="91440">
<a:lnL w="12240">
<a:solidFill>
<a:srgbClr val="ffffff"/>
</a:solidFill>
</a:lnL>
<a:lnR w="12240">
<a:solidFill>
<a:srgbClr val="ffffff"/>
</a:solidFill>
</a:lnR>
<a:lnT w="12240">
<a:solidFill>
<a:srgbClr val="ffffff"/>
</a:solidFill>
</a:lnT>
<a:lnB w="38160">
<a:solidFill>
<a:srgbClr val="ffffff"/>
</a:solidFill>
</a:lnB>
<a:solidFill>
<a:srgbClr val="00aeef"/>
</a:solidFill>
</a:tcPr>
</a:tc>
<a:tc>
<a:txBody>
<a:bodyPr/>
<a:p>
<a:pPr>
<a:lnSpc>
<a:spcPct val="100000"/>
</a:lnSpc>
</a:pPr>
<a:r>
<a:rPr b="1" lang="en-ZA" sz="900" spc="-1" strike="noStrike">
<a:solidFill>
<a:srgbClr val="000000"/>
</a:solidFill>
<a:uFill>
<a:solidFill>
<a:srgbClr val="ffffff"/>
</a:solidFill>
</a:uFill>
<a:latin typeface="Expert Sans Regular"/>
</a:rPr>
<a:t>BAGL Rating &amp; Group Rating</a:t>
</a:r>
<a:endParaRPr lang="en-ZA" sz="1800" spc="-1" strike="noStrike">
<a:solidFill>
<a:srgbClr val="000000"/>
</a:solidFill>
<a:uFill>
<a:solidFill>
<a:srgbClr val="ffffff"/>
</a:solidFill>
</a:uFill>
<a:latin typeface="Arial"/>
</a:endParaRPr>
</a:p>
</a:txBody>
<a:tcPr marL="91440" marR="91440">
<a:lnL w="12240">
<a:solidFill>
<a:srgbClr val="ffffff"/>
</a:solidFill>
</a:lnL>
<a:lnR w="12240">
<a:solidFill>
<a:srgbClr val="ffffff"/>
</a:solidFill>
</a:lnR>
<a:lnT w="12240">
<a:solidFill>
<a:srgbClr val="ffffff"/>
</a:solidFill>
</a:lnT>
<a:lnB w="38160">
<a:solidFill>
<a:srgbClr val="ffffff"/>
</a:solidFill>
</a:lnB>
<a:solidFill>
<a:srgbClr val="00aeef"/>
</a:solidFill>
</a:tcPr>
</a:tc>
<a:tc>
<a:txBody>
<a:bodyPr/>
<a:p>
<a:pPr>
<a:lnSpc>
<a:spcPct val="100000"/>
</a:lnSpc>
</a:pPr>
<a:r>
<a:rPr b="1" lang="en-ZA" sz="900" spc="-1" strike="noStrike">
<a:solidFill>
<a:srgbClr val="000000"/>
</a:solidFill>
<a:uFill>
<a:solidFill>
<a:srgbClr val="ffffff"/>
</a:solidFill>
</a:uFill>
<a:latin typeface="Expert Sans Regular"/>
</a:rPr>
<a:t>Action Owner in Business</a:t>
</a:r>
<a:endParaRPr lang="en-ZA" sz="1800" spc="-1" strike="noStrike">
<a:solidFill>
<a:srgbClr val="000000"/>
</a:solidFill>
<a:uFill>
<a:solidFill>
<a:srgbClr val="ffffff"/>
</a:solidFill>
</a:uFill>
<a:latin typeface="Arial"/>
</a:endParaRPr>
</a:p>
</a:txBody>
<a:tcPr marL="91440" marR="91440">
<a:lnL w="12240">
<a:solidFill>
<a:srgbClr val="ffffff"/>
</a:solidFill>
</a:lnL>
<a:lnR w="12240">
<a:solidFill>
<a:srgbClr val="ffffff"/>
</a:solidFill>
</a:lnR>
<a:lnT w="12240">
<a:solidFill>
<a:srgbClr val="ffffff"/>
</a:solidFill>
</a:lnT>
<a:lnB w="38160">
<a:solidFill>
<a:srgbClr val="ffffff"/>
</a:solidFill>
</a:lnB>
<a:solidFill>
<a:srgbClr val="00aeef"/>
</a:solidFill>
</a:tcPr>
</a:tc>
<a:tc>
<a:txBody>
<a:bodyPr/>
<a:p>
<a:pPr>
<a:lnSpc>
<a:spcPct val="100000"/>
</a:lnSpc>
</a:pPr>
<a:r>
<a:rPr b="1" lang="en-ZA" sz="900" spc="-1" strike="noStrike">
<a:solidFill>
<a:srgbClr val="000000"/>
</a:solidFill>
<a:uFill>
<a:solidFill>
<a:srgbClr val="ffffff"/>
</a:solidFill>
</a:uFill>
<a:latin typeface="Expert Sans Regular"/>
</a:rPr>
<a:t>Accountable Executive in Business</a:t>
</a:r>
<a:endParaRPr lang="en-ZA" sz="1800" spc="-1" strike="noStrike">
<a:solidFill>
<a:srgbClr val="000000"/>
</a:solidFill>
<a:uFill>
<a:solidFill>
<a:srgbClr val="ffffff"/>
</a:solidFill>
</a:uFill>
<a:latin typeface="Arial"/>
</a:endParaRPr>
</a:p>
</a:txBody>
<a:tcPr marL="91440" marR="91440">
<a:lnL w="12240">
<a:solidFill>
<a:srgbClr val="ffffff"/>
</a:solidFill>
</a:lnL>
<a:lnR w="12240">
<a:solidFill>
<a:srgbClr val="ffffff"/>
</a:solidFill>
</a:lnR>
<a:lnT w="12240">
<a:solidFill>
<a:srgbClr val="ffffff"/>
</a:solidFill>
</a:lnT>
<a:lnB w="38160">
<a:solidFill>
<a:srgbClr val="ffffff"/>
</a:solidFill>
</a:lnB>
<a:solidFill>
<a:srgbClr val="00aeef"/>
</a:solidFill>
</a:tcPr>
</a:tc>
<a:tc>
<a:txBody>
<a:bodyPr/>
<a:p>
<a:pPr>
<a:lnSpc>
<a:spcPct val="100000"/>
</a:lnSpc>
</a:pPr>
<a:r>
<a:rPr b="1" lang="en-ZA" sz="900" spc="-1" strike="noStrike">
<a:solidFill>
<a:srgbClr val="000000"/>
</a:solidFill>
<a:uFill>
<a:solidFill>
<a:srgbClr val="ffffff"/>
</a:solidFill>
</a:uFill>
<a:latin typeface="Expert Sans Regular"/>
</a:rPr>
<a:t>Due Date</a:t>
</a:r>
<a:endParaRPr lang="en-ZA" sz="1800" spc="-1" strike="noStrike">
<a:solidFill>
<a:srgbClr val="000000"/>
</a:solidFill>
<a:uFill>
<a:solidFill>
<a:srgbClr val="ffffff"/>
</a:solidFill>
</a:uFill>
<a:latin typeface="Arial"/>
</a:endParaRPr>
</a:p>
</a:txBody>
<a:tcPr marL="91440" marR="91440">
<a:lnL w="12240">
<a:solidFill>
<a:srgbClr val="ffffff"/>
</a:solidFill>
</a:lnL>
<a:lnR w="12240">
<a:solidFill>
<a:srgbClr val="ffffff"/>
</a:solidFill>
</a:lnR>
<a:lnT w="12240">
<a:solidFill>
<a:srgbClr val="ffffff"/>
</a:solidFill>
</a:lnT>
<a:lnB w="38160">
<a:solidFill>
<a:srgbClr val="ffffff"/>
</a:solidFill>
</a:lnB>
<a:solidFill>
<a:srgbClr val="00aeef"/>
</a:solidFill>
</a:tcPr>
</a:tc>
<a:tc>
<a:txBody>
<a:bodyPr/>
<a:p>
<a:pPr>
<a:lnSpc>
<a:spcPct val="100000"/>
</a:lnSpc>
</a:pPr>
<a:r>
<a:rPr b="1" lang="en-ZA" sz="900" spc="-1" strike="noStrike">
<a:solidFill>
<a:srgbClr val="000000"/>
</a:solidFill>
<a:uFill>
<a:solidFill>
<a:srgbClr val="ffffff"/>
</a:solidFill>
</a:uFill>
<a:latin typeface="Expert Sans Regular"/>
</a:rPr>
<a:t>Status</a:t>
</a:r>
<a:endParaRPr lang="en-ZA" sz="1800" spc="-1" strike="noStrike">
<a:solidFill>
<a:srgbClr val="000000"/>
</a:solidFill>
<a:uFill>
<a:solidFill>
<a:srgbClr val="ffffff"/>
</a:solidFill>
</a:uFill>
<a:latin typeface="Arial"/>
</a:endParaRPr>
</a:p>
</a:txBody>
<a:tcPr marL="91440" marR="91440">
<a:lnL w="12240">
<a:solidFill>
<a:srgbClr val="ffffff"/>
</a:solidFill>
</a:lnL>
<a:lnR w="12240">
<a:solidFill>
<a:srgbClr val="ffffff"/>
</a:solidFill>
</a:lnR>
<a:lnT w="12240">
<a:solidFill>
<a:srgbClr val="ffffff"/>
</a:solidFill>
</a:lnT>
<a:lnB w="38160">
<a:solidFill>
<a:srgbClr val="ffffff"/>
</a:solidFill>
</a:lnB>
<a:solidFill>
<a:srgbClr val="00aeef"/>
</a:solidFill>
</a:tcPr>
</a:tc>
</a:tr>
<a:tr h="870840">
<a:tc>
<a:txBody>
<a:bodyPr/>
<a:p>
<a:r>
<a:rPr lang="en-ZA" sz="1100" spc="-1" strike="noStrike">
<a:solidFill>
<a:srgbClr val="000000"/>
</a:solidFill>
<a:uFill>
<a:solidFill>
<a:srgbClr val="ffffff"/>
</a:solidFill>
</a:uFill>
<a:latin typeface="Arial"/>
</a:rPr>
<a:t>{$MONITORING_REQUIREMENTS_1}</a:t>
</a:r>
<a:endParaRPr lang="en-ZA" sz="1800" spc="-1" strike="noStrike">
<a:solidFill>
<a:srgbClr val="000000"/>
</a:solidFill>
<a:uFill>
<a:solidFill>
<a:srgbClr val="ffffff"/>
</a:solidFill>
</a:uFill>
<a:latin typeface="Arial"/>
</a:endParaRPr>
</a:p>
</a:txBody>
<a:tcPr marL="91440" marR="91440">
<a:lnL w="12240">
<a:solidFill>
<a:srgbClr val="ffffff"/>
</a:solidFill>
</a:lnL>
<a:lnR w="12240">
<a:solidFill>
<a:srgbClr val="ffffff"/>
</a:solidFill>
</a:lnR>
<a:lnT w="38160">
<a:solidFill>
<a:srgbClr val="ffffff"/>
</a:solidFill>
</a:lnT>
<a:lnB w="12240">
<a:solidFill>
<a:srgbClr val="ffffff"/>
</a:solidFill>
</a:lnB>
<a:solidFill>
<a:srgbClr val="d9d9d9"/>
</a:solidFill>
</a:tcPr>
</a:tc>
<a:tc>
<a:txBody>
<a:bodyPr lIns="9360" rIns="9360" tIns="9360" bIns="0"/>
<a:p>
<a:r>
<a:rPr lang="en-ZA" sz="1100" spc="-1" strike="noStrike">
<a:solidFill>
<a:srgbClr val="000000"/>
</a:solidFill>
<a:uFill>
<a:solidFill>
<a:srgbClr val="ffffff"/>
</a:solidFill>
</a:uFill>
<a:latin typeface="Arial"/>
</a:rPr>
<a:t>{$MONITORING_BUSINESS_1}</a:t>
</a:r>
<a:endParaRPr lang="en-ZA" sz="1800" spc="-1" strike="noStrike">
<a:solidFill>
<a:srgbClr val="000000"/>
</a:solidFill>
<a:uFill>
<a:solidFill>
<a:srgbClr val="ffffff"/>
</a:solidFill>
</a:uFill>
<a:latin typeface="Arial"/>
</a:endParaRPr>
</a:p>
</a:txBody>
<a:tcPr marL="9360" marR="9360">
<a:lnL w="12240">
<a:solidFill>
<a:srgbClr val="ffffff"/>
</a:solidFill>
</a:lnL>
<a:lnR w="12240">
<a:solidFill>
<a:srgbClr val="ffffff"/>
</a:solidFill>
</a:lnR>
<a:lnT w="38160">
<a:solidFill>
<a:srgbClr val="ffffff"/>
</a:solidFill>
</a:lnT>
<a:lnB w="12240">
<a:solidFill>
<a:srgbClr val="ffffff"/>
</a:solidFill>
</a:lnB>
<a:solidFill>
<a:srgbClr val="d9d9d9"/>
</a:solidFill>
</a:tcPr>
</a:tc>
<a:tc>
<a:txBody>
<a:bodyPr lIns="9360" rIns="9360" tIns="9360" bIns="0"/>
<a:p>
<a:r>
<a:rPr lang="en-ZA" sz="1100" spc="-1" strike="noStrike">
<a:solidFill>
<a:srgbClr val="000000"/>
</a:solidFill>
<a:uFill>
<a:solidFill>
<a:srgbClr val="ffffff"/>
</a:solidFill>
</a:uFill>
<a:latin typeface="Arial"/>
</a:rPr>
<a:t>{$MONITORING_FINDING_RAISED_1}</a:t>
</a:r>
<a:endParaRPr lang="en-ZA" sz="1800" spc="-1" strike="noStrike">
<a:solidFill>
<a:srgbClr val="000000"/>
</a:solidFill>
<a:uFill>
<a:solidFill>
<a:srgbClr val="ffffff"/>
</a:solidFill>
</a:uFill>
<a:latin typeface="Arial"/>
</a:endParaRPr>
</a:p>
</a:txBody>
<a:tcPr marL="9360" marR="9360">
<a:lnL w="12240">
<a:solidFill>
<a:srgbClr val="ffffff"/>
</a:solidFill>
</a:lnL>
<a:lnR w="12240">
<a:solidFill>
<a:srgbClr val="ffffff"/>
</a:solidFill>
</a:lnR>
<a:lnT w="38160">
<a:solidFill>
<a:srgbClr val="ffffff"/>
</a:solidFill>
</a:lnT>
<a:lnB w="12240">
<a:solidFill>
<a:srgbClr val="ffffff"/>
</a:solidFill>
</a:lnB>
<a:solidFill>
<a:srgbClr val="d9d9d9"/>
</a:solidFill>
</a:tcPr>
</a:tc>
<a:tc>
<a:txBody>
<a:bodyPr lIns="9360" rIns="9360" tIns="9360" bIns="0"/>
<a:p>
<a:r>
<a:rPr lang="en-ZA" sz="1100" spc="-1" strike="noStrike">
<a:solidFill>
<a:srgbClr val="000000"/>
</a:solidFill>
<a:uFill>
<a:solidFill>
<a:srgbClr val="ffffff"/>
</a:solidFill>
</a:uFill>
<a:latin typeface="Arial"/>
</a:rPr>
<a:t>{$MONITORING_DESCRIPTION_1}</a:t>
</a:r>
<a:endParaRPr lang="en-ZA" sz="1800" spc="-1" strike="noStrike">
<a:solidFill>
<a:srgbClr val="000000"/>
</a:solidFill>
<a:uFill>
<a:solidFill>
<a:srgbClr val="ffffff"/>
</a:solidFill>
</a:uFill>
<a:latin typeface="Arial"/>
</a:endParaRPr>
</a:p>
</a:txBody>
<a:tcPr marL="9360" marR="9360">
<a:lnL w="12240">
<a:solidFill>
<a:srgbClr val="ffffff"/>
</a:solidFill>
</a:lnL>
<a:lnR w="12240">
<a:solidFill>
<a:srgbClr val="ffffff"/>
</a:solidFill>
</a:lnR>
<a:lnT w="38160">
<a:solidFill>
<a:srgbClr val="ffffff"/>
</a:solidFill>
</a:lnT>
<a:lnB w="12240">
<a:solidFill>
<a:srgbClr val="ffffff"/>
</a:solidFill>
</a:lnB>
<a:solidFill>
<a:srgbClr val="d9d9d9"/>
</a:solidFill>
</a:tcPr>
</a:tc>
<a:tc>
<a:txBody>
<a:bodyPr lIns="9360" rIns="9360" tIns="9360" bIns="0"/>
<a:p>
<a:r>
<a:rPr lang="en-ZA" sz="1100" spc="-1" strike="noStrike">
<a:solidFill>
<a:srgbClr val="000000"/>
</a:solidFill>
<a:uFill>
<a:solidFill>
<a:srgbClr val="ffffff"/>
</a:solidFill>
</a:uFill>
<a:latin typeface="Arial"/>
</a:rPr>
<a:t>{$MONITORING_BAGL_1}</a:t>
</a:r>
<a:endParaRPr lang="en-ZA" sz="1800" spc="-1" strike="noStrike">
<a:solidFill>
<a:srgbClr val="000000"/>
</a:solidFill>
<a:uFill>
<a:solidFill>
<a:srgbClr val="ffffff"/>
</a:solidFill>
</a:uFill>
<a:latin typeface="Arial"/>
</a:endParaRPr>
</a:p>
</a:txBody>
<a:tcPr marL="9360" marR="9360">
<a:lnL w="12240">
<a:solidFill>
<a:srgbClr val="ffffff"/>
</a:solidFill>
</a:lnL>
<a:lnR w="12240">
<a:solidFill>
<a:srgbClr val="ffffff"/>
</a:solidFill>
</a:lnR>
<a:lnT w="38160">
<a:solidFill>
<a:srgbClr val="ffffff"/>
</a:solidFill>
</a:lnT>
<a:lnB w="12240">
<a:solidFill>
<a:srgbClr val="ffffff"/>
</a:solidFill>
</a:lnB>
<a:solidFill>
<a:srgbClr val="d9d9d9"/>
</a:solidFill>
</a:tcPr>
</a:tc>
<a:tc>
<a:txBody>
<a:bodyPr lIns="9360" rIns="9360" tIns="9360" bIns="0"/>
<a:p>
<a:r>
<a:rPr lang="en-ZA" sz="1100" spc="-1" strike="noStrike">
<a:solidFill>
<a:srgbClr val="000000"/>
</a:solidFill>
<a:uFill>
<a:solidFill>
<a:srgbClr val="ffffff"/>
</a:solidFill>
</a:uFill>
<a:latin typeface="Arial"/>
</a:rPr>
<a:t>{$MONITORING_ACTION_OWNER_1}</a:t>
</a:r>
<a:endParaRPr lang="en-ZA" sz="1800" spc="-1" strike="noStrike">
<a:solidFill>
<a:srgbClr val="000000"/>
</a:solidFill>
<a:uFill>
<a:solidFill>
<a:srgbClr val="ffffff"/>
</a:solidFill>
</a:uFill>
<a:latin typeface="Arial"/>
</a:endParaRPr>
</a:p>
</a:txBody>
<a:tcPr marL="9360" marR="9360">
<a:lnL w="12240">
<a:solidFill>
<a:srgbClr val="ffffff"/>
</a:solidFill>
</a:lnL>
<a:lnR w="12240">
<a:solidFill>
<a:srgbClr val="ffffff"/>
</a:solidFill>
</a:lnR>
<a:lnT w="38160">
<a:solidFill>
<a:srgbClr val="ffffff"/>
</a:solidFill>
</a:lnT>
<a:lnB w="12240">
<a:solidFill>
<a:srgbClr val="ffffff"/>
</a:solidFill>
</a:lnB>
<a:solidFill>
<a:srgbClr val="d9d9d9"/>
</a:solidFill>
</a:tcPr>
</a:tc>
<a:tc>
<a:txBody>
<a:bodyPr lIns="9360" rIns="9360" tIns="9360" bIns="0"/>
<a:p>
<a:r>
<a:rPr lang="en-ZA" sz="1100" spc="-1" strike="noStrike">
<a:solidFill>
<a:srgbClr val="000000"/>
</a:solidFill>
<a:uFill>
<a:solidFill>
<a:srgbClr val="ffffff"/>
</a:solidFill>
</a:uFill>
<a:latin typeface="Arial"/>
</a:rPr>
<a:t>{$MONITORING_ACCOUNTABLE_EXECUTIVE_1}</a:t>
</a:r>
<a:endParaRPr lang="en-ZA" sz="1800" spc="-1" strike="noStrike">
<a:solidFill>
<a:srgbClr val="000000"/>
</a:solidFill>
<a:uFill>
<a:solidFill>
<a:srgbClr val="ffffff"/>
</a:solidFill>
</a:uFill>
<a:latin typeface="Arial"/>
</a:endParaRPr>
</a:p>
</a:txBody>
<a:tcPr marL="9360" marR="9360">
<a:lnL w="12240">
<a:solidFill>
<a:srgbClr val="ffffff"/>
</a:solidFill>
</a:lnL>
<a:lnR w="12240">
<a:solidFill>
<a:srgbClr val="ffffff"/>
</a:solidFill>
</a:lnR>
<a:lnT w="38160">
<a:solidFill>
<a:srgbClr val="ffffff"/>
</a:solidFill>
</a:lnT>
<a:lnB w="12240">
<a:solidFill>
<a:srgbClr val="ffffff"/>
</a:solidFill>
</a:lnB>
<a:solidFill>
<a:srgbClr val="d9d9d9"/>
</a:solidFill>
</a:tcPr>
</a:tc>
<a:tc>
<a:txBody>
<a:bodyPr lIns="9360" rIns="9360" tIns="9360" bIns="0"/>
<a:p>
<a:r>
<a:rPr lang="en-ZA" sz="1100" spc="-1" strike="noStrike">
<a:solidFill>
<a:srgbClr val="000000"/>
</a:solidFill>
<a:uFill>
<a:solidFill>
<a:srgbClr val="ffffff"/>
</a:solidFill>
</a:uFill>
<a:latin typeface="Arial"/>
</a:rPr>
<a:t>{$MONITORING_DUE_DATE_1}</a:t>
</a:r>
<a:endParaRPr lang="en-ZA" sz="1800" spc="-1" strike="noStrike">
<a:solidFill>
<a:srgbClr val="000000"/>
</a:solidFill>
<a:uFill>
<a:solidFill>
<a:srgbClr val="ffffff"/>
</a:solidFill>
</a:uFill>
<a:latin typeface="Arial"/>
</a:endParaRPr>
</a:p>
</a:txBody>
<a:tcPr marL="9360" marR="9360">
<a:lnL w="12240">
<a:solidFill>
<a:srgbClr val="ffffff"/>
</a:solidFill>
</a:lnL>
<a:lnR w="12240">
<a:solidFill>
<a:srgbClr val="ffffff"/>
</a:solidFill>
</a:lnR>
<a:lnT w="38160">
<a:solidFill>
<a:srgbClr val="ffffff"/>
</a:solidFill>
</a:lnT>
<a:lnB w="12240">
<a:solidFill>
<a:srgbClr val="ffffff"/>
</a:solidFill>
</a:lnB>
<a:solidFill>
<a:srgbClr val="d9d9d9"/>
</a:solidFill>
</a:tcPr>
</a:tc>
<a:tc>
<a:txBody>
<a:bodyPr lIns="9360" rIns="9360" tIns="9360" bIns="0"/>
<a:p>
<a:r>
<a:rPr lang="en-ZA" sz="1100" spc="-1" strike="noStrike">
<a:solidFill>
<a:srgbClr val="000000"/>
</a:solidFill>
<a:uFill>
<a:solidFill>
<a:srgbClr val="ffffff"/>
</a:solidFill>
</a:uFill>
<a:latin typeface="Arial"/>
</a:rPr>
<a:t>{$MONITORING_STATUS_UPDATE_1}</a:t>
</a:r>
<a:endParaRPr lang="en-ZA" sz="1800" spc="-1" strike="noStrike">
<a:solidFill>
<a:srgbClr val="000000"/>
</a:solidFill>
<a:uFill>
<a:solidFill>
<a:srgbClr val="ffffff"/>
</a:solidFill>
</a:uFill>
<a:latin typeface="Arial"/>
</a:endParaRPr>
</a:p>
</a:txBody>
<a:tcPr marL="9360" marR="9360">
<a:lnL w="12240">
<a:solidFill>
<a:srgbClr val="ffffff"/>
</a:solidFill>
</a:lnL>
<a:lnR w="12240">
<a:solidFill>
<a:srgbClr val="ffffff"/>
</a:solidFill>
</a:lnR>
<a:lnT w="38160">
<a:solidFill>
<a:srgbClr val="ffffff"/>
</a:solidFill>
</a:lnT>
<a:lnB w="12240">
<a:solidFill>
<a:srgbClr val="ffffff"/>
</a:solidFill>
</a:lnB>
<a:solidFill>
<a:srgbClr val="d9d9d9"/>
</a:solidFill>
</a:tcPr>
</a:tc>
</a:tr>
</a:tbl>
</a:graphicData>
</a:graphic>
</p:graphicFrame>
<p:sp>
<p:nvSpPr>
<p:cNvPr id="54" name="CustomShape 8"/>
<p:cNvSpPr/>
<p:nvPr/>
</p:nvSpPr>
<p:spPr>
<a:xfrm>
<a:off x="723960" y="6485040"/>
<a:ext cx="4828680" cy="137520"/>
</a:xfrm>
<a:prstGeom prst="rect">
<a:avLst/>
</a:prstGeom>
<a:noFill/>
<a:ln>
<a:noFill/>
</a:ln>
</p:spPr>
<p:style>
<a:lnRef idx="0"/>
<a:fillRef idx="0"/>
<a:effectRef idx="0"/>
<a:fontRef idx="minor"/>
</p:style>
<p:txBody>
<a:bodyPr lIns="0" rIns="0" tIns="0" bIns="0"/>
<a:p>
<a:pPr>
<a:lnSpc>
<a:spcPct val="100000"/>
</a:lnSpc>
</a:pPr>
<a:r>
<a:rPr lang="en-ZA" sz="900" spc="-1" strike="noStrike">
<a:solidFill>
<a:srgbClr val="000000"/>
</a:solidFill>
<a:uFill>
<a:solidFill>
<a:srgbClr val="ffffff"/>
</a:solidFill>
</a:uFill>
<a:latin typeface="Expert Sans Regular"/>
</a:rPr>
<a:t>Internal use only</a:t>
</a:r>
<a:endParaRPr lang="en-ZA" sz="1800" spc="-1" strike="noStrike">
<a:solidFill>
<a:srgbClr val="000000"/>
</a:solidFill>
<a:uFill>
<a:solidFill>
<a:srgbClr val="ffffff"/>
</a:solidFill>
</a:uFill>
<a:latin typeface="Arial"/>
</a:endParaRPr>
</a:p>
</p:txBody>
</p:sp>
<p:sp>
<p:nvSpPr>
<p:cNvPr id="55" name="CustomShape 9"/>
<p:cNvSpPr/>
<p:nvPr/>
</p:nvSpPr>
<p:spPr>
<a:xfrm>
<a:off x="723960" y="6276240"/>
<a:ext cx="3588840" cy="137520"/>
</a:xfrm>
<a:prstGeom prst="rect">
<a:avLst/>
</a:prstGeom>
<a:noFill/>
<a:ln w="9360">
<a:noFill/>
</a:ln>
</p:spPr>
<p:style>
<a:lnRef idx="0"/>
<a:fillRef idx="0"/>
<a:effectRef idx="0"/>
<a:fontRef idx="minor"/>
</p:style>
<p:txBody>
<a:bodyPr lIns="0" rIns="0" tIns="0" bIns="0" anchor="b"/>
<a:p>
<a:pPr>
<a:lnSpc>
<a:spcPct val="100000"/>
</a:lnSpc>
</a:pPr>
<a:fld id="{B287DA78-8C18-4C9F-B0DE-B2E0D8E2B124}" type="slidenum">
<a:rPr lang="en-ZA" sz="900" spc="-1" strike="noStrike">
<a:solidFill>
<a:srgbClr val="000000"/>
</a:solidFill>
<a:uFill>
<a:solidFill>
<a:srgbClr val="ffffff"/>
</a:solidFill>
</a:uFill>
<a:latin typeface="Expert Sans Regular"/>
</a:rPr>
<a:t>&lt;number&gt;</a:t>
</a:fld>
<a:r>
<a:rPr lang="en-ZA" sz="900" spc="-1" strike="noStrike">
<a:solidFill>
<a:srgbClr val="000000"/>
</a:solidFill>
<a:uFill>
<a:solidFill>
<a:srgbClr val="ffffff"/>
</a:solidFill>
</a:uFill>
<a:latin typeface="Expert Sans Regular"/>
</a:rPr>
<a:t> | Compliance Report | June 2016</a:t>
</a:r>
<a:endParaRPr lang="en-ZA" sz="900" spc="-1" strike="noStrike">
<a:solidFill>
<a:srgbClr val="000000"/>
</a:solidFill>
<a:uFill>
<a:solidFill>
<a:srgbClr val="ffffff"/>
</a:solidFill>
</a:uFill>
<a:latin typeface="Arial"/>
</a:endParaRPr>
</a:p>
</p:txBody>
</p:sp>
</p:spTree>
</p:cSld>
<p:timing>
<p:tnLst>
<p:par>
<p:cTn id="1" dur="indefinite" restart="never" nodeType="tmRoot">
<p:childTnLst>
<p:seq>
<p:cTn id="2" nodeType="mainSeq"/>
<p:prevCondLst>
<p:cond delay="0" evt="onPrev">
<p:tgtEl>
<p:sldTgt/>
</p:tgtEl>
</p:cond>
</p:prevCondLst>
<p:nextCondLst>
<p:cond delay="0" evt="onNext">
<p:tgtEl>
<p:sldTgt/>
</p:tgtEl>
</p:cond>
</p:nextCondLst>
</p:seq>
</p:childTnLst>
</p:cTn>
</p:par>
</p:tnLst>
</p:timing>
</p:sld>
