<?xml version="1.0" encoding="UTF-8" standalone="yes"?>
<p:notesMaster xmlns:a="http://schemas.openxmlformats.org/drawingml/2006/main" xmlns:r="http://schemas.openxmlformats.org/officeDocument/2006/relationships" xmlns:p="http://schemas.openxmlformats.org/presentationml/2006/main"><p:cSld><p:bg><p:bgPr><a:solidFill><a:schemeClr val="bg1"/></a:solidFill><a:effectLst/></p:bgPr></p:bg><p:spTree><p:nvGrpSpPr><p:cNvPr id="1" name=""/><p:cNvGrpSpPr/><p:nvPr/></p:nvGrpSpPr><p:grpSpPr><a:xfrm><a:off x="0" y="0"/><a:ext cx="0" cy="0"/><a:chOff x="0" y="0"/><a:chExt cx="0" cy="0"/></a:xfrm></p:grpSpPr><p:sp><p:nvSpPr><p:cNvPr id="210946" name="Rectangle 2"/><p:cNvSpPr><a:spLocks noGrp="1" noChangeArrowheads="1"/></p:cNvSpPr><p:nvPr><p:ph type="hdr" sz="quarter"/></p:nvPr></p:nvSpPr><p:spPr bwMode="auto"><a:xfrm><a:off x="1" y="2"/><a:ext cx="3041968" cy="465296"/></a:xfrm><a:prstGeom prst="rect"><a:avLst/></a:prstGeom><a:noFill/><a:ln w="9525"><a:noFill/><a:miter lim="800000"/><a:headEnd/><a:tailEnd/></a:ln><a:effectLst/></p:spPr><p:txBody><a:bodyPr vert="horz" wrap="square" lIns="91394" tIns="45697" rIns="91394" bIns="45697" numCol="1" anchor="t" anchorCtr="0" compatLnSpc="1"><a:prstTxWarp prst="textNoShape"><a:avLst/></a:prstTxWarp></a:bodyPr><a:lstStyle><a:lvl1pPr><a:defRPr sz="1200"><a:solidFill><a:schemeClr val="tx1"/></a:solidFill><a:latin typeface="Arial" pitchFamily="34" charset="0"/><a:cs typeface="+mn-cs"/></a:defRPr></a:lvl1pPr></a:lstStyle><a:p><a:pPr><a:defRPr/></a:pPr><a:r><a:rPr lang="en-US" dirty="0" smtClean="0"/><a:t>BARCLAYS AFRICA GROUP LIMITED COMPLIANCE REPORT 01 JANUARY 2015 – 31 MARCH 2015</a:t></a:r><a:endParaRPr lang="en-US" dirty="0"/></a:p></p:txBody></p:sp><p:sp><p:nvSpPr><p:cNvPr id="210947" name="Rectangle 3"/><p:cNvSpPr><a:spLocks noGrp="1" noChangeArrowheads="1"/></p:cNvSpPr><p:nvPr><p:ph type="dt" idx="1"/></p:nvPr></p:nvSpPr><p:spPr bwMode="auto"><a:xfrm><a:off x="3976333" y="2"/><a:ext cx="3041968" cy="465296"/></a:xfrm><a:prstGeom prst="rect"><a:avLst/></a:prstGeom><a:noFill/><a:ln w="9525"><a:noFill/><a:miter lim="800000"/><a:headEnd/><a:tailEnd/></a:ln><a:effectLst/></p:spPr><p:txBody><a:bodyPr vert="horz" wrap="square" lIns="91394" tIns="45697" rIns="91394" bIns="45697" numCol="1" anchor="t" anchorCtr="0" compatLnSpc="1"><a:prstTxWarp prst="textNoShape"><a:avLst/></a:prstTxWarp></a:bodyPr><a:lstStyle><a:lvl1pPr algn="r"><a:defRPr sz="1200"><a:solidFill><a:schemeClr val="tx1"/></a:solidFill><a:latin typeface="Arial" pitchFamily="34" charset="0"/><a:cs typeface="+mn-cs"/></a:defRPr></a:lvl1pPr></a:lstStyle><a:p><a:pPr><a:defRPr/></a:pPr><a:endParaRPr lang="en-US" dirty="0"/></a:p></p:txBody></p:sp><p:sp><p:nvSpPr><p:cNvPr id="93188" name="Rectangle 4"/><p:cNvSpPr><a:spLocks noGrp="1" noRot="1" noChangeAspect="1" noChangeArrowheads="1" noTextEdit="1"/></p:cNvSpPr><p:nvPr><p:ph type="sldImg" idx="2"/></p:nvPr></p:nvSpPr><p:spPr bwMode="auto"><a:xfrm><a:off x="992188" y="698500"/><a:ext cx="5035550" cy="3487738"/></a:xfrm><a:prstGeom prst="rect"><a:avLst/></a:prstGeom><a:noFill/><a:ln w="9525"><a:solidFill><a:srgbClr val="000000"/></a:solidFill><a:miter lim="800000"/><a:headEnd/><a:tailEnd/></a:ln></p:spPr></p:sp><p:sp><p:nvSpPr><p:cNvPr id="210949" name="Rectangle 5"/><p:cNvSpPr><a:spLocks noGrp="1" noChangeArrowheads="1"/></p:cNvSpPr><p:nvPr><p:ph type="body" sz="quarter" idx="3"/></p:nvPr></p:nvSpPr><p:spPr bwMode="auto"><a:xfrm><a:off x="701993" y="4420315"/><a:ext cx="5615940" cy="4187666"/></a:xfrm><a:prstGeom prst="rect"><a:avLst/></a:prstGeom><a:noFill/><a:ln w="9525"><a:noFill/><a:miter lim="800000"/><a:headEnd/><a:tailEnd/></a:ln><a:effectLst/></p:spPr><p:txBody><a:bodyPr vert="horz" wrap="square" lIns="91394" tIns="45697" rIns="91394" bIns="45697" numCol="1" anchor="t" anchorCtr="0" compatLnSpc="1"><a:prstTxWarp prst="textNoShape"><a:avLst/></a:prstTxWarp></a:bodyPr><a:lstStyle/><a:p><a:pPr lvl="0"/><a:r><a:rPr lang="en-US" noProof="0" dirty="0" smtClean="0"/><a:t>Click to edit Master text styles</a:t></a:r></a:p><a:p><a:pPr lvl="1"/><a:r><a:rPr lang="en-US" noProof="0" dirty="0" smtClean="0"/><a:t>Second level</a:t></a:r></a:p><a:p><a:pPr lvl="2"/><a:r><a:rPr lang="en-US" noProof="0" dirty="0" smtClean="0"/><a:t>Third level</a:t></a:r></a:p><a:p><a:pPr lvl="3"/><a:r><a:rPr lang="en-US" noProof="0" dirty="0" smtClean="0"/><a:t>Fourth level</a:t></a:r></a:p><a:p><a:pPr lvl="4"/><a:r><a:rPr lang="en-US" noProof="0" dirty="0" smtClean="0"/><a:t>Fifth level</a:t></a:r></a:p></p:txBody></p:sp><p:sp><p:nvSpPr><p:cNvPr id="210950" name="Rectangle 6"/><p:cNvSpPr><a:spLocks noGrp="1" noChangeArrowheads="1"/></p:cNvSpPr><p:nvPr><p:ph type="ftr" sz="quarter" idx="4"/></p:nvPr></p:nvSpPr><p:spPr bwMode="auto"><a:xfrm><a:off x="1" y="8839014"/><a:ext cx="3041968" cy="465296"/></a:xfrm><a:prstGeom prst="rect"><a:avLst/></a:prstGeom><a:noFill/><a:ln w="9525"><a:noFill/><a:miter lim="800000"/><a:headEnd/><a:tailEnd/></a:ln><a:effectLst/></p:spPr><p:txBody><a:bodyPr vert="horz" wrap="square" lIns="91394" tIns="45697" rIns="91394" bIns="45697" numCol="1" anchor="b" anchorCtr="0" compatLnSpc="1"><a:prstTxWarp prst="textNoShape"><a:avLst/></a:prstTxWarp></a:bodyPr><a:lstStyle><a:lvl1pPr><a:defRPr sz="1200"><a:solidFill><a:schemeClr val="tx1"/></a:solidFill><a:latin typeface="Arial" pitchFamily="34" charset="0"/><a:cs typeface="+mn-cs"/></a:defRPr></a:lvl1pPr></a:lstStyle><a:p><a:pPr><a:defRPr/></a:pPr><a:endParaRPr lang="en-US" dirty="0"/></a:p></p:txBody></p:sp><p:sp><p:nvSpPr><p:cNvPr id="210951" name="Rectangle 7"/><p:cNvSpPr><a:spLocks noGrp="1" noChangeArrowheads="1"/></p:cNvSpPr><p:nvPr><p:ph type="sldNum" sz="quarter" idx="5"/></p:nvPr></p:nvSpPr><p:spPr bwMode="auto"><a:xfrm><a:off x="3976333" y="8839014"/><a:ext cx="3041968" cy="465296"/></a:xfrm><a:prstGeom prst="rect"><a:avLst/></a:prstGeom><a:noFill/><a:ln w="9525"><a:noFill/><a:miter lim="800000"/><a:headEnd/><a:tailEnd/></a:ln><a:effectLst/></p:spPr><p:txBody><a:bodyPr vert="horz" wrap="square" lIns="91394" tIns="45697" rIns="91394" bIns="45697" numCol="1" anchor="b" anchorCtr="0" compatLnSpc="1"><a:prstTxWarp prst="textNoShape"><a:avLst/></a:prstTxWarp></a:bodyPr><a:lstStyle><a:lvl1pPr algn="r"><a:defRPr sz="1200"><a:solidFill><a:schemeClr val="tx1"/></a:solidFill><a:latin typeface="Arial" pitchFamily="34" charset="0"/><a:cs typeface="+mn-cs"/></a:defRPr></a:lvl1pPr></a:lstStyle><a:p><a:pPr><a:defRPr/></a:pPr><a:fld id="{73A43DA5-D030-4AF5-BC97-CB5B3EE502B5}" type="slidenum"><a:rPr lang="en-US"/><a:pPr><a:defRPr/></a:pPr><a:t>‹#›</a:t></a:fld><a:endParaRPr lang="en-US" dirty="0"/></a:p></p:txBody></p:sp></p:spTree><p:extLst><p:ext uri="{BB962C8B-B14F-4D97-AF65-F5344CB8AC3E}"><p14:creationId xmlns="" xmlns:p14="http://schemas.microsoft.com/office/powerpoint/2010/main" val="3802742109"/></p:ext></p:extLst></p:cSld><p:clrMap bg1="lt1" tx1="dk1" bg2="lt2" tx2="dk2" accent1="accent1" accent2="accent2" accent3="accent3" accent4="accent4" accent5="accent5" accent6="accent6" hlink="hlink" folHlink="folHlink"/><p:hf ftr="0" dt="0"/><p:notesStyle><a:lvl1pPr algn="l" rtl="0" eaLnBrk="0" fontAlgn="base" hangingPunct="0"><a:spcBef><a:spcPct val="30000"/></a:spcBef><a:spcAft><a:spcPct val="0"/></a:spcAft><a:defRPr sz="1200" kern="1200"><a:solidFill><a:schemeClr val="tx1"/></a:solidFill><a:latin typeface="Arial" pitchFamily="34" charset="0"/><a:ea typeface="+mn-ea"/><a:cs typeface="+mn-cs"/></a:defRPr></a:lvl1pPr><a:lvl2pPr marL="457200" algn="l" rtl="0" eaLnBrk="0" fontAlgn="base" hangingPunct="0"><a:spcBef><a:spcPct val="30000"/></a:spcBef><a:spcAft><a:spcPct val="0"/></a:spcAft><a:defRPr sz="1200" kern="1200"><a:solidFill><a:schemeClr val="tx1"/></a:solidFill><a:latin typeface="Arial" pitchFamily="34" charset="0"/><a:ea typeface="+mn-ea"/><a:cs typeface="+mn-cs"/></a:defRPr></a:lvl2pPr><a:lvl3pPr marL="914400" algn="l" rtl="0" eaLnBrk="0" fontAlgn="base" hangingPunct="0"><a:spcBef><a:spcPct val="30000"/></a:spcBef><a:spcAft><a:spcPct val="0"/></a:spcAft><a:defRPr sz="1200" kern="1200"><a:solidFill><a:schemeClr val="tx1"/></a:solidFill><a:latin typeface="Arial" pitchFamily="34" charset="0"/><a:ea typeface="+mn-ea"/><a:cs typeface="+mn-cs"/></a:defRPr></a:lvl3pPr><a:lvl4pPr marL="1371600" algn="l" rtl="0" eaLnBrk="0" fontAlgn="base" hangingPunct="0"><a:spcBef><a:spcPct val="30000"/></a:spcBef><a:spcAft><a:spcPct val="0"/></a:spcAft><a:defRPr sz="1200" kern="1200"><a:solidFill><a:schemeClr val="tx1"/></a:solidFill><a:latin typeface="Arial" pitchFamily="34" charset="0"/><a:ea typeface="+mn-ea"/><a:cs typeface="+mn-cs"/></a:defRPr></a:lvl4pPr><a:lvl5pPr marL="1828800" algn="l" rtl="0" eaLnBrk="0" fontAlgn="base" hangingPunct="0"><a:spcBef><a:spcPct val="30000"/></a:spcBef><a:spcAft><a:spcPct val="0"/></a:spcAft><a:defRPr sz="1200" kern="1200"><a:solidFill><a:schemeClr val="tx1"/></a:solidFill><a:latin typeface="Arial" pitchFamily="34" charset="0"/><a:ea typeface="+mn-ea"/><a:cs typeface="+mn-cs"/></a:defRPr></a:lvl5pPr><a:lvl6pPr marL="2286000" algn="l" defTabSz="914400" rtl="0" eaLnBrk="1" latinLnBrk="0" hangingPunct="1"><a:defRPr sz="1200" kern="1200"><a:solidFill><a:schemeClr val="tx1"/></a:solidFill><a:latin typeface="+mn-lt"/><a:ea typeface="+mn-ea"/><a:cs typeface="+mn-cs"/></a:defRPr></a:lvl6pPr><a:lvl7pPr marL="2743200" algn="l" defTabSz="914400" rtl="0" eaLnBrk="1" latinLnBrk="0" hangingPunct="1"><a:defRPr sz="1200" kern="1200"><a:solidFill><a:schemeClr val="tx1"/></a:solidFill><a:latin typeface="+mn-lt"/><a:ea typeface="+mn-ea"/><a:cs typeface="+mn-cs"/></a:defRPr></a:lvl7pPr><a:lvl8pPr marL="3200400" algn="l" defTabSz="914400" rtl="0" eaLnBrk="1" latinLnBrk="0" hangingPunct="1"><a:defRPr sz="1200" kern="1200"><a:solidFill><a:schemeClr val="tx1"/></a:solidFill><a:latin typeface="+mn-lt"/><a:ea typeface="+mn-ea"/><a:cs typeface="+mn-cs"/></a:defRPr></a:lvl8pPr><a:lvl9pPr marL="3657600" algn="l" defTabSz="914400" rtl="0" eaLnBrk="1" latinLnBrk="0" hangingPunct="1"><a:defRPr sz="1200" kern="1200"><a:solidFill><a:schemeClr val="tx1"/></a:solidFill><a:latin typeface="+mn-lt"/><a:ea typeface="+mn-ea"/><a:cs typeface="+mn-cs"/></a:defRPr></a:lvl9pPr></p:notesStyle></p:notesMaster>