<?xml version="1.0" encoding="UTF-8"?>
<ecore:EPackage xmi:version="2.0"
    xmlns:xmi="http://www.omg.org/XMI" xmlns:ComIbmJavaCompute.msgnode="ComIbmJavaCompute.msgnode" xmlns:ecore="http://www.eclipse.org/emf/2002/Ecore" xmlns:eflow="http://www.ibm.com/wbi/2005/eflow" xmlns:utility="http://www.ibm.com/wbi/2005/eflow_utility" nsURI="DocumentConverter_Flow.msgflow"
    nsPrefix="DocumentConverter_Flow.msgflow">
  <eClassifiers xmi:type="eflow:FCMComposite" name="FCMComposite_1">
    <eSuperTypes href="http://www.ibm.com/wbi/2005/eflow#//FCMBlock"/>
    <translation xmi:type="utility:TranslatableString" key="DocumentConverter_Flow" bundleName="DocumentConverter_Flow" pluginId="DocumentConverter_API"/>
    <colorGraphic16 xmi:type="utility:GIFFileGraphic" resourceName="platform:/plugin/DocumentConverter_API/icons/full/obj16/DocumentConverter_Flow.gif"/>
    <colorGraphic32 xmi:type="utility:GIFFileGraphic" resourceName="platform:/plugin/DocumentConverter_API/icons/full/obj30/DocumentConverter_Flow.gif"/>
    <composition>
      <nodes xmi:type="ComIbmJavaCompute.msgnode:FCMComposite_1" xmi:id="FCMComposite_1_2" location="192,319" javaClass="DocumentConverter_Flow_JavaCompute">
        <translation xmi:type="utility:ConstantString" string="JavaCompute"/>
      </nodes>
    </composition>
    <propertyOrganizer/>
    <stickyBoard/>
  </eClassifiers>
</ecore:EPackage>
