<?xml version="1.0" encoding="UTF-8"?>
<projectDescription>
	<name>DocumentGenerator_API</name>
	<comment></comment>
	<projects>
		<project>DocumentGenerator_APIJava</project>
	</projects>
	<buildSpec>
		<buildCommand>
			<name>com.ibm.etools.mft.applib.mbprojectbuilder</name>
			<arguments>
			</arguments>
		</buildCommand>
		<buildCommand>
			<name>com.ibm.etools.msg.validation.dfdl.mlibdfdlbuilder</name>
			<arguments>
			</arguments>
		</buildCommand>
		<buildCommand>
			<name>com.ibm.etools.mft.flow.adapters.adapterbuilder</name>
			<arguments>
			</arguments>
		</buildCommand>
		<buildCommand>
			<name>com.ibm.etools.mft.flow.sca.scabuilder</name>
			<arguments>
			</arguments>
		</buildCommand>
		<buildCommand>
			<name>com.ibm.etools.msg.validation.dfdl.mbprojectresourcesbuilder</name>
			<arguments>
			</arguments>
		</buildCommand>
		<buildCommand>
			<name>com.ibm.etools.mft.esql.lang.esqllangbuilder</name>
			<arguments>
			</arguments>
		</buildCommand>
		<buildCommand>
			<name>com.ibm.etools.mft.map.builder.mslmappingbuilder</name>
			<arguments>
			</arguments>
		</buildCommand>
		<buildCommand>
			<name>com.ibm.etools.mft.flow.msgflowxsltbuilder</name>
			<arguments>
			</arguments>
		</buildCommand>
		<buildCommand>
			<name>com.ibm.etools.mft.flow.msgflowbuilder</name>
			<arguments>
			</arguments>
		</buildCommand>
		<buildCommand>
			<name>com.ibm.etools.mft.decision.service.ui.decisionservicerulebuilder</name>
			<arguments>
			</arguments>
		</buildCommand>
		<buildCommand>
			<name>com.ibm.etools.mft.pattern.capture.PatternBuilder</name>
			<arguments>
			</arguments>
		</buildCommand>
		<buildCommand>
			<name>com.ibm.etools.msg.validation.dfdl.dfdlqnamevalidator</name>
			<arguments>
			</arguments>
		</buildCommand>
		<buildCommand>
			<name>com.ibm.etools.mft.bar.ext.barbuilder</name>
			<arguments>
			</arguments>
		</buildCommand>
	</buildSpec>
	<natures>
		<nature>com.ibm.etools.msgbroker.tooling.messageBrokerProjectNature</nature>
	</natures>
</projectDescription>
