<?xml version="1.0" encoding="UTF-8" standalone="yes"?>
<p:sld xmlns:a="http://schemas.openxmlformats.org/drawingml/2006/main" xmlns:r="http://schemas.openxmlformats.org/officeDocument/2006/relationships" xmlns:p="http://schemas.openxmlformats.org/presentationml/2006/main">
<p:cSld>
<p:spTree>
<p:nvGrpSpPr>
<p:cNvPr id="1" name=""/>
<p:cNvGrpSpPr/>
<p:nvPr/>
</p:nvGrpSpPr>
<p:grpSpPr>
<a:xfrm>
<a:off x="0" y="0"/>
<a:ext cx="0" cy="0"/>
<a:chOff x="0" y="0"/>
<a:chExt cx="0" cy="0"/>
</a:xfrm>
</p:grpSpPr>
<p:sp>
<p:nvSpPr>
<p:cNvPr id="266" name="TextShape 1"/>
<p:cNvSpPr txBox="1"/>
<p:nvPr/>
</p:nvSpPr>
<p:spPr>
<a:xfrm>
<a:off x="342720" y="202680"/>
<a:ext cx="8915040" cy="276480"/>
</a:xfrm>
<a:prstGeom prst="rect">
<a:avLst/>
</a:prstGeom>
<a:noFill/>
<a:ln>
<a:noFill/>
</a:ln>
</p:spPr>
<p:txBody>
<a:bodyPr lIns="0" tIns="0" rIns="0" bIns="0" anchor="ctr"/>
<a:lstStyle/>
<a:p>
<a:pPr>
<a:lnSpc>
<a:spcPct val="100000"/>
</a:lnSpc>
</a:pPr>
<a:r>
<a:rPr lang="en-GB" sz="1800" strike="noStrike" spc="-1">
<a:solidFill>
<a:srgbClr val="00B0F0"/>
</a:solidFill>
<a:uFill>
<a:solidFill>
<a:srgbClr val="FFFFFF"/>
</a:solidFill>
</a:uFill>
<a:latin typeface="Expert Sans Regular"/>
</a:rPr>
<a:t>Surveillance</a:t>
</a:r>
<a:endParaRPr lang="en-GB" sz="3600" strike="noStrike" spc="-1">
<a:solidFill>
<a:srgbClr val="00AEEF"/>
</a:solidFill>
<a:uFill>
<a:solidFill>
<a:srgbClr val="FFFFFF"/>
</a:solidFill>
</a:uFill>
<a:latin typeface="Arial"/>
</a:endParaRPr>
</a:p>
</p:txBody>
</p:sp>
<p:sp>
<p:nvSpPr>
<p:cNvPr id="267" name="CustomShape 2"/>
<p:cNvSpPr/>
<p:nvPr/>
</p:nvSpPr>
<p:spPr>
<a:xfrm>
<a:off x="326520" y="502920"/>
<a:ext cx="9417240" cy="5516640"/>
</a:xfrm>
<a:prstGeom prst="rect">
<a:avLst/>
</a:prstGeom>
<a:noFill/>
<a:ln>
<a:solidFill>
<a:schemeClr val="tx1"/>
</a:solidFill>
</a:ln>
</p:spPr>
<p:style>
<a:lnRef idx="0">
<a:scrgbClr r="0" g="0" b="0"/>
</a:lnRef>
<a:fillRef idx="0">
<a:scrgbClr r="0" g="0" b="0"/>
</a:fillRef>
<a:effectRef idx="0">
<a:scrgbClr r="0" g="0" b="0"/>
</a:effectRef>
<a:fontRef idx="minor"/>
</p:style>
<p:txBody>
<a:bodyPr lIns="90000" tIns="45000" rIns="90000" bIns="45000"/>
<a:lstStyle/>
<a:p>
<a:pPr algn="just">
<a:lnSpc>
<a:spcPct val="100000"/>
</a:lnSpc>
</a:pPr>
<a:endParaRPr lang="en-ZA" sz="3600" strike="noStrike" spc="-1">
<a:solidFill>
<a:srgbClr val="000000"/>
</a:solidFill>
<a:uFill>
<a:solidFill>
<a:srgbClr val="FFFFFF"/>
</a:solidFill>
</a:uFill>
<a:latin typeface="Arial"/>
</a:endParaRPr>
</a:p>
<a:p>
<a:pPr algn="just">
<a:lnSpc>
<a:spcPct val="100000"/>
</a:lnSpc>
</a:pPr>
<a:endParaRPr lang="en-ZA" sz="3600" strike="noStrike" spc="-1">
<a:solidFill>
<a:srgbClr val="000000"/>
</a:solidFill>
<a:uFill>
<a:solidFill>
<a:srgbClr val="FFFFFF"/>
</a:solidFill>
</a:uFill>
<a:latin typeface="Arial"/>
</a:endParaRPr>
</a:p>
<a:p>
<a:pPr algn="just">
<a:lnSpc>
<a:spcPct val="100000"/>
</a:lnSpc>
</a:pPr>
<a:endParaRPr lang="en-ZA" sz="3600" strike="noStrike" spc="-1">
<a:solidFill>
<a:srgbClr val="000000"/>
</a:solidFill>
<a:uFill>
<a:solidFill>
<a:srgbClr val="FFFFFF"/>
</a:solidFill>
</a:uFill>
<a:latin typeface="Arial"/>
</a:endParaRPr>
</a:p>
<a:p>
<a:pPr algn="just">
<a:lnSpc>
<a:spcPct val="100000"/>
</a:lnSpc>
</a:pPr>
<a:endParaRPr lang="en-ZA" sz="3600" strike="noStrike" spc="-1">
<a:solidFill>
<a:srgbClr val="000000"/>
</a:solidFill>
<a:uFill>
<a:solidFill>
<a:srgbClr val="FFFFFF"/>
</a:solidFill>
</a:uFill>
<a:latin typeface="Arial"/>
</a:endParaRPr>
</a:p>
</p:txBody>
</p:sp>
<p:sp>
<p:nvSpPr>
<p:cNvPr id="268" name="CustomShape 3"/>
<p:cNvSpPr/>
<p:nvPr/>
</p:nvSpPr>
<p:spPr>
<a:xfrm>
<a:off x="488520" y="2200680"/>
<a:ext cx="4952520" cy="245880"/>
</a:xfrm>
<a:prstGeom prst="rect">
<a:avLst/>
</a:prstGeom>
<a:noFill/>
<a:ln>
<a:noFill/>
</a:ln>
</p:spPr>
<p:style>
<a:lnRef idx="0">
<a:scrgbClr r="0" g="0" b="0"/>
</a:lnRef>
<a:fillRef idx="0">
<a:scrgbClr r="0" g="0" b="0"/>
</a:fillRef>
<a:effectRef idx="0">
<a:scrgbClr r="0" g="0" b="0"/>
</a:effectRef>
<a:fontRef idx="minor"/>
</p:style>
</p:sp>
<p:sp>
<p:nvSpPr>
<p:cNvPr id="269" name="CustomShape 4"/>
<p:cNvSpPr/>
<p:nvPr/>
</p:nvSpPr>
<p:spPr>
<a:xfrm>
<a:off x="723960" y="6485040"/>
<a:ext cx="4828680" cy="137520"/>
</a:xfrm>
<a:prstGeom prst="rect">
<a:avLst/>
</a:prstGeom>
<a:noFill/>
<a:ln>
<a:noFill/>
</a:ln>
</p:spPr>
<p:style>
<a:lnRef idx="0">
<a:scrgbClr r="0" g="0" b="0"/>
</a:lnRef>
<a:fillRef idx="0">
<a:scrgbClr r="0" g="0" b="0"/>
</a:fillRef>
<a:effectRef idx="0">
<a:scrgbClr r="0" g="0" b="0"/>
</a:effectRef>
<a:fontRef idx="minor"/>
</p:style>
<p:txBody>
<a:bodyPr lIns="0" tIns="0" rIns="0" bIns="0"/>
<a:lstStyle/>
<a:p>
<a:pPr>
<a:lnSpc>
<a:spcPct val="100000"/>
</a:lnSpc>
</a:pPr>
<a:r>
<a:rPr lang="en-ZA" sz="900" strike="noStrike" spc="-1">
<a:solidFill>
<a:srgbClr val="000000"/>
</a:solidFill>
<a:uFill>
<a:solidFill>
<a:srgbClr val="FFFFFF"/>
</a:solidFill>
</a:uFill>
<a:latin typeface="Expert Sans Regular"/>
</a:rPr>
<a:t>Internal use only</a:t>
</a:r>
<a:endParaRPr lang="en-ZA" sz="3600" strike="noStrike" spc="-1">
<a:solidFill>
<a:srgbClr val="000000"/>
</a:solidFill>
<a:uFill>
<a:solidFill>
<a:srgbClr val="FFFFFF"/>
</a:solidFill>
</a:uFill>
<a:latin typeface="Arial"/>
</a:endParaRPr>
</a:p>
</p:txBody>
</p:sp>
<p:sp>
<p:nvSpPr>
<p:cNvPr id="270" name="CustomShape 5"/>
<p:cNvSpPr/>
<p:nvPr/>
</p:nvSpPr>
<p:spPr>
<a:xfrm>
<a:off x="723960" y="6276240"/>
<a:ext cx="3588840" cy="137520"/>
</a:xfrm>
<a:prstGeom prst="rect">
<a:avLst/>
</a:prstGeom>
<a:noFill/>
<a:ln w="9360">
<a:noFill/>
</a:ln>
</p:spPr>
<p:style>
<a:lnRef idx="0">
<a:scrgbClr r="0" g="0" b="0"/>
</a:lnRef>
<a:fillRef idx="0">
<a:scrgbClr r="0" g="0" b="0"/>
</a:fillRef>
<a:effectRef idx="0">
<a:scrgbClr r="0" g="0" b="0"/>
</a:effectRef>
<a:fontRef idx="minor"/>
</p:style>
<p:txBody>
<a:bodyPr lIns="0" tIns="0" rIns="0" bIns="0" anchor="b"/>
<a:lstStyle/>
<a:p>
<a:pPr>
<a:lnSpc>
<a:spcPct val="100000"/>
</a:lnSpc>
</a:pPr>
<a:fld id="{77028637-055D-4399-B529-B3021B55F111}" type="slidenum">
<a:rPr lang="en-ZA" sz="900" strike="noStrike" spc="-1">
<a:solidFill>
<a:srgbClr val="000000"/>
</a:solidFill>
<a:uFill>
<a:solidFill>
<a:srgbClr val="FFFFFF"/>
</a:solidFill>
</a:uFill>
<a:latin typeface="Expert Sans Regular"/>
</a:rPr>
<a:pPr>
<a:lnSpc>
<a:spcPct val="100000"/>
</a:lnSpc>
</a:pPr>
<a:t>1</a:t>
</a:fld>
<a:r>
<a:rPr lang="en-ZA" sz="900" strike="noStrike" spc="-1">
<a:solidFill>
<a:srgbClr val="000000"/>
</a:solidFill>
<a:uFill>
<a:solidFill>
<a:srgbClr val="FFFFFF"/>
</a:solidFill>
</a:uFill>
<a:latin typeface="Expert Sans Regular"/>
</a:rPr>
<a:t> | Compliance Report | June 2016</a:t>
</a:r>
<a:endParaRPr lang="en-ZA" sz="900" strike="noStrike" spc="-1">
<a:solidFill>
<a:srgbClr val="000000"/>
</a:solidFill>
<a:uFill>
<a:solidFill>
<a:srgbClr val="FFFFFF"/>
</a:solidFill>
</a:uFill>
<a:latin typeface="Arial"/>
</a:endParaRPr>
</a:p>
</p:txBody>
</p:sp>
<p:graphicFrame>
<p:nvGraphicFramePr>
<p:cNvPr id="8" name="Table 7"/>
<p:cNvGraphicFramePr>
<a:graphicFrameLocks noGrp="1"/>
</p:cNvGraphicFramePr>
<p:nvPr/>
</p:nvGraphicFramePr>
<p:xfrm>
<a:off x="457200" y="609601"/>
<a:ext cx="9144000" cy="767759"/>
</p:xfrm>
<a:graphic>
<a:graphicData uri="http://schemas.openxmlformats.org/drawingml/2006/table">
<a:tbl>
<a:tblPr firstRow="1" bandRow="1">
<a:tableStyleId>{5C22544A-7EE6-4342-B048-85BDC9FD1C3A}</a:tableStyleId>
</a:tblPr>
<a:tblGrid>
<a:gridCol w="3048000"/>
<a:gridCol w="3048000"/>
<a:gridCol w="3048000"/>
</a:tblGrid>
<a:tr h="212809">
<a:tc gridSpan="3">
<a:txBody>
<a:bodyPr/>
<a:lstStyle/>
<a:p>
<a:pPr algn="ctr"/>
<a:r>
<a:rPr lang="en-US" sz="1000" b="1" dirty="0" smtClean="0">
<a:solidFill>
<a:schemeClr val="tx1"/>
</a:solidFill>
<a:latin typeface="Expert Sans Regular"/>
</a:rPr>
<a:t>Smarts-Cash Equity</a:t>
</a:r>
<a:endParaRPr lang="en-US" sz="1000" b="1" dirty="0">
<a:solidFill>
<a:schemeClr val="tx1"/>
</a:solidFill>
<a:latin typeface="Expert Sans Regular"/>
</a:endParaRPr>
</a:p>
</a:txBody>
<a:tcPr>
<a:solidFill>
<a:srgbClr val="00B0F0"/>
</a:solidFill>
</a:tcPr>
</a:tc>
<a:tc hMerge="1">
<a:txBody>
<a:bodyPr/>
<a:lstStyle/>
<a:p>
<a:endParaRPr lang="en-US" dirty="0"/>
</a:p>
</a:txBody>
<a:tcPr>
<a:solidFill>
<a:srgbClr val="00B0F0"/>
</a:solidFill>
</a:tcPr>
</a:tc>
<a:tc hMerge="1">
<a:txBody>
<a:bodyPr/>
<a:lstStyle/>
<a:p>
<a:endParaRPr lang="en-US" dirty="0"/>
</a:p>
</a:txBody>
<a:tcPr>
<a:solidFill>
<a:srgbClr val="00B0F0"/>
</a:solidFill>
</a:tcPr>
</a:tc>
</a:tr>
<a:tr h="192912">
<a:tc>
<a:txBody>
<a:bodyPr/>
<a:lstStyle/>
<a:p>
<a:r>
<a:rPr lang="en-US" sz="1000" b="1" dirty="0" smtClean="0">
<a:solidFill>
<a:schemeClr val="tx1"/>
</a:solidFill>
<a:latin typeface="Expert Sans Regular"/>
</a:rPr>
<a:t>Scenario</a:t>
</a:r>
<a:r>
<a:rPr lang="en-US" sz="1000" b="1" baseline="0" dirty="0" smtClean="0">
<a:solidFill>
<a:schemeClr val="tx1"/>
</a:solidFill>
<a:latin typeface="Expert Sans Regular"/>
</a:rPr>
<a:t> Query</a:t>
</a:r>
<a:endParaRPr lang="en-US" sz="1000" b="1" dirty="0">
<a:solidFill>
<a:schemeClr val="tx1"/>
</a:solidFill>
<a:latin typeface="Expert Sans Regular"/>
</a:endParaRPr>
</a:p>
</a:txBody>
<a:tcPr>
<a:solidFill>
<a:srgbClr val="00B0F0"/>
</a:solidFill>
</a:tcPr>
</a:tc>
<a:tc>
<a:txBody>
<a:bodyPr/>
<a:lstStyle/>
<a:p>
<a:r>
<a:rPr lang="en-US" sz="1000" b="1" dirty="0" smtClean="0">
<a:solidFill>
<a:schemeClr val="tx1"/>
</a:solidFill>
<a:latin typeface="Expert Sans Regular"/>
</a:rPr>
<a:t>Trader</a:t>
</a:r>
<a:endParaRPr lang="en-US" sz="1000" b="1" dirty="0">
<a:solidFill>
<a:schemeClr val="tx1"/>
</a:solidFill>
<a:latin typeface="Expert Sans Regular"/>
</a:endParaRPr>
</a:p>
</a:txBody>
<a:tcPr>
<a:solidFill>
<a:srgbClr val="00B0F0"/>
</a:solidFill>
</a:tcPr>
</a:tc>
<a:tc>
<a:txBody>
<a:bodyPr/>
<a:lstStyle/>
<a:p>
<a:r>
<a:rPr lang="en-US" sz="1000" b="1" dirty="0" smtClean="0">
<a:solidFill>
<a:schemeClr val="tx1"/>
</a:solidFill>
<a:latin typeface="Expert Sans Regular"/>
</a:rPr>
<a:t>Comment</a:t>
</a:r>
<a:endParaRPr lang="en-US" sz="1000" b="1" dirty="0">
<a:solidFill>
<a:schemeClr val="tx1"/>
</a:solidFill>
<a:latin typeface="Expert Sans Regular"/>
</a:endParaRPr>
</a:p>
</a:txBody>
<a:tcPr>
<a:solidFill>
<a:srgbClr val="00B0F0"/>
</a:solidFill>
</a:tcPr>
</a:tc>
</a:tr>
<a:tr h="280079">
<a:tc>
<a:txBody>
<a:bodyPr/>
<a:lstStyle/>
<a:p>
<a:r>
<a:rPr lang="en-US" sz="1000" b="1" dirty="0" smtClean="0">
<a:solidFill>
<a:schemeClr val="tx1"/>
</a:solidFill>
<a:latin typeface="Expert Sans Regular"/>
</a:rPr>
<a:t>{$SMARTS_SCENARIO_1}</a:t>
</a:r>
<a:endParaRPr lang="en-US" sz="1000" b="1" dirty="0">
<a:solidFill>
<a:schemeClr val="tx1"/>
</a:solidFill>
<a:latin typeface="Expert Sans Regular"/>
</a:endParaRPr>
</a:p>
</a:txBody>
<a:tcPr>
<a:solidFill>
<a:schemeClr val="bg1">
<a:lumMod val="85000"/>
</a:schemeClr>
</a:solidFill>
</a:tcPr>
</a:tc>
<a:tc>
<a:txBody>
<a:bodyPr/>
<a:lstStyle/>
<a:p>
<a:r>
<a:rPr lang="en-US" sz="1000" b="1" dirty="0" smtClean="0">
<a:solidFill>
<a:schemeClr val="tx1"/>
</a:solidFill>
<a:latin typeface="Expert Sans Regular"/>
</a:rPr>
<a:t>{$SMARTS_TRADER_1}</a:t>
</a:r>
<a:endParaRPr lang="en-US" sz="1000" b="1" dirty="0">
<a:solidFill>
<a:schemeClr val="tx1"/>
</a:solidFill>
<a:latin typeface="Expert Sans Regular"/>
</a:endParaRPr>
</a:p>
</a:txBody>
<a:tcPr>
<a:solidFill>
<a:schemeClr val="bg1">
<a:lumMod val="85000"/>
</a:schemeClr>
</a:solidFill>
</a:tcPr>
</a:tc>
<a:tc>
<a:txBody>
<a:bodyPr/>
<a:lstStyle/>
<a:p>
<a:r>
<a:rPr lang="en-US" sz="1000" b="1" dirty="0" smtClean="0">
<a:solidFill>
<a:schemeClr val="tx1"/>
</a:solidFill>
<a:latin typeface="Expert Sans Regular"/>
</a:rPr>
<a:t>{$SMARTS_COMMENT_1}</a:t>
</a:r>
<a:endParaRPr lang="en-US" sz="1000" b="1" dirty="0">
<a:solidFill>
<a:schemeClr val="tx1"/>
</a:solidFill>
<a:latin typeface="Expert Sans Regular"/>
</a:endParaRPr>
</a:p>
</a:txBody>
<a:tcPr>
<a:solidFill>
<a:schemeClr val="bg1">
<a:lumMod val="85000"/>
</a:schemeClr>
</a:solidFill>
</a:tcPr>
</a:tc>
</a:tr>
</a:tbl>
</a:graphicData>
</a:graphic>
</p:graphicFrame>
<p:graphicFrame>
<p:nvGraphicFramePr>
<p:cNvPr id="9" name="Table 8"/>
<p:cNvGraphicFramePr>
<a:graphicFrameLocks noGrp="1"/>
</p:cNvGraphicFramePr>
<p:nvPr/>
</p:nvGraphicFramePr>
<p:xfrm>
<a:off x="381000" y="2459772"/>
<a:ext cx="9118599" cy="816828"/>
</p:xfrm>
<a:graphic>
<a:graphicData uri="http://schemas.openxmlformats.org/drawingml/2006/table">
<a:tbl>
<a:tblPr firstRow="1" bandRow="1">
<a:tableStyleId>{5C22544A-7EE6-4342-B048-85BDC9FD1C3A}</a:tableStyleId>
</a:tblPr>
<a:tblGrid>
<a:gridCol w="3039533"/>
<a:gridCol w="3039533"/>
<a:gridCol w="3039533"/>
</a:tblGrid>
<a:tr h="216426">
<a:tc gridSpan="3">
<a:txBody>
<a:bodyPr/>
<a:lstStyle/>
<a:p>
<a:pPr algn="ctr"/>
<a:r>
<a:rPr lang="en-US" sz="1000" b="1" dirty="0" err="1" smtClean="0">
<a:solidFill>
<a:schemeClr val="tx1"/>
</a:solidFill>
<a:latin typeface="Expert Sans Regular"/>
</a:rPr>
<a:t>Protegent</a:t>
</a:r>
<a:r>
<a:rPr lang="en-US" sz="1000" b="1" dirty="0" smtClean="0">
<a:solidFill>
<a:schemeClr val="tx1"/>
</a:solidFill>
<a:latin typeface="Expert Sans Regular"/>
</a:rPr>
<a:t>-Derivatives</a:t>
</a:r>
<a:endParaRPr lang="en-US" sz="1000" b="1" dirty="0">
<a:solidFill>
<a:schemeClr val="tx1"/>
</a:solidFill>
<a:latin typeface="Expert Sans Regular"/>
</a:endParaRPr>
</a:p>
</a:txBody>
<a:tcPr>
<a:solidFill>
<a:srgbClr val="00B0F0"/>
</a:solidFill>
</a:tcPr>
</a:tc>
<a:tc hMerge="1">
<a:txBody>
<a:bodyPr/>
<a:lstStyle/>
<a:p>
<a:endParaRPr lang="en-US" dirty="0"/>
</a:p>
</a:txBody>
<a:tcPr>
<a:solidFill>
<a:srgbClr val="00B0F0"/>
</a:solidFill>
</a:tcPr>
</a:tc>
<a:tc hMerge="1">
<a:txBody>
<a:bodyPr/>
<a:lstStyle/>
<a:p>
<a:endParaRPr lang="en-US" dirty="0"/>
</a:p>
</a:txBody>
<a:tcPr>
<a:solidFill>
<a:srgbClr val="00B0F0"/>
</a:solidFill>
</a:tcPr>
</a:tc>
</a:tr>
<a:tr h="216426">
<a:tc>
<a:txBody>
<a:bodyPr/>
<a:lstStyle/>
<a:p>
<a:r>
<a:rPr lang="en-US" sz="1000" b="1" dirty="0" smtClean="0">
<a:solidFill>
<a:schemeClr val="tx1"/>
</a:solidFill>
<a:latin typeface="Expert Sans Regular"/>
</a:rPr>
<a:t>Scenario</a:t>
</a:r>
<a:r>
<a:rPr lang="en-US" sz="1000" b="1" baseline="0" dirty="0" smtClean="0">
<a:solidFill>
<a:schemeClr val="tx1"/>
</a:solidFill>
<a:latin typeface="Expert Sans Regular"/>
</a:rPr>
<a:t> Query</a:t>
</a:r>
<a:endParaRPr lang="en-US" sz="1000" b="1" dirty="0">
<a:solidFill>
<a:schemeClr val="tx1"/>
</a:solidFill>
<a:latin typeface="Expert Sans Regular"/>
</a:endParaRPr>
</a:p>
</a:txBody>
<a:tcPr>
<a:solidFill>
<a:srgbClr val="00B0F0"/>
</a:solidFill>
</a:tcPr>
</a:tc>
<a:tc>
<a:txBody>
<a:bodyPr/>
<a:lstStyle/>
<a:p>
<a:r>
<a:rPr lang="en-US" sz="1000" b="1" dirty="0" smtClean="0">
<a:solidFill>
<a:schemeClr val="tx1"/>
</a:solidFill>
<a:latin typeface="Expert Sans Regular"/>
</a:rPr>
<a:t>Trader</a:t>
</a:r>
<a:endParaRPr lang="en-US" sz="1000" b="1" dirty="0">
<a:solidFill>
<a:schemeClr val="tx1"/>
</a:solidFill>
<a:latin typeface="Expert Sans Regular"/>
</a:endParaRPr>
</a:p>
</a:txBody>
<a:tcPr>
<a:solidFill>
<a:srgbClr val="00B0F0"/>
</a:solidFill>
</a:tcPr>
</a:tc>
<a:tc>
<a:txBody>
<a:bodyPr/>
<a:lstStyle/>
<a:p>
<a:r>
<a:rPr lang="en-US" sz="1000" b="1" dirty="0" smtClean="0">
<a:solidFill>
<a:schemeClr val="tx1"/>
</a:solidFill>
<a:latin typeface="Expert Sans Regular"/>
</a:rPr>
<a:t>Comment</a:t>
</a:r>
<a:endParaRPr lang="en-US" sz="1000" b="1" dirty="0">
<a:solidFill>
<a:schemeClr val="tx1"/>
</a:solidFill>
<a:latin typeface="Expert Sans Regular"/>
</a:endParaRPr>
</a:p>
</a:txBody>
<a:tcPr>
<a:solidFill>
<a:srgbClr val="00B0F0"/>
</a:solidFill>
</a:tcPr>
</a:tc>
</a:tr>
<a:tr h="329148">
<a:tc>
<a:txBody>
<a:bodyPr/>
<a:lstStyle/>
<a:p>
<a:r>
<a:rPr lang="en-US" sz="1000" b="1" dirty="0" smtClean="0">
<a:solidFill>
<a:schemeClr val="tx1"/>
</a:solidFill>
<a:latin typeface="Expert Sans Regular"/>
</a:rPr>
<a:t>{$PRO_SCENARIO_1}</a:t>
</a:r>
<a:endParaRPr lang="en-US" sz="1000" b="1" dirty="0">
<a:solidFill>
<a:schemeClr val="tx1"/>
</a:solidFill>
<a:latin typeface="Expert Sans Regular"/>
</a:endParaRPr>
</a:p>
</a:txBody>
<a:tcPr>
<a:solidFill>
<a:schemeClr val="bg1">
<a:lumMod val="85000"/>
</a:schemeClr>
</a:solidFill>
</a:tcPr>
</a:tc>
<a:tc>
<a:txBody>
<a:bodyPr/>
<a:lstStyle/>
<a:p>
<a:r>
<a:rPr lang="en-US" sz="1000" b="1" dirty="0" smtClean="0">
<a:solidFill>
<a:schemeClr val="tx1"/>
</a:solidFill>
<a:latin typeface="Expert Sans Regular"/>
</a:rPr>
<a:t>{$PRO_TRADER_1}</a:t>
</a:r>
<a:endParaRPr lang="en-US" sz="1000" b="1" dirty="0">
<a:solidFill>
<a:schemeClr val="tx1"/>
</a:solidFill>
<a:latin typeface="Expert Sans Regular"/>
</a:endParaRPr>
</a:p>
</a:txBody>
<a:tcPr>
<a:solidFill>
<a:schemeClr val="bg1">
<a:lumMod val="85000"/>
</a:schemeClr>
</a:solidFill>
</a:tcPr>
</a:tc>
<a:tc>
<a:txBody>
<a:bodyPr/>
<a:lstStyle/>
<a:p>
<a:r>
<a:rPr lang="en-US" sz="1000" b="1" dirty="0" smtClean="0">
<a:solidFill>
<a:schemeClr val="tx1"/>
</a:solidFill>
<a:latin typeface="Expert Sans Regular"/>
</a:rPr>
<a:t>{$PRO_COMMENT_1}</a:t>
</a:r>
<a:endParaRPr lang="en-US" sz="1000" b="1" dirty="0">
<a:solidFill>
<a:schemeClr val="tx1"/>
</a:solidFill>
<a:latin typeface="Expert Sans Regular"/>
</a:endParaRPr>
</a:p>
</a:txBody>
<a:tcPr>
<a:solidFill>
<a:schemeClr val="bg1">
<a:lumMod val="85000"/>
</a:schemeClr>
</a:solidFill>
</a:tcPr>
</a:tc>
</a:tr>
</a:tbl>
</a:graphicData>
</a:graphic>
</p:graphicFrame>
<p:graphicFrame>
<p:nvGraphicFramePr>
<p:cNvPr id="10" name="Table 9"/>
<p:cNvGraphicFramePr>
<a:graphicFrameLocks noGrp="1"/>
</p:cNvGraphicFramePr>
<p:nvPr/>
</p:nvGraphicFramePr>
<p:xfrm>
<a:off x="457199" y="3985966"/>
<a:ext cx="9067801" cy="814634"/>
</p:xfrm>
<a:graphic>
<a:graphicData uri="http://schemas.openxmlformats.org/drawingml/2006/table">
<a:tbl>
<a:tblPr firstRow="1" bandRow="1">
<a:tableStyleId>{5C22544A-7EE6-4342-B048-85BDC9FD1C3A}</a:tableStyleId>
</a:tblPr>
<a:tblGrid>
<a:gridCol w="2438401"/>
<a:gridCol w="1746738"/>
<a:gridCol w="2615712"/>
<a:gridCol w="2266950"/>
</a:tblGrid>
<a:tr h="214983">
<a:tc gridSpan="4">
<a:txBody>
<a:bodyPr/>
<a:lstStyle/>
<a:p>
<a:pPr algn="ctr"/>
<a:r>
<a:rPr lang="en-US" sz="1000" b="1" dirty="0" smtClean="0">
<a:solidFill>
<a:schemeClr val="tx1"/>
</a:solidFill>
<a:latin typeface="Expert Sans Regular"/>
</a:rPr>
<a:t>FX</a:t>
</a:r>
<a:r>
<a:rPr lang="en-US" sz="1000" b="1" baseline="0" dirty="0" smtClean="0">
<a:solidFill>
<a:schemeClr val="tx1"/>
</a:solidFill>
<a:latin typeface="Expert Sans Regular"/>
</a:rPr>
<a:t> Reports</a:t>
</a:r>
<a:endParaRPr lang="en-US" sz="1000" b="1" dirty="0">
<a:solidFill>
<a:schemeClr val="tx1"/>
</a:solidFill>
<a:latin typeface="Expert Sans Regular"/>
</a:endParaRPr>
</a:p>
</a:txBody>
<a:tcPr>
<a:solidFill>
<a:srgbClr val="00B0F0"/>
</a:solidFill>
</a:tcPr>
</a:tc>
<a:tc hMerge="1">
<a:txBody>
<a:bodyPr/>
<a:lstStyle/>
<a:p>
<a:endParaRPr lang="en-US"/>
</a:p>
</a:txBody>
<a:tcPr/>
</a:tc>
<a:tc hMerge="1">
<a:txBody>
<a:bodyPr/>
<a:lstStyle/>
<a:p>
<a:endParaRPr lang="en-US" dirty="0"/>
</a:p>
</a:txBody>
<a:tcPr>
<a:solidFill>
<a:srgbClr val="00B0F0"/>
</a:solidFill>
</a:tcPr>
</a:tc>
<a:tc hMerge="1">
<a:txBody>
<a:bodyPr/>
<a:lstStyle/>
<a:p>
<a:endParaRPr lang="en-US" dirty="0"/>
</a:p>
</a:txBody>
<a:tcPr>
<a:solidFill>
<a:srgbClr val="00B0F0"/>
</a:solidFill>
</a:tcPr>
</a:tc>
</a:tr>
<a:tr h="214983">
<a:tc>
<a:txBody>
<a:bodyPr/>
<a:lstStyle/>
<a:p>
<a:r>
<a:rPr lang="en-US" sz="1000" b="1" dirty="0" smtClean="0">
<a:solidFill>
<a:schemeClr val="tx1"/>
</a:solidFill>
<a:latin typeface="Expert Sans Regular"/>
</a:rPr>
<a:t>Scenario</a:t>
</a:r>
<a:r>
<a:rPr lang="en-US" sz="1000" b="1" baseline="0" dirty="0" smtClean="0">
<a:solidFill>
<a:schemeClr val="tx1"/>
</a:solidFill>
<a:latin typeface="Expert Sans Regular"/>
</a:rPr>
<a:t> Query</a:t>
</a:r>
<a:endParaRPr lang="en-US" sz="1000" b="1" dirty="0">
<a:solidFill>
<a:schemeClr val="tx1"/>
</a:solidFill>
<a:latin typeface="Expert Sans Regular"/>
</a:endParaRPr>
</a:p>
</a:txBody>
<a:tcPr>
<a:solidFill>
<a:srgbClr val="00B0F0"/>
</a:solidFill>
</a:tcPr>
</a:tc>
<a:tc>
<a:txBody>
<a:bodyPr/>
<a:lstStyle/>
<a:p>
<a:r>
<a:rPr lang="en-US" sz="1000" b="1" dirty="0" smtClean="0">
<a:solidFill>
<a:schemeClr val="tx1"/>
</a:solidFill>
<a:latin typeface="Expert Sans Regular"/>
</a:rPr>
<a:t>Trader</a:t>
</a:r>
<a:endParaRPr lang="en-US" sz="1000" b="1" dirty="0">
<a:solidFill>
<a:schemeClr val="tx1"/>
</a:solidFill>
<a:latin typeface="Expert Sans Regular"/>
</a:endParaRPr>
</a:p>
</a:txBody>
<a:tcPr>
<a:solidFill>
<a:srgbClr val="00B0F0"/>
</a:solidFill>
</a:tcPr>
</a:tc>
<a:tc>
<a:txBody>
<a:bodyPr/>
<a:lstStyle/>
<a:p>
<a:r>
<a:rPr lang="en-US" sz="1000" b="1" dirty="0" smtClean="0">
<a:solidFill>
<a:schemeClr val="tx1"/>
</a:solidFill>
<a:latin typeface="Expert Sans Regular"/>
</a:rPr>
<a:t>Number</a:t>
</a:r>
<a:r>
<a:rPr lang="en-US" sz="1000" b="1" baseline="0" dirty="0" smtClean="0">
<a:solidFill>
<a:schemeClr val="tx1"/>
</a:solidFill>
<a:latin typeface="Expert Sans Regular"/>
</a:rPr>
<a:t> of Trades</a:t>
</a:r>
<a:endParaRPr lang="en-US" sz="1000" b="1" dirty="0" smtClean="0">
<a:solidFill>
<a:schemeClr val="tx1"/>
</a:solidFill>
<a:latin typeface="Expert Sans Regular"/>
</a:endParaRPr>
</a:p>
</a:txBody>
<a:tcPr>
<a:solidFill>
<a:srgbClr val="00B0F0"/>
</a:solidFill>
</a:tcPr>
</a:tc>
<a:tc>
<a:txBody>
<a:bodyPr/>
<a:lstStyle/>
<a:p>
<a:r>
<a:rPr lang="en-US" sz="1000" b="1" dirty="0" smtClean="0">
<a:solidFill>
<a:schemeClr val="tx1"/>
</a:solidFill>
<a:latin typeface="Expert Sans Regular"/>
</a:rPr>
<a:t>Comment</a:t>
</a:r>
<a:endParaRPr lang="en-US" sz="1000" b="1" dirty="0">
<a:solidFill>
<a:schemeClr val="tx1"/>
</a:solidFill>
<a:latin typeface="Expert Sans Regular"/>
</a:endParaRPr>
</a:p>
</a:txBody>
<a:tcPr>
<a:solidFill>
<a:srgbClr val="00B0F0"/>
</a:solidFill>
</a:tcPr>
</a:tc>
</a:tr>
<a:tr h="326954">
<a:tc>
<a:txBody>
<a:bodyPr/>
<a:lstStyle/>
<a:p>
<a:r>
<a:rPr lang="en-US" sz="1000" b="1" dirty="0" smtClean="0">
<a:solidFill>
<a:schemeClr val="tx1"/>
</a:solidFill>
<a:latin typeface="Expert Sans Regular"/>
</a:rPr>
<a:t>{$FX_SCENARIO_1}</a:t>
</a:r>
<a:endParaRPr lang="en-US" sz="1000" b="1" dirty="0">
<a:solidFill>
<a:schemeClr val="tx1"/>
</a:solidFill>
<a:latin typeface="Expert Sans Regular"/>
</a:endParaRPr>
</a:p>
</a:txBody>
<a:tcPr>
<a:solidFill>
<a:schemeClr val="bg1">
<a:lumMod val="85000"/>
</a:schemeClr>
</a:solidFill>
</a:tcPr>
</a:tc>
<a:tc>
<a:txBody>
<a:bodyPr/>
<a:lstStyle/>
<a:p>
<a:r>
<a:rPr lang="en-US" sz="1000" b="1" dirty="0" smtClean="0">
<a:solidFill>
<a:schemeClr val="tx1"/>
</a:solidFill>
<a:latin typeface="Expert Sans Regular"/>
</a:rPr>
<a:t>{$FX_SCENARIO_1}</a:t>
</a:r>
<a:endParaRPr lang="en-US" sz="1000" b="1" dirty="0">
<a:solidFill>
<a:schemeClr val="tx1"/>
</a:solidFill>
<a:latin typeface="Expert Sans Regular"/>
</a:endParaRPr>
</a:p>
</a:txBody>
<a:tcPr>
<a:solidFill>
<a:schemeClr val="bg1">
<a:lumMod val="85000"/>
</a:schemeClr>
</a:solidFill>
</a:tcPr>
</a:tc>
<a:tc>
<a:txBody>
<a:bodyPr/>
<a:lstStyle/>
<a:p>
<a:r>
<a:rPr lang="en-US" sz="1000" b="1" dirty="0" smtClean="0">
<a:solidFill>
<a:schemeClr val="tx1"/>
</a:solidFill>
<a:latin typeface="Expert Sans Regular"/>
</a:rPr>
<a:t>{$SMARTS_SCENARIO_1}</a:t>
</a:r>
<a:endParaRPr lang="en-US" sz="1000" b="1" dirty="0">
<a:solidFill>
<a:schemeClr val="tx1"/>
</a:solidFill>
<a:latin typeface="Expert Sans Regular"/>
</a:endParaRPr>
</a:p>
</a:txBody>
<a:tcPr>
<a:solidFill>
<a:schemeClr val="bg1">
<a:lumMod val="85000"/>
</a:schemeClr>
</a:solidFill>
</a:tcPr>
</a:tc>
<a:tc>
<a:txBody>
<a:bodyPr/>
<a:lstStyle/>
<a:p>
<a:r>
<a:rPr lang="en-US" sz="1000" b="1" dirty="0" smtClean="0">
<a:solidFill>
<a:schemeClr val="tx1"/>
</a:solidFill>
<a:latin typeface="Expert Sans Regular"/>
</a:rPr>
<a:t>{$SMARTS_SCENARIO_1}</a:t>
</a:r>
<a:endParaRPr lang="en-US" sz="1000" b="1" dirty="0">
<a:solidFill>
<a:schemeClr val="tx1"/>
</a:solidFill>
<a:latin typeface="Expert Sans Regular"/>
</a:endParaRPr>
</a:p>
</a:txBody>
<a:tcPr>
<a:solidFill>
<a:schemeClr val="bg1">
<a:lumMod val="85000"/>
</a:schemeClr>
</a:solidFill>
</a:tcPr>
</a:tc>
</a:tr>
</a:tbl>
</a:graphicData>
</a:graphic>
</p:graphicFrame>
</p:spTree>
</p:cSld>
<p:clrMapOvr>
<a:masterClrMapping/>
</p:clrMapOvr>
<p:timing>
<p:tnLst>
<p:par>
<p:cTn id="1" dur="indefinite" restart="never" nodeType="tmRoot">
<p:childTnLst>
<p:seq>
<p:cTn id="2" nodeType="mainSeq"/>
<p:prevCondLst>
<p:cond evt="onPrev" delay="0">
<p:tgtEl>
<p:sldTgt/>
</p:tgtEl>
</p:cond>
</p:prevCondLst>
<p:nextCondLst>
<p:cond evt="onNext" delay="0">
<p:tgtEl>
<p:sldTgt/>
</p:tgtEl>
</p:cond>
</p:nextCondLst>
</p:seq>
</p:childTnLst>
</p:cTn>
</p:par>
</p:tnLst>
</p:timing>
</p:sld>
