<?xml version="1.0" encoding="UTF-8" standalone="yes"?>
<p:sld xmlns:a="http://schemas.openxmlformats.org/drawingml/2006/main" xmlns:r="http://schemas.openxmlformats.org/officeDocument/2006/relationships" xmlns:p="http://schemas.openxmlformats.org/presentationml/2006/main">
<p:cSld>
<p:spTree>
<p:nvGrpSpPr>
<p:cNvPr id="1" name=""/>
<p:cNvGrpSpPr/>
<p:nvPr/>
</p:nvGrpSpPr>
<p:grpSpPr>
<a:xfrm>
<a:off x="0" y="0"/>
<a:ext cx="0" cy="0"/>
<a:chOff x="0" y="0"/>
<a:chExt cx="0" cy="0"/>
</a:xfrm>
</p:grpSpPr>
<p:sp>
<p:nvSpPr>
<p:cNvPr id="78850" name="Rectangle 9"/>
<p:cNvSpPr>
<a:spLocks noGrp="1" noChangeArrowheads="1"/>
</p:cNvSpPr>
<p:nvPr>
<p:ph type="ctrTitle"/>
</p:nvPr>
</p:nvSpPr>
<p:spPr>
<a:xfrm>
<a:off x="849297" y="1807412"/>
<a:ext cx="7316691" cy="861774"/>
</a:xfrm>
</p:spPr>
<p:txBody>
<a:bodyPr/>
<a:lstStyle/>
<a:p>
<a:pPr eaLnBrk="1" hangingPunct="1"/>
<a:r>
<a:rPr lang="en-US" dirty="0" smtClean="0">
<a:cs typeface="Calibri" pitchFamily="34" charset="0"/>
</a:rPr>
<a:t/>
</a:r>
<a:r>
<a:rPr lang="en-US" sz="2400" dirty="0" smtClean="0">
<a:cs typeface="Calibri" pitchFamily="34" charset="0"/>
</a:rPr>
<a:t>Sello's Cool Report Weekly </a:t>
</a:r>
<a:r>
<a:rPr lang="en-US" sz="2400" dirty="0" smtClean="0">
<a:cs typeface="Calibri" pitchFamily="34" charset="0"/>
</a:rPr>
<a:t>Compliance Report</a:t>
</a:r>
<a:endParaRPr lang="en-GB" sz="2400" dirty="0" smtClean="0"/>
</a:p>
</p:txBody>
</p:sp>
<p:sp>
<p:nvSpPr>
<p:cNvPr id="78851" name="Rectangle 10"/>
<p:cNvSpPr>
<a:spLocks noGrp="1" noChangeArrowheads="1"/>
</p:cNvSpPr>
<p:nvPr>
<p:ph type="subTitle" idx="1"/>
</p:nvPr>
</p:nvSpPr>
<p:spPr>
<a:xfrm>
<a:off x="950926" y="2690912"/>
<a:ext cx="5705475" cy="1107996"/>
</a:xfrm>
</p:spPr>
<p:txBody>
<a:bodyPr/>
<a:lstStyle/>
<a:p>
<a:pPr eaLnBrk="1" hangingPunct="1"/>
<a:r>
<a:rPr lang="en-US" sz="1800" dirty="0" smtClean="0"/>
<a:t>Barclays Africa Group Limited </a:t>
</a:r>
</a:p>
<a:p>
<a:pPr eaLnBrk="1" hangingPunct="1"/>
<a:r>
<a:rPr lang="en-US" sz="1800" dirty="0" smtClean="0"/>
<a:t>12/12/2016</a:t>
</a:r>
<a:endParaRPr lang="en-US" sz="1800" dirty="0"/>
</a:p>
<a:p>
<a:pPr eaLnBrk="1" hangingPunct="1"/>
<a:r>
<a:rPr lang="en-US" sz="1800" dirty="0" smtClean="0"/>
<a:t>The generator guy</a:t>
</a:r>
<a:endParaRPr lang="en-US" sz="1800" dirty="0" smtClean="0"/>
</a:p>
</p:txBody>
</p:sp>
<p:sp>
<p:nvSpPr>
<p:cNvPr id="4" name="TextBox 3"/>
<p:cNvSpPr txBox="1"/>
<p:nvPr/>
</p:nvSpPr>
<p:spPr>
<a:xfrm>
<a:off x="723905" y="6484962"/>
<a:ext cx="4829175" cy="138499"/>
</a:xfrm>
<a:prstGeom prst="rect">
<a:avLst/>
</a:prstGeom>
<a:noFill/>
</p:spPr>
<p:txBody>
<a:bodyPr lIns="0" tIns="0" rIns="0" bIns="0">
<a:spAutoFit/>
</a:bodyPr>
<a:lstStyle/>
<a:p>
<a:pPr>
<a:defRPr/>
</a:pPr>
<a:r>
<a:rPr lang="en-US" sz="900" dirty="0" smtClean="0">
<a:solidFill>
<a:srgbClr val="000000"/>
</a:solidFill>
<a:latin typeface="Expert Sans Regular"/>
</a:rPr>
<a:t>Internal </a:t>
</a:r>
<a:r>
<a:rPr lang="en-US" sz="900" dirty="0">
<a:solidFill>
<a:srgbClr val="000000"/>
</a:solidFill>
<a:latin typeface="Expert Sans Regular"/>
</a:rPr>
<a:t>use </a:t>
</a:r>
<a:r>
<a:rPr lang="en-US" sz="900" dirty="0" smtClean="0">
<a:solidFill>
<a:srgbClr val="000000"/>
</a:solidFill>
<a:latin typeface="Expert Sans Regular"/>
</a:rPr>
<a:t>only</a:t>
</a:r>
<a:endParaRPr lang="en-US" sz="900" dirty="0">
<a:solidFill>
<a:srgbClr val="000000"/>
</a:solidFill>
<a:latin typeface="Expert Sans Regular"/>
</a:endParaRPr>
</a:p>
</p:txBody>
</p:sp>
</p:spTree>
<p:extLst>
<p:ext uri="{BB962C8B-B14F-4D97-AF65-F5344CB8AC3E}">
<p14:creationId val="1497941884" xmlns:p14="http://schemas.microsoft.com/office/powerpoint/2010/main"/>
</p:ext>
</p:extLst>
</p:cSld>
<p:clrMapOvr>
<a:masterClrMapping/>
</p:clrMapOvr>
<p:transition>
<p:fade/>
</p:transition>
<p:timing>
<p:tnLst>
<p:par>
<p:cTn id="1" dur="indefinite" restart="never" nodeType="tmRoot"/>
</p:par>
</p:tnLst>
</p:timing>
</p:sld>
