<?xml version="1.0" encoding="UTF-8" standalone="yes"?>
<p:notes xmlns:a="http://schemas.openxmlformats.org/drawingml/2006/main" xmlns:r="http://schemas.openxmlformats.org/officeDocument/2006/relationships" xmlns:p="http://schemas.openxmlformats.org/presentationml/2006/main" showMasterSp="0" showMasterPhAnim="0"><p:cSld><p:spTree><p:nvGrpSpPr><p:cNvPr id="1" name="Shape 60"/><p:cNvGrpSpPr/><p:nvPr/></p:nvGrpSpPr><p:grpSpPr><a:xfrm><a:off x="0" y="0"/><a:ext cx="0" cy="0"/><a:chOff x="0" y="0"/><a:chExt cx="0" cy="0"/></a:xfrm></p:grpSpPr><p:sp><p:nvSpPr><p:cNvPr id="61" name="Shape 61"/><p:cNvSpPr txBox="1"><a:spLocks noGrp="1"/></p:cNvSpPr><p:nvPr><p:ph type="body" idx="1"/></p:nvPr></p:nvSpPr><p:spPr><a:xfrm><a:off x="702000" y="4420439"/><a:ext cx="5615640" cy="4187160"/></a:xfrm><a:prstGeom prst="rect"><a:avLst/></a:prstGeom><a:noFill/><a:ln><a:noFill/></a:ln></p:spPr><p:txBody><a:bodyPr lIns="0" tIns="0" rIns="0" bIns="0" anchor="t" anchorCtr="0"><a:noAutofit/></a:bodyPr><a:lstStyle/><a:p><a:pPr marL="0" marR="0" lvl="0" indent="0" algn="l" rtl="0"><a:spcBef><a:spcPts val="0"/></a:spcBef><a:buNone/></a:pPr><a:endParaRPr sz="2000" b="0" i="0" u="none" strike="noStrike" cap="none"><a:solidFill><a:srgbClr val="000000"/></a:solidFill><a:latin typeface="Arial"/><a:ea typeface="Arial"/><a:cs typeface="Arial"/><a:sym typeface="Arial"/></a:endParaRPr></a:p></p:txBody></p:sp><p:sp><p:nvSpPr><p:cNvPr id="62" name="Shape 62"/><p:cNvSpPr txBox="1"/><p:nvPr/></p:nvSpPr><p:spPr><a:xfrm><a:off x="0" y="0"/><a:ext cx="3041640" cy="464759"/></a:xfrm><a:prstGeom prst="rect"><a:avLst/></a:prstGeom><a:noFill/><a:ln><a:noFill/></a:ln></p:spPr><p:txBody><a:bodyPr lIns="91425" tIns="45700" rIns="91425" bIns="45700" anchor="t" anchorCtr="0"><a:noAutofit/></a:bodyPr><a:lstStyle/><a:p><a:pPr marL="0" marR="0" lvl="0" indent="0" algn="l" rtl="0"><a:lnSpc><a:spcPct val="100000"/></a:lnSpc><a:spcBef><a:spcPts val="0"/></a:spcBef><a:buSzPct val="25000"/><a:buNone/></a:pPr><a:r><a:rPr lang="en-GB" sz="1200" b="0" i="0" u="none" strike="noStrike" cap="none"><a:solidFill><a:srgbClr val="EEECE1"/></a:solidFill><a:latin typeface="Arial"/><a:ea typeface="Arial"/><a:cs typeface="Arial"/><a:sym typeface="Arial"/></a:rPr><a:t>BARCLAYS AFRICA GROUP LIMITED COMPLIANCE REPORT 01 JANUARY 2015 – 31 MARCH 2015</a:t></a:r></a:p></p:txBody></p:sp><p:sp><p:nvSpPr><p:cNvPr id="63" name="Shape 63"/><p:cNvSpPr txBox="1"/><p:nvPr/></p:nvSpPr><p:spPr><a:xfrm><a:off x="3976200" y="8839079"/><a:ext cx="3041640" cy="464759"/></a:xfrm><a:prstGeom prst="rect"><a:avLst/></a:prstGeom><a:noFill/><a:ln><a:noFill/></a:ln></p:spPr><p:txBody><a:bodyPr lIns="91425" tIns="45700" rIns="91425" bIns="45700" anchor="b" anchorCtr="0"><a:noAutofit/></a:bodyPr><a:lstStyle/><a:p><a:pPr marL="0" marR="0" lvl="0" indent="0" algn="r" rtl="0"><a:lnSpc><a:spcPct val="100000"/></a:lnSpc><a:spcBef><a:spcPts val="0"/></a:spcBef><a:buSzPct val="25000"/><a:buNone/></a:pPr><a:fld id="{00000000-1234-1234-1234-123412341234}" type="slidenum"><a:rPr lang="en-GB" sz="1200" b="0" i="0" u="none" strike="noStrike" cap="none"><a:solidFill><a:srgbClr val="EEECE1"/></a:solidFill><a:latin typeface="Arial"/><a:ea typeface="Arial"/><a:cs typeface="Arial"/><a:sym typeface="Arial"/></a:rPr><a:pPr marL="0" marR="0" lvl="0" indent="0" algn="r" rtl="0"><a:lnSpc><a:spcPct val="100000"/></a:lnSpc><a:spcBef><a:spcPts val="0"/></a:spcBef><a:buSzPct val="25000"/><a:buNone/></a:pPr><a:t>8</a:t></a:fld><a:endParaRPr lang="en-GB" sz="1200" b="0" i="0" u="none" strike="noStrike" cap="none"><a:solidFill><a:srgbClr val="EEECE1"/></a:solidFill><a:latin typeface="Arial"/><a:ea typeface="Arial"/><a:cs typeface="Arial"/><a:sym typeface="Arial"/></a:endParaRPr></a:p></p:txBody></p:sp><p:sp><p:nvSpPr><p:cNvPr id="64" name="Shape 64"/><p:cNvSpPr><a:spLocks noGrp="1" noRot="1" noChangeAspect="1"/></p:cNvSpPr><p:nvPr><p:ph type="sldImg" idx="2"/></p:nvPr></p:nvSpPr><p:spPr><a:xfrm><a:off x="990600" y="698500"/><a:ext cx="5038725" cy="3489325"/></a:xfrm><a:custGeom><a:avLst/><a:gdLst/><a:ahLst/><a:cxnLst/><a:rect l="0" t="0" r="0" b="0"/><a:pathLst><a:path w="120000" h="120000" extrusionOk="0"><a:moveTo><a:pt x="0" y="0"/></a:moveTo><a:lnTo><a:pt x="120000" y="0"/></a:lnTo><a:lnTo><a:pt x="120000" y="120000"/></a:lnTo><a:lnTo><a:pt x="0" y="120000"/></a:lnTo><a:close/></a:path></a:pathLst></a:custGeom></p:spPr></p:sp></p:spTree></p:cSld><p:clrMapOvr><a:masterClrMapping/></p:clrMapOvr></p:notes>