<?xml version="1.0" encoding="UTF-8" standalone="yes"?>
<p:notes xmlns:a="http://schemas.openxmlformats.org/drawingml/2006/main" xmlns:r="http://schemas.openxmlformats.org/officeDocument/2006/relationships" xmlns:p="http://schemas.openxmlformats.org/presentationml/2006/main"><p:cSld><p:spTree><p:nvGrpSpPr><p:cNvPr id="1" name=""/><p:cNvGrpSpPr/><p:nvPr/></p:nvGrpSpPr><p:grpSpPr><a:xfrm><a:off x="0" y="0"/><a:ext cx="0" cy="0"/><a:chOff x="0" y="0"/><a:chExt cx="0" cy="0"/></a:xfrm></p:grpSpPr><p:sp><p:nvSpPr><p:cNvPr id="2" name="Slide Image Placeholder 1"/><p:cNvSpPr><a:spLocks noGrp="1" noRot="1" noChangeAspect="1"/></p:cNvSpPr><p:nvPr><p:ph type="sldImg"/></p:nvPr></p:nvSpPr><p:spPr><a:xfrm><a:off x="992188" y="698500"/><a:ext cx="5035550" cy="3487738"/></a:xfrm></p:spPr></p:sp><p:sp><p:nvSpPr><p:cNvPr id="3" name="Notes Placeholder 2"/><p:cNvSpPr><a:spLocks noGrp="1"/></p:cNvSpPr><p:nvPr><p:ph type="body" idx="1"/></p:nvPr></p:nvSpPr><p:spPr/><p:txBody><a:bodyPr/><a:lstStyle/><a:p><a:endParaRPr lang="en-GB" dirty="0"/></a:p></p:txBody></p:sp><p:sp><p:nvSpPr><p:cNvPr id="4" name="Header Placeholder 3"/><p:cNvSpPr><a:spLocks noGrp="1"/></p:cNvSpPr><p:nvPr><p:ph type="hdr" sz="quarter" idx="10"/></p:nvPr></p:nvSpPr><p:spPr/><p:txBody><a:bodyPr/><a:lstStyle/><a:p><a:pPr><a:defRPr/></a:pPr><a:r><a:rPr lang="en-US" smtClean="0"><a:solidFill><a:srgbClr val="EEECE1"/></a:solidFill></a:rPr><a:t>BARCLAYS AFRICA GROUP LIMITED COMPLIANCE REPORT 01 JANUARY 2015 – 31 MARCH 2015</a:t></a:r><a:endParaRPr lang="en-US" dirty="0"><a:solidFill><a:srgbClr val="EEECE1"/></a:solidFill></a:endParaRPr></a:p></p:txBody></p:sp><p:sp><p:nvSpPr><p:cNvPr id="5" name="Slide Number Placeholder 4"/><p:cNvSpPr><a:spLocks noGrp="1"/></p:cNvSpPr><p:nvPr><p:ph type="sldNum" sz="quarter" idx="11"/></p:nvPr></p:nvSpPr><p:spPr/><p:txBody><a:bodyPr/><a:lstStyle/><a:p><a:pPr><a:defRPr/></a:pPr><a:fld id="{73A43DA5-D030-4AF5-BC97-CB5B3EE502B5}" type="slidenum"><a:rPr lang="en-US" smtClean="0"><a:solidFill><a:srgbClr val="EEECE1"/></a:solidFill></a:rPr><a:pPr><a:defRPr/></a:pPr><a:t>10</a:t></a:fld><a:endParaRPr lang="en-US" dirty="0"><a:solidFill><a:srgbClr val="EEECE1"/></a:solidFill></a:endParaRPr></a:p></p:txBody></p:sp></p:spTree><p:extLst><p:ext uri="{BB962C8B-B14F-4D97-AF65-F5344CB8AC3E}"><p14:creationId xmlns:p14="http://schemas.microsoft.com/office/powerpoint/2010/main" xmlns="" val="288434951"/></p:ext></p:extLst></p:cSld><p:clrMapOvr><a:masterClrMapping/></p:clrMapOvr></p:notes>