<?xml version="1.0" encoding="UTF-8" standalone="yes"?>
<p:notes xmlns:a="http://schemas.openxmlformats.org/drawingml/2006/main" xmlns:r="http://schemas.openxmlformats.org/officeDocument/2006/relationships" xmlns:p="http://schemas.openxmlformats.org/presentationml/2006/main"><p:cSld><p:spTree><p:nvGrpSpPr><p:cNvPr id="1" name=""/><p:cNvGrpSpPr/><p:nvPr/></p:nvGrpSpPr><p:grpSpPr><a:xfrm><a:off x="0" y="0"/><a:ext cx="0" cy="0"/><a:chOff x="0" y="0"/><a:chExt cx="0" cy="0"/></a:xfrm></p:grpSpPr><p:sp><p:nvSpPr><p:cNvPr id="56" name="PlaceHolder 1"/><p:cNvSpPr><a:spLocks noGrp="1"/></p:cNvSpPr><p:nvPr><p:ph type="body"/></p:nvPr></p:nvSpPr><p:spPr><a:xfrm><a:off x="702000" y="4420440"/><a:ext cx="5615640" cy="4187160"/></a:xfrm><a:prstGeom prst="rect"><a:avLst/></a:prstGeom></p:spPr><p:txBody><a:bodyPr/><a:lstStyle/><a:p><a:endParaRPr lang="en-ZA" sz="2000" strike="noStrike" spc="-1"><a:solidFill><a:srgbClr val="000000"/></a:solidFill><a:uFill><a:solidFill><a:srgbClr val="FFFFFF"/></a:solidFill></a:uFill><a:latin typeface="Arial"/></a:endParaRPr></a:p></p:txBody></p:sp><p:sp><p:nvSpPr><p:cNvPr id="57" name="TextShape 2"/><p:cNvSpPr txBox="1"/><p:nvPr/></p:nvSpPr><p:spPr><a:xfrm><a:off x="0" y="0"/><a:ext cx="3041640" cy="464760"/></a:xfrm><a:prstGeom prst="rect"><a:avLst/></a:prstGeom><a:noFill/><a:ln w="9360"><a:noFill/></a:ln></p:spPr><p:txBody><a:bodyPr/><a:lstStyle/><a:p><a:pPr><a:lnSpc><a:spcPct val="100000"/></a:lnSpc></a:pPr><a:r><a:rPr lang="en-ZA" sz="1200" strike="noStrike" spc="-1"><a:solidFill><a:srgbClr val="000000"/></a:solidFill><a:uFill><a:solidFill><a:srgbClr val="FFFFFF"/></a:solidFill></a:uFill><a:latin typeface="Arial"/><a:ea typeface="+mn-ea"/></a:rPr><a:t>BARCLAYS AFRICA GROUP LIMITED COMPLIANCE REPORT 01 JANUARY 2015 – 31 MARCH 2015</a:t></a:r><a:endParaRPr lang="en-ZA" sz="1400" strike="noStrike" spc="-1"><a:solidFill><a:srgbClr val="000000"/></a:solidFill><a:uFill><a:solidFill><a:srgbClr val="FFFFFF"/></a:solidFill></a:uFill><a:latin typeface="Times New Roman"/></a:endParaRPr></a:p></p:txBody></p:sp><p:sp><p:nvSpPr><p:cNvPr id="58" name="TextShape 3"/><p:cNvSpPr txBox="1"/><p:nvPr/></p:nvSpPr><p:spPr><a:xfrm><a:off x="3976200" y="8839080"/><a:ext cx="3041640" cy="464760"/></a:xfrm><a:prstGeom prst="rect"><a:avLst/></a:prstGeom><a:noFill/><a:ln w="9360"><a:noFill/></a:ln></p:spPr><p:txBody><a:bodyPr anchor="b"/><a:lstStyle/><a:p><a:pPr algn="r"><a:lnSpc><a:spcPct val="100000"/></a:lnSpc></a:pPr><a:fld id="{D8C25F62-55B3-45B4-ABE7-61E4AA5B4709}" type="slidenum"><a:rPr lang="en-ZA" sz="1200" strike="noStrike" spc="-1"><a:solidFill><a:srgbClr val="000000"/></a:solidFill><a:uFill><a:solidFill><a:srgbClr val="FFFFFF"/></a:solidFill></a:uFill><a:latin typeface="Arial"/><a:ea typeface="+mn-ea"/></a:rPr><a:pPr algn="r"><a:lnSpc><a:spcPct val="100000"/></a:lnSpc></a:pPr><a:t>6</a:t></a:fld><a:endParaRPr lang="en-ZA" sz="1400" strike="noStrike" spc="-1"><a:solidFill><a:srgbClr val="000000"/></a:solidFill><a:uFill><a:solidFill><a:srgbClr val="FFFFFF"/></a:solidFill></a:uFill><a:latin typeface="Times New Roman"/></a:endParaRPr></a:p></p:txBody></p:sp></p:spTree></p:cSld><p:clrMapOvr><a:masterClrMapping/></p:clrMapOvr></p:notes>