<?xml version="1.0" encoding="UTF-8" standalone="yes"?>
<p:notes xmlns:a="http://schemas.openxmlformats.org/drawingml/2006/main" xmlns:r="http://schemas.openxmlformats.org/officeDocument/2006/relationships" xmlns:p="http://schemas.openxmlformats.org/presentationml/2006/main"><p:cSld><p:spTree><p:nvGrpSpPr><p:cNvPr id="1" name=""/><p:cNvGrpSpPr/><p:nvPr/></p:nvGrpSpPr><p:grpSpPr><a:xfrm><a:off x="0" y="0"/><a:ext cx="0" cy="0"/><a:chOff x="0" y="0"/><a:chExt cx="0" cy="0"/></a:xfrm></p:grpSpPr><p:sp><p:nvSpPr><p:cNvPr id="51" name="PlaceHolder 1"/><p:cNvSpPr><a:spLocks noGrp="1"/></p:cNvSpPr><p:nvPr><p:ph type="body"/></p:nvPr></p:nvSpPr><p:spPr><a:xfrm><a:off x="702000" y="4420440"/><a:ext cx="5615280" cy="4186800"/></a:xfrm><a:prstGeom prst="rect"><a:avLst/></a:prstGeom></p:spPr><p:txBody><a:bodyPr lIns="0" tIns="0" rIns="0" bIns="0"/><a:lstStyle/><a:p><a:endParaRPr/></a:p></p:txBody></p:sp><p:sp><p:nvSpPr><p:cNvPr id="52" name="CustomShape 2"/><p:cNvSpPr/><p:nvPr/></p:nvSpPr><p:spPr><a:xfrm><a:off x="0" y="0"/><a:ext cx="3041280" cy="464400"/></a:xfrm><a:prstGeom prst="rect"><a:avLst/></a:prstGeom><a:noFill/><a:ln><a:noFill/></a:ln></p:spPr><p:style><a:lnRef idx="0"><a:scrgbClr r="0" g="0" b="0"/></a:lnRef><a:fillRef idx="0"><a:scrgbClr r="0" g="0" b="0"/></a:fillRef><a:effectRef idx="0"><a:scrgbClr r="0" g="0" b="0"/></a:effectRef><a:fontRef idx="minor"/></p:style><p:txBody><a:bodyPr/><a:lstStyle/><a:p><a:pPr><a:lnSpc><a:spcPct val="100000"/></a:lnSpc></a:pPr><a:r><a:rPr lang="en-US" sz="1200" strike="noStrike"><a:solidFill><a:srgbClr val="EEECE1"/></a:solidFill><a:latin typeface="Arial"/><a:ea typeface="Arial"/></a:rPr><a:t>BARCLAYS AFRICA GROUP LIMITED COMPLIANCE REPORT 01 JANUARY 2015 – 31 MARCH 2015</a:t></a:r><a:endParaRPr/></a:p></p:txBody></p:sp><p:sp><p:nvSpPr><p:cNvPr id="53" name="CustomShape 3"/><p:cNvSpPr/><p:nvPr/></p:nvSpPr><p:spPr><a:xfrm><a:off x="3976200" y="8839080"/><a:ext cx="3041280" cy="464400"/></a:xfrm><a:prstGeom prst="rect"><a:avLst/></a:prstGeom><a:noFill/><a:ln><a:noFill/></a:ln></p:spPr><p:style><a:lnRef idx="0"><a:scrgbClr r="0" g="0" b="0"/></a:lnRef><a:fillRef idx="0"><a:scrgbClr r="0" g="0" b="0"/></a:fillRef><a:effectRef idx="0"><a:scrgbClr r="0" g="0" b="0"/></a:effectRef><a:fontRef idx="minor"/></p:style><p:txBody><a:bodyPr anchor="b"/><a:lstStyle/><a:p><a:pPr algn="r"><a:lnSpc><a:spcPct val="100000"/></a:lnSpc></a:pPr><a:fld id="{9A6FF387-C190-48E9-A32E-7F7878FB1984}" type="slidenum"><a:rPr lang="en-US" sz="1200" strike="noStrike"><a:solidFill><a:srgbClr val="EEECE1"/></a:solidFill><a:latin typeface="Arial"/><a:ea typeface="Arial"/></a:rPr><a:pPr algn="r"><a:lnSpc><a:spcPct val="100000"/></a:lnSpc></a:pPr><a:t>7</a:t></a:fld><a:endParaRPr/></a:p></p:txBody></p:sp></p:spTree></p:cSld><p:clrMapOvr><a:masterClrMapping/></p:clrMapOvr></p:notes>