<?xml version="1.0" encoding="UTF-8" standalone="yes"?>
<p:sld xmlns:a="http://schemas.openxmlformats.org/drawingml/2006/main" xmlns:r="http://schemas.openxmlformats.org/officeDocument/2006/relationships" xmlns:p="http://schemas.openxmlformats.org/presentationml/2006/main"><p:cSld><p:spTree><p:nvGrpSpPr><p:cNvPr id="1" name=""/><p:cNvGrpSpPr/><p:nvPr/></p:nvGrpSpPr><p:grpSpPr><a:xfrm><a:off x="0" y="0"/><a:ext cx="0" cy="0"/><a:chOff x="0" y="0"/><a:chExt cx="0" cy="0"/></a:xfrm></p:grpSpPr><p:sp><p:nvSpPr><p:cNvPr id="43" name="CustomShape 1"/><p:cNvSpPr/><p:nvPr/></p:nvSpPr><p:spPr><a:xfrm><a:off x="342720" y="202680"/><a:ext cx="8914680" cy="276120"/></a:xfrm><a:prstGeom prst="rect"><a:avLst/></a:prstGeom><a:noFill/><a:ln><a:noFill/></a:ln></p:spPr><p:style><a:lnRef idx="0"><a:scrgbClr r="0" g="0" b="0"/></a:lnRef><a:fillRef idx="0"><a:scrgbClr r="0" g="0" b="0"/></a:fillRef><a:effectRef idx="0"><a:scrgbClr r="0" g="0" b="0"/></a:effectRef><a:fontRef idx="minor"/></p:style><p:txBody><a:bodyPr lIns="0" tIns="0" rIns="0" bIns="0" anchor="ctr"/><a:lstStyle/><a:p><a:pPr><a:lnSpc><a:spcPct val="100000"/></a:lnSpc></a:pPr><a:r><a:rPr lang="en-US" strike="noStrike"><a:solidFill><a:srgbClr val="00B0F0"/></a:solidFill><a:latin typeface="Arial"/><a:ea typeface="Arial"/></a:rPr><a:t>Conduct Risk Update </a:t></a:r><a:endParaRPr/></a:p></p:txBody></p:sp><p:sp><p:nvSpPr><p:cNvPr id="45" name="CustomShape 3"/><p:cNvSpPr/><p:nvPr/></p:nvSpPr><p:spPr><a:xfrm><a:off x="304800" y="2514600"/><a:ext cx="8914680" cy="274680"/></a:xfrm><a:prstGeom prst="rect"><a:avLst/></a:prstGeom><a:noFill/><a:ln><a:noFill/></a:ln></p:spPr><p:style><a:lnRef idx="0"><a:scrgbClr r="0" g="0" b="0"/></a:lnRef><a:fillRef idx="0"><a:scrgbClr r="0" g="0" b="0"/></a:fillRef><a:effectRef idx="0"><a:scrgbClr r="0" g="0" b="0"/></a:effectRef><a:fontRef idx="minor"/></p:style><p:txBody><a:bodyPr lIns="0" tIns="0" rIns="0" bIns="0" anchor="ctr"/><a:lstStyle/><a:p><a:pPr><a:lnSpc><a:spcPct val="100000"/></a:lnSpc></a:pPr><a:r><a:rPr lang="en-US" strike="noStrike" dirty="0" err="1" smtClean="0"><a:solidFill><a:srgbClr val="00B0F0"/></a:solidFill><a:latin typeface="Arial"/><a:ea typeface="Arial"/></a:rPr><a:t>Whistleblowing</a:t></a:r><a:r><a:rPr lang="en-US" strike="noStrike" dirty="0" smtClean="0"><a:solidFill><a:srgbClr val="00B0F0"/></a:solidFill><a:latin typeface="Arial"/><a:ea typeface="Arial"/></a:rPr><a:t> </a:t></a:r><a:r><a:rPr lang="en-US" strike="noStrike" dirty="0"><a:solidFill><a:srgbClr val="00B0F0"/></a:solidFill><a:latin typeface="Arial"/><a:ea typeface="Arial"/></a:rPr><a:t>Update </a:t></a:r><a:endParaRPr/></a:p></p:txBody></p:sp><p:sp><p:nvSpPr><p:cNvPr id="47" name="CustomShape 5"/><p:cNvSpPr/><p:nvPr/></p:nvSpPr><p:spPr><a:xfrm><a:off x="723960" y="6485040"/><a:ext cx="4828320" cy="137160"/></a:xfrm><a:prstGeom prst="rect"><a:avLst/></a:prstGeom><a:noFill/><a:ln><a:noFill/></a:ln></p:spPr><p:style><a:lnRef idx="0"><a:scrgbClr r="0" g="0" b="0"/></a:lnRef><a:fillRef idx="0"><a:scrgbClr r="0" g="0" b="0"/></a:fillRef><a:effectRef idx="0"><a:scrgbClr r="0" g="0" b="0"/></a:effectRef><a:fontRef idx="minor"/></p:style><p:txBody><a:bodyPr lIns="0" tIns="0" rIns="0" bIns="0"/><a:lstStyle/><a:p><a:pPr><a:lnSpc><a:spcPct val="100000"/></a:lnSpc></a:pPr><a:r><a:rPr lang="en-US" sz="900" strike="noStrike"><a:solidFill><a:srgbClr val="000000"/></a:solidFill><a:latin typeface="Arial"/><a:ea typeface="Arial"/></a:rPr><a:t>Internal use only</a:t></a:r><a:endParaRPr/></a:p></p:txBody></p:sp><p:sp><p:nvSpPr><p:cNvPr id="48" name="CustomShape 6"/><p:cNvSpPr/><p:nvPr/></p:nvSpPr><p:spPr><a:xfrm><a:off x="723960" y="6276240"/><a:ext cx="3588480" cy="137160"/></a:xfrm><a:prstGeom prst="rect"><a:avLst/></a:prstGeom><a:noFill/><a:ln><a:noFill/></a:ln></p:spPr><p:style><a:lnRef idx="0"><a:scrgbClr r="0" g="0" b="0"/></a:lnRef><a:fillRef idx="0"><a:scrgbClr r="0" g="0" b="0"/></a:fillRef><a:effectRef idx="0"><a:scrgbClr r="0" g="0" b="0"/></a:effectRef><a:fontRef idx="minor"/></p:style><p:txBody><a:bodyPr lIns="0" tIns="0" rIns="0" bIns="0" anchor="b"/><a:lstStyle/><a:p><a:pPr><a:lnSpc><a:spcPct val="100000"/></a:lnSpc></a:pPr><a:fld id="{AC771CDD-1E8C-4676-8145-26282DE3CF5C}" type="slidenum"><a:rPr lang="en-US" sz="900" strike="noStrike"><a:solidFill><a:srgbClr val="000000"/></a:solidFill><a:latin typeface="Arial"/><a:ea typeface="Arial"/></a:rPr><a:pPr><a:lnSpc><a:spcPct val="100000"/></a:lnSpc></a:pPr><a:t>7</a:t></a:fld><a:r><a:rPr lang="en-US" sz="900" strike="noStrike"><a:solidFill><a:srgbClr val="000000"/></a:solidFill><a:latin typeface="Arial"/><a:ea typeface="Arial"/></a:rPr><a:t>   |   Compliance Report |  June 2016</a:t></a:r><a:endParaRPr/></a:p></p:txBody></p:sp><p:graphicFrame><p:nvGraphicFramePr><p:cNvPr id="11" name="Table 3"/><p:cNvGraphicFramePr/><p:nvPr/></p:nvGraphicFramePr><p:xfrm><a:off x="304801" y="609600"/><a:ext cx="9144000" cy="1345680"/></p:xfrm><a:graphic><a:graphicData uri="http://schemas.openxmlformats.org/drawingml/2006/table"><a:tbl><a:tblPr/><a:tblGrid><a:gridCol w="761999"/><a:gridCol w="1132693"/><a:gridCol w="1578777"/><a:gridCol w="2097467"/><a:gridCol w="2213396"/><a:gridCol w="1359668"/></a:tblGrid><a:tr h="474840"><a:tc><a:txBody><a:bodyPr/><a:lstStyle/><a:p><a:pPr><a:lnSpc><a:spcPct val="100000"/></a:lnSpc></a:pPr><a:r><a:rPr lang="en-ZA" sz="1000" b="1" strike="noStrike" spc="-1" dirty="0" smtClean="0"><a:solidFill><a:srgbClr val="000000"/></a:solidFill><a:uFill><a:solidFill><a:srgbClr val="FFFFFF"/></a:solidFill></a:uFill><a:latin typeface="Expert Sans Regular"/></a:rPr><a:t>Area</a:t></a:r><a:endParaRPr lang="en-ZA" sz="1000" b="1" strike="noStrike" spc="-1" dirty="0"><a:solidFill><a:srgbClr val="000000"/></a:solidFill><a:uFill><a:solidFill><a:srgbClr val="FFFFFF"/></a:solidFill></a:uFill><a:latin typeface="Expert Sans Regular"/></a:endParaRPr></a:p></a:txBody><a:tcPr><a:lnL w="12700" cap="flat" cmpd="sng" algn="ctr"><a:solidFill><a:schemeClr val="tx1"/></a:solidFill><a:prstDash val="solid"/><a:round/><a:headEnd type="none" w="med" len="med"/><a:tailEnd type="none" w="med" len="med"/></a:lnL><a:lnR w="12240"><a:solidFill><a:srgbClr val="FFFFFF"/></a:solidFill></a:lnR><a:lnT w="12700" cap="flat" cmpd="sng" algn="ctr"><a:solidFill><a:schemeClr val="tx1"/></a:solidFill><a:prstDash val="solid"/><a:round/><a:headEnd type="none" w="med" len="med"/><a:tailEnd type="none" w="med" len="med"/></a:lnT><a:lnB w="38160" cap="flat" cmpd="sng" algn="ctr"><a:solidFill><a:srgbClr val="FFFFFF"/></a:solidFill><a:prstDash val="solid"/><a:round/><a:headEnd type="none" w="med" len="med"/><a:tailEnd type="none" w="med" len="med"/></a:lnB><a:solidFill><a:srgbClr val="00AEEF"/></a:solidFill></a:tcPr></a:tc><a:tc><a:txBody><a:bodyPr/><a:lstStyle/><a:p><a:pPr><a:lnSpc><a:spcPct val="100000"/></a:lnSpc></a:pPr><a:r><a:rPr lang="en-ZA" sz="1000" b="1" strike="noStrike" spc="-1" dirty="0" smtClean="0"><a:solidFill><a:srgbClr val="000000"/></a:solidFill><a:uFill><a:solidFill><a:srgbClr val="FFFFFF"/></a:solidFill></a:uFill><a:latin typeface="Expert Sans Regular"/></a:rPr><a:t>Management</a:t></a:r><a:r><a:rPr lang="en-ZA" sz="1000" b="1" strike="noStrike" spc="-1" baseline="0" dirty="0" smtClean="0"><a:solidFill><a:srgbClr val="000000"/></a:solidFill><a:uFill><a:solidFill><a:srgbClr val="FFFFFF"/></a:solidFill></a:uFill><a:latin typeface="Expert Sans Regular"/></a:rPr><a:t> Information</a:t></a:r><a:endParaRPr lang="en-ZA" sz="1000" b="1" strike="noStrike" spc="-1" dirty="0"><a:solidFill><a:srgbClr val="000000"/></a:solidFill><a:uFill><a:solidFill><a:srgbClr val="FFFFFF"/></a:solidFill></a:uFill><a:latin typeface="Expert Sans Regular"/></a:endParaRPr></a:p></a:txBody><a:tcPr><a:lnL w="12240" cap="flat" cmpd="sng" algn="ctr"><a:solidFill><a:srgbClr val="FFFFFF"/></a:solidFill><a:prstDash val="solid"/><a:round/><a:headEnd type="none" w="med" len="med"/><a:tailEnd type="none" w="med" len="med"/></a:lnL><a:lnR w="12240"><a:solidFill><a:srgbClr val="FFFFFF"/></a:solidFill></a:lnR><a:lnT w="12700" cap="flat" cmpd="sng" algn="ctr"><a:solidFill><a:schemeClr val="tx1"/></a:solidFill><a:prstDash val="solid"/><a:round/><a:headEnd type="none" w="med" len="med"/><a:tailEnd type="none" w="med" len="med"/></a:lnT><a:lnB w="38160"><a:solidFill><a:srgbClr val="FFFFFF"/></a:solidFill></a:lnB><a:solidFill><a:srgbClr val="00AEEF"/></a:solidFill></a:tcPr></a:tc><a:tc><a:txBody><a:bodyPr/><a:lstStyle/><a:p><a:pPr><a:lnSpc><a:spcPct val="100000"/></a:lnSpc></a:pPr><a:r><a:rPr lang="en-US" sz="1000" b="1" strike="noStrike" dirty="0" smtClean="0"><a:solidFill><a:srgbClr val="000000"/></a:solidFill><a:latin typeface="Expert Sans Regular"/><a:ea typeface="Arial"/></a:rPr><a:t>Conduct material Risk Assessments </a:t></a:r><a:endParaRPr lang="en-ZA" sz="1000" b="1" strike="noStrike" spc="-1" dirty="0"><a:solidFill><a:srgbClr val="000000"/></a:solidFill><a:uFill><a:solidFill><a:srgbClr val="FFFFFF"/></a:solidFill></a:uFill><a:latin typeface="Expert Sans Regular"/></a:endParaRPr></a:p></a:txBody><a:tcPr><a:lnL w="12240"><a:solidFill><a:srgbClr val="FFFFFF"/></a:solidFill></a:lnL><a:lnR w="12240"><a:solidFill><a:srgbClr val="FFFFFF"/></a:solidFill></a:lnR><a:lnT w="12700" cap="flat" cmpd="sng" algn="ctr"><a:solidFill><a:schemeClr val="tx1"/></a:solidFill><a:prstDash val="solid"/><a:round/><a:headEnd type="none" w="med" len="med"/><a:tailEnd type="none" w="med" len="med"/></a:lnT><a:lnB w="38160"><a:solidFill><a:srgbClr val="FFFFFF"/></a:solidFill></a:lnB><a:solidFill><a:srgbClr val="00AEEF"/></a:solidFill></a:tcPr></a:tc><a:tc><a:txBody><a:bodyPr/><a:lstStyle/><a:p><a:pPr><a:lnSpc><a:spcPct val="100000"/></a:lnSpc></a:pPr><a:r><a:rPr lang="en-US" sz="1000" b="1" strike="noStrike" dirty="0" smtClean="0"><a:solidFill><a:srgbClr val="000000"/></a:solidFill><a:latin typeface="Expert Sans Regular"/><a:ea typeface="Arial"/></a:rPr><a:t>Conduct Risk Predictive MI </a:t></a:r><a:endParaRPr lang="en-ZA" sz="1000" b="1" strike="noStrike" spc="-1" dirty="0"><a:solidFill><a:srgbClr val="000000"/></a:solidFill><a:uFill><a:solidFill><a:srgbClr val="FFFFFF"/></a:solidFill></a:uFill><a:latin typeface="Expert Sans Regular"/></a:endParaRPr></a:p></a:txBody><a:tcPr><a:lnL w="12240"><a:solidFill><a:srgbClr val="FFFFFF"/></a:solidFill></a:lnL><a:lnR w="12240"><a:solidFill><a:srgbClr val="FFFFFF"/></a:solidFill></a:lnR><a:lnT w="12700" cap="flat" cmpd="sng" algn="ctr"><a:solidFill><a:schemeClr val="tx1"/></a:solidFill><a:prstDash val="solid"/><a:round/><a:headEnd type="none" w="med" len="med"/><a:tailEnd type="none" w="med" len="med"/></a:lnT><a:lnB w="38160"><a:solidFill><a:srgbClr val="FFFFFF"/></a:solidFill></a:lnB><a:solidFill><a:srgbClr val="00AEEF"/></a:solidFill></a:tcPr></a:tc><a:tc><a:txBody><a:bodyPr/><a:lstStyle/><a:p><a:pPr><a:lnSpc><a:spcPct val="100000"/></a:lnSpc></a:pPr><a:r><a:rPr lang="en-US" sz="1000" b="1" strike="noStrike" dirty="0" smtClean="0"><a:solidFill><a:srgbClr val="000000"/></a:solidFill><a:latin typeface="Expert Sans Regular"/><a:ea typeface="Arial"/></a:rPr><a:t>Issues &amp; Risks </a:t></a:r><a:endParaRPr lang="en-ZA" sz="1000" b="1" strike="noStrike" spc="-1" dirty="0"><a:solidFill><a:srgbClr val="000000"/></a:solidFill><a:uFill><a:solidFill><a:srgbClr val="FFFFFF"/></a:solidFill></a:uFill><a:latin typeface="Expert Sans Regular"/></a:endParaRPr></a:p></a:txBody><a:tcPr><a:lnL w="12240"><a:solidFill><a:srgbClr val="FFFFFF"/></a:solidFill></a:lnL><a:lnR w="12240"><a:solidFill><a:srgbClr val="FFFFFF"/></a:solidFill></a:lnR><a:lnT w="12700" cap="flat" cmpd="sng" algn="ctr"><a:solidFill><a:schemeClr val="tx1"/></a:solidFill><a:prstDash val="solid"/><a:round/><a:headEnd type="none" w="med" len="med"/><a:tailEnd type="none" w="med" len="med"/></a:lnT><a:lnB w="38160"><a:solidFill><a:srgbClr val="FFFFFF"/></a:solidFill></a:lnB><a:solidFill><a:srgbClr val="00AEEF"/></a:solidFill></a:tcPr></a:tc><a:tc><a:txBody><a:bodyPr/><a:lstStyle/><a:p><a:pPr><a:lnSpc><a:spcPct val="100000"/></a:lnSpc></a:pPr><a:r><a:rPr lang="en-US" sz="1000" b="1" strike="noStrike" dirty="0" smtClean="0"><a:solidFill><a:srgbClr val="000000"/></a:solidFill><a:latin typeface="Expert Sans Regular"/><a:ea typeface="Arial"/></a:rPr><a:t>Conduct Risk Plan</a:t></a:r><a:endParaRPr lang="en-ZA" sz="1000" b="1" strike="noStrike" spc="-1" dirty="0"><a:solidFill><a:srgbClr val="000000"/></a:solidFill><a:uFill><a:solidFill><a:srgbClr val="FFFFFF"/></a:solidFill></a:uFill><a:latin typeface="Expert Sans Regular"/></a:endParaRPr></a:p></a:txBody><a:tcPr><a:lnL w="12240"><a:solidFill><a:srgbClr val="FFFFFF"/></a:solidFill></a:lnL><a:lnR w="12700" cap="flat" cmpd="sng" algn="ctr"><a:solidFill><a:schemeClr val="tx1"/></a:solidFill><a:prstDash val="solid"/><a:round/><a:headEnd type="none" w="med" len="med"/><a:tailEnd type="none" w="med" len="med"/></a:lnR><a:lnT w="12700" cap="flat" cmpd="sng" algn="ctr"><a:solidFill><a:schemeClr val="tx1"/></a:solidFill><a:prstDash val="solid"/><a:round/><a:headEnd type="none" w="med" len="med"/><a:tailEnd type="none" w="med" len="med"/></a:lnT><a:lnB w="38160"><a:solidFill><a:srgbClr val="FFFFFF"/></a:solidFill></a:lnB><a:solidFill><a:srgbClr val="00AEEF"/></a:solidFill></a:tcPr></a:tc></a:tr><a:tr h="870840"><a:tc><a:txBody><a:bodyPr/><a:lstStyle/><a:p><a:r><a:rPr lang="en-US" sz="1000" b="1" dirty="0" smtClean="0"><a:latin typeface="Expert Sans Regular"/></a:rPr><a:t>{RISK_AREA1}</a:t></a:r><a:endParaRPr lang="en-US" sz="1000" b="1" dirty="0"><a:latin typeface="Expert Sans Regular"/></a:endParaRPr></a:p></a:txBody><a:tcPr><a:lnL w="12700" cap="flat" cmpd="sng" algn="ctr"><a:solidFill><a:schemeClr val="tx1"/></a:solidFill><a:prstDash val="solid"/><a:round/><a:headEnd type="none" w="med" len="med"/><a:tailEnd type="none" w="med" len="med"/></a:lnL><a:lnR w="12240"><a:solidFill><a:srgbClr val="FFFFFF"/></a:solidFill></a:lnR><a:lnT w="38160" cap="flat" cmpd="sng" algn="ctr"><a:solidFill><a:srgbClr val="FFFFFF"/></a:solidFill><a:prstDash val="solid"/><a:round/><a:headEnd type="none" w="med" len="med"/><a:tailEnd type="none" w="med" len="med"/></a:lnT><a:lnB w="12700" cap="flat" cmpd="sng" algn="ctr"><a:solidFill><a:schemeClr val="tx1"/></a:solidFill><a:prstDash val="solid"/><a:round/><a:headEnd type="none" w="med" len="med"/><a:tailEnd type="none" w="med" len="med"/></a:lnB><a:solidFill><a:srgbClr val="D9D9D9"/></a:solidFill></a:tcPr></a:tc><a:tc><a:txBody><a:bodyPr/><a:lstStyle/><a:p><a:pPr marL="0" marR="0" indent="0" defTabSz="914400" eaLnBrk="1" fontAlgn="auto" latinLnBrk="0" hangingPunct="1"><a:lnSpc><a:spcPct val="100000"/></a:lnSpc><a:spcBef><a:spcPts val="0"/></a:spcBef><a:spcAft><a:spcPts val="0"/></a:spcAft><a:buClrTx/><a:buSzTx/><a:buFontTx/><a:buNone/><a:tabLst/><a:defRPr/></a:pPr><a:r><a:rPr lang="en-US" sz="1000" b="1" strike="noStrike" dirty="0" smtClean="0"><a:solidFill><a:srgbClr val="000000"/></a:solidFill><a:latin typeface="Expert Sans Regular"/><a:ea typeface="Arial"/></a:rPr><a:t>{$CONDUCT_MANAGEMENT_RISK_1}</a:t></a:r><a:endParaRPr lang="en-US" sz="1000" b="1" dirty="0" smtClean="0"><a:latin typeface="Expert Sans Regular"/></a:endParaRPr></a:p><a:p><a:endParaRPr lang="en-US" sz="1000" b="1" dirty="0"><a:latin typeface="Expert Sans Regular"/></a:endParaRPr></a:p></a:txBody><a:tcPr><a:lnL w="12240" cap="flat" cmpd="sng" algn="ctr"><a:solidFill><a:srgbClr val="FFFFFF"/></a:solidFill><a:prstDash val="solid"/><a:round/><a:headEnd type="none" w="med" len="med"/><a:tailEnd type="none" w="med" len="med"/></a:lnL><a:lnR w="12240"><a:solidFill><a:srgbClr val="FFFFFF"/></a:solidFill></a:lnR><a:lnT w="38160"><a:solidFill><a:srgbClr val="FFFFFF"/></a:solidFill></a:lnT><a:lnB w="12700" cap="flat" cmpd="sng" algn="ctr"><a:solidFill><a:schemeClr val="tx1"/></a:solidFill><a:prstDash val="solid"/><a:round/><a:headEnd type="none" w="med" len="med"/><a:tailEnd type="none" w="med" len="med"/></a:lnB><a:solidFill><a:srgbClr val="D9D9D9"/></a:solidFill></a:tcPr></a:tc><a:tc><a:txBody><a:bodyPr/><a:lstStyle/><a:p><a:pPr marL="0" marR="0" indent="0" defTabSz="914400" eaLnBrk="1" fontAlgn="auto" latinLnBrk="0" hangingPunct="1"><a:lnSpc><a:spcPct val="100000"/></a:lnSpc><a:spcBef><a:spcPts val="0"/></a:spcBef><a:spcAft><a:spcPts val="0"/></a:spcAft><a:buClrTx/><a:buSzTx/><a:buFontTx/><a:buNone/><a:tabLst/><a:defRPr/></a:pPr><a:r><a:rPr lang="en-US" sz="1000" b="1" strike="noStrike" dirty="0" smtClean="0"><a:solidFill><a:srgbClr val="000000"/></a:solidFill><a:latin typeface="Expert Sans Regular"/><a:ea typeface="Arial"/></a:rPr><a:t> {$CONDUCT_MATERIAL_1}</a:t></a:r><a:endParaRPr lang="en-US" sz="1000" b="1" dirty="0" smtClean="0"><a:latin typeface="Expert Sans Regular"/></a:endParaRPr></a:p><a:p><a:endParaRPr lang="en-US" sz="1000" b="1" dirty="0"><a:latin typeface="Expert Sans Regular"/></a:endParaRPr></a:p></a:txBody><a:tcPr marL="9360" marR="9360"><a:lnL w="12240"><a:solidFill><a:srgbClr val="FFFFFF"/></a:solidFill></a:lnL><a:lnR w="12240"><a:solidFill><a:srgbClr val="FFFFFF"/></a:solidFill></a:lnR><a:lnT w="38160"><a:solidFill><a:srgbClr val="FFFFFF"/></a:solidFill></a:lnT><a:lnB w="12700" cap="flat" cmpd="sng" algn="ctr"><a:solidFill><a:schemeClr val="tx1"/></a:solidFill><a:prstDash val="solid"/><a:round/><a:headEnd type="none" w="med" len="med"/><a:tailEnd type="none" w="med" len="med"/></a:lnB><a:solidFill><a:srgbClr val="D9D9D9"/></a:solidFill></a:tcPr></a:tc><a:tc><a:txBody><a:bodyPr/><a:lstStyle/><a:p><a:r><a:rPr lang="en-US" sz="1000" b="1" strike="noStrike" dirty="0" smtClean="0"><a:solidFill><a:srgbClr val="000000"/></a:solidFill><a:latin typeface="Expert Sans Regular"/><a:ea typeface="Arial"/></a:rPr><a:t>{$CONDUCT_RISK_1}</a:t></a:r><a:endParaRPr lang="en-ZA" sz="1000" b="1" strike="noStrike" spc="-1" dirty="0"><a:solidFill><a:srgbClr val="000000"/></a:solidFill><a:uFill><a:solidFill><a:srgbClr val="FFFFFF"/></a:solidFill></a:uFill><a:latin typeface="Expert Sans Regular"/></a:endParaRPr></a:p></a:txBody><a:tcPr marL="9360" marR="9360"><a:lnL w="12240"><a:solidFill><a:srgbClr val="FFFFFF"/></a:solidFill></a:lnL><a:lnR w="12240"><a:solidFill><a:srgbClr val="FFFFFF"/></a:solidFill></a:lnR><a:lnT w="38160"><a:solidFill><a:srgbClr val="FFFFFF"/></a:solidFill></a:lnT><a:lnB w="12700" cap="flat" cmpd="sng" algn="ctr"><a:solidFill><a:schemeClr val="tx1"/></a:solidFill><a:prstDash val="solid"/><a:round/><a:headEnd type="none" w="med" len="med"/><a:tailEnd type="none" w="med" len="med"/></a:lnB><a:solidFill><a:srgbClr val="D9D9D9"/></a:solidFill></a:tcPr></a:tc><a:tc><a:txBody><a:bodyPr/><a:lstStyle/><a:p><a:r><a:rPr lang="en-US" sz="1000" b="1" strike="noStrike" dirty="0" smtClean="0"><a:solidFill><a:srgbClr val="000000"/></a:solidFill><a:latin typeface="Expert Sans Regular"/><a:ea typeface="Arial"/></a:rPr><a:t>{$CONDUCT_ISSUES_1}</a:t></a:r><a:endParaRPr lang="en-ZA" sz="1000" b="1" strike="noStrike" spc="-1" dirty="0"><a:solidFill><a:srgbClr val="000000"/></a:solidFill><a:uFill><a:solidFill><a:srgbClr val="FFFFFF"/></a:solidFill></a:uFill><a:latin typeface="Expert Sans Regular"/></a:endParaRPr></a:p></a:txBody><a:tcPr marL="9360" marR="9360"><a:lnL w="12240"><a:solidFill><a:srgbClr val="FFFFFF"/></a:solidFill></a:lnL><a:lnR w="12240"><a:solidFill><a:srgbClr val="FFFFFF"/></a:solidFill></a:lnR><a:lnT w="38160"><a:solidFill><a:srgbClr val="FFFFFF"/></a:solidFill></a:lnT><a:lnB w="12700" cap="flat" cmpd="sng" algn="ctr"><a:solidFill><a:schemeClr val="tx1"/></a:solidFill><a:prstDash val="solid"/><a:round/><a:headEnd type="none" w="med" len="med"/><a:tailEnd type="none" w="med" len="med"/></a:lnB><a:solidFill><a:srgbClr val="D9D9D9"/></a:solidFill></a:tcPr></a:tc><a:tc><a:txBody><a:bodyPr/><a:lstStyle/><a:p><a:r><a:rPr lang="en-US" sz="1000" b="1" strike="noStrike" dirty="0" smtClean="0"><a:solidFill><a:srgbClr val="000000"/></a:solidFill><a:latin typeface="Expert Sans Regular"/><a:ea typeface="Arial"/></a:rPr><a:t>{$CONDUCT_RISK_PLAN_1}</a:t></a:r><a:endParaRPr lang="en-ZA" sz="1000" b="1" strike="noStrike" spc="-1" dirty="0"><a:solidFill><a:srgbClr val="000000"/></a:solidFill><a:uFill><a:solidFill><a:srgbClr val="FFFFFF"/></a:solidFill></a:uFill><a:latin typeface="Expert Sans Regular"/></a:endParaRPr></a:p></a:txBody><a:tcPr marL="9360" marR="9360"><a:lnL w="12240"><a:solidFill><a:srgbClr val="FFFFFF"/></a:solidFill></a:lnL><a:lnR w="12700" cap="flat" cmpd="sng" algn="ctr"><a:solidFill><a:schemeClr val="tx1"/></a:solidFill><a:prstDash val="solid"/><a:round/><a:headEnd type="none" w="med" len="med"/><a:tailEnd type="none" w="med" len="med"/></a:lnR><a:lnT w="38160"><a:solidFill><a:srgbClr val="FFFFFF"/></a:solidFill></a:lnT><a:lnB w="12700" cap="flat" cmpd="sng" algn="ctr"><a:solidFill><a:schemeClr val="tx1"/></a:solidFill><a:prstDash val="solid"/><a:round/><a:headEnd type="none" w="med" len="med"/><a:tailEnd type="none" w="med" len="med"/></a:lnB><a:solidFill><a:srgbClr val="D9D9D9"/></a:solidFill></a:tcPr></a:tc></a:tr></a:tbl></a:graphicData></a:graphic></p:graphicFrame><p:graphicFrame><p:nvGraphicFramePr><p:cNvPr id="12" name="Table 3"/><p:cNvGraphicFramePr/><p:nvPr/></p:nvGraphicFramePr><p:xfrm><a:off x="304800" y="3581400"/><a:ext cx="9296401" cy="1267080"/></p:xfrm><a:graphic><a:graphicData uri="http://schemas.openxmlformats.org/drawingml/2006/table"><a:tbl><a:tblPr/><a:tblGrid><a:gridCol w="1365206"/><a:gridCol w="1365206"/><a:gridCol w="1625245"/><a:gridCol w="1483399"/><a:gridCol w="1637071"/><a:gridCol w="1820274"/></a:tblGrid><a:tr h="228600"><a:tc><a:txBody><a:bodyPr/><a:lstStyle/><a:p><a:pPr><a:lnSpc><a:spcPct val="100000"/></a:lnSpc></a:pPr><a:r><a:rPr lang="en-ZA" sz="1000" b="1" strike="noStrike" spc="-1" dirty="0" smtClean="0"><a:solidFill><a:srgbClr val="000000"/></a:solidFill><a:uFill><a:solidFill><a:srgbClr val="FFFFFF"/></a:solidFill></a:uFill><a:latin typeface="Expert Sans Regular"/></a:rPr><a:t>Area</a:t></a:r><a:endParaRPr lang="en-ZA" sz="1000" b="1" strike="noStrike" spc="-1" dirty="0"><a:solidFill><a:srgbClr val="000000"/></a:solidFill><a:uFill><a:solidFill><a:srgbClr val="FFFFFF"/></a:solidFill></a:uFill><a:latin typeface="Expert Sans Regular"/></a:endParaRPr></a:p></a:txBody><a:tcPr><a:lnL w="12700" cap="flat" cmpd="sng" algn="ctr"><a:solidFill><a:schemeClr val="tx1"/></a:solidFill><a:prstDash val="solid"/><a:round/><a:headEnd type="none" w="med" len="med"/><a:tailEnd type="none" w="med" len="med"/></a:lnL><a:lnR w="12240"><a:solidFill><a:srgbClr val="FFFFFF"/></a:solidFill></a:lnR><a:lnT w="12700" cap="flat" cmpd="sng" algn="ctr"><a:solidFill><a:schemeClr val="tx1"/></a:solidFill><a:prstDash val="solid"/><a:round/><a:headEnd type="none" w="med" len="med"/><a:tailEnd type="none" w="med" len="med"/></a:lnT><a:lnB w="38160" cap="flat" cmpd="sng" algn="ctr"><a:solidFill><a:srgbClr val="FFFFFF"/></a:solidFill><a:prstDash val="solid"/><a:round/><a:headEnd type="none" w="med" len="med"/><a:tailEnd type="none" w="med" len="med"/></a:lnB><a:solidFill><a:srgbClr val="00AEEF"/></a:solidFill></a:tcPr></a:tc><a:tc><a:txBody><a:bodyPr/><a:lstStyle/><a:p><a:pPr><a:lnSpc><a:spcPct val="100000"/></a:lnSpc></a:pPr><a:r><a:rPr lang="en-US" sz="1000" b="1" strike="noStrike" dirty="0" smtClean="0"><a:solidFill><a:srgbClr val="000000"/></a:solidFill><a:latin typeface="Expert Sans Regular"/><a:ea typeface="Arial"/></a:rPr><a:t>Number of cases</a:t></a:r><a:endParaRPr lang="en-ZA" sz="1000" b="1" strike="noStrike" spc="-1" dirty="0"><a:solidFill><a:srgbClr val="000000"/></a:solidFill><a:uFill><a:solidFill><a:srgbClr val="FFFFFF"/></a:solidFill></a:uFill><a:latin typeface="Expert Sans Regular"/></a:endParaRPr></a:p></a:txBody><a:tcPr><a:lnL w="12240" cap="flat" cmpd="sng" algn="ctr"><a:solidFill><a:srgbClr val="FFFFFF"/></a:solidFill><a:prstDash val="solid"/><a:round/><a:headEnd type="none" w="med" len="med"/><a:tailEnd type="none" w="med" len="med"/></a:lnL><a:lnR w="12240"><a:solidFill><a:srgbClr val="FFFFFF"/></a:solidFill></a:lnR><a:lnT w="12700" cap="flat" cmpd="sng" algn="ctr"><a:solidFill><a:schemeClr val="tx1"/></a:solidFill><a:prstDash val="solid"/><a:round/><a:headEnd type="none" w="med" len="med"/><a:tailEnd type="none" w="med" len="med"/></a:lnT><a:lnB w="38160"><a:solidFill><a:srgbClr val="FFFFFF"/></a:solidFill></a:lnB><a:solidFill><a:srgbClr val="00AEEF"/></a:solidFill></a:tcPr></a:tc><a:tc><a:txBody><a:bodyPr/><a:lstStyle/><a:p><a:pPr><a:lnSpc><a:spcPct val="100000"/></a:lnSpc></a:pPr><a:r><a:rPr lang="en-US" sz="1000" b="1" strike="noStrike" dirty="0"><a:solidFill><a:srgbClr val="000000"/></a:solidFill><a:latin typeface="Expert Sans Regular"/><a:ea typeface="Arial"/></a:rPr><a:t> Received</a:t></a:r><a:r><a:rPr lang="en-US" sz="1000" b="1" strike="noStrike" dirty="0" smtClean="0"><a:solidFill><a:srgbClr val="000000"/></a:solidFill><a:latin typeface="Expert Sans Regular"/><a:ea typeface="Arial"/></a:rPr><a:t>:</a:t></a:r><a:endParaRPr sz="1000" b="1"><a:latin typeface="Expert Sans Regular"/></a:endParaRPr></a:p></a:txBody><a:tcPr><a:lnL w="12240"><a:solidFill><a:srgbClr val="FFFFFF"/></a:solidFill></a:lnL><a:lnR w="12240"><a:solidFill><a:srgbClr val="FFFFFF"/></a:solidFill></a:lnR><a:lnT w="12700" cap="flat" cmpd="sng" algn="ctr"><a:solidFill><a:schemeClr val="tx1"/></a:solidFill><a:prstDash val="solid"/><a:round/><a:headEnd type="none" w="med" len="med"/><a:tailEnd type="none" w="med" len="med"/></a:lnT><a:lnB w="38160"><a:solidFill><a:srgbClr val="FFFFFF"/></a:solidFill></a:lnB><a:solidFill><a:srgbClr val="00AEEF"/></a:solidFill></a:tcPr></a:tc><a:tc><a:txBody><a:bodyPr/><a:lstStyle/><a:p><a:pPr marL="0" marR="0" indent="0" defTabSz="914400" eaLnBrk="1" fontAlgn="auto" latinLnBrk="0" hangingPunct="1"><a:lnSpc><a:spcPct val="100000"/></a:lnSpc><a:spcBef><a:spcPts val="0"/></a:spcBef><a:spcAft><a:spcPts val="0"/></a:spcAft><a:buClrTx/><a:buSzTx/><a:buFontTx/><a:buNone/><a:tabLst/><a:defRPr/></a:pPr><a:r><a:rPr lang="en-US" sz="1000" b="1" strike="noStrike" dirty="0" smtClean="0"><a:solidFill><a:srgbClr val="000000"/></a:solidFill><a:latin typeface="Expert Sans Regular"/><a:ea typeface="Arial"/></a:rPr><a:t> Closed:</a:t></a:r><a:endParaRPr lang="en-US" sz="1000" b="1" dirty="0" smtClean="0"><a:latin typeface="Expert Sans Regular"/></a:endParaRPr></a:p><a:p><a:pPr><a:lnSpc><a:spcPct val="100000"/></a:lnSpc></a:pPr><a:endParaRPr lang="en-ZA" sz="1000" b="1" strike="noStrike" spc="-1" dirty="0"><a:solidFill><a:srgbClr val="000000"/></a:solidFill><a:uFill><a:solidFill><a:srgbClr val="FFFFFF"/></a:solidFill></a:uFill><a:latin typeface="Expert Sans Regular"/></a:endParaRPr></a:p></a:txBody><a:tcPr><a:lnL w="12240"><a:solidFill><a:srgbClr val="FFFFFF"/></a:solidFill></a:lnL><a:lnR w="12240"><a:solidFill><a:srgbClr val="FFFFFF"/></a:solidFill></a:lnR><a:lnT w="12700" cap="flat" cmpd="sng" algn="ctr"><a:solidFill><a:schemeClr val="tx1"/></a:solidFill><a:prstDash val="solid"/><a:round/><a:headEnd type="none" w="med" len="med"/><a:tailEnd type="none" w="med" len="med"/></a:lnT><a:lnB w="38160"><a:solidFill><a:srgbClr val="FFFFFF"/></a:solidFill></a:lnB><a:solidFill><a:srgbClr val="00AEEF"/></a:solidFill></a:tcPr></a:tc><a:tc><a:txBody><a:bodyPr/><a:lstStyle/><a:p><a:pPr marL="0" marR="0" indent="0" defTabSz="914400" eaLnBrk="1" fontAlgn="auto" latinLnBrk="0" hangingPunct="1"><a:lnSpc><a:spcPct val="100000"/></a:lnSpc><a:spcBef><a:spcPts val="0"/></a:spcBef><a:spcAft><a:spcPts val="0"/></a:spcAft><a:buClrTx/><a:buSzTx/><a:buFontTx/><a:buNone/><a:tabLst/><a:defRPr/></a:pPr><a:r><a:rPr lang="en-US" sz="1000" b="1" strike="noStrike" dirty="0" smtClean="0"><a:solidFill><a:srgbClr val="000000"/></a:solidFill><a:latin typeface="Expert Sans Regular"/><a:ea typeface="Arial"/></a:rPr><a:t> Open:</a:t></a:r><a:endParaRPr lang="en-US" sz="1000" b="1" dirty="0" smtClean="0"><a:latin typeface="Expert Sans Regular"/></a:endParaRPr></a:p><a:p><a:pPr><a:lnSpc><a:spcPct val="100000"/></a:lnSpc></a:pPr><a:endParaRPr lang="en-ZA" sz="1000" b="1" strike="noStrike" spc="-1" dirty="0"><a:solidFill><a:srgbClr val="000000"/></a:solidFill><a:uFill><a:solidFill><a:srgbClr val="FFFFFF"/></a:solidFill></a:uFill><a:latin typeface="Expert Sans Regular"/></a:endParaRPr></a:p></a:txBody><a:tcPr><a:lnL w="12240"><a:solidFill><a:srgbClr val="FFFFFF"/></a:solidFill></a:lnL><a:lnR w="12240"><a:solidFill><a:srgbClr val="FFFFFF"/></a:solidFill></a:lnR><a:lnT w="12700" cap="flat" cmpd="sng" algn="ctr"><a:solidFill><a:schemeClr val="tx1"/></a:solidFill><a:prstDash val="solid"/><a:round/><a:headEnd type="none" w="med" len="med"/><a:tailEnd type="none" w="med" len="med"/></a:lnT><a:lnB w="38160"><a:solidFill><a:srgbClr val="FFFFFF"/></a:solidFill></a:lnB><a:solidFill><a:srgbClr val="00AEEF"/></a:solidFill></a:tcPr></a:tc><a:tc><a:txBody><a:bodyPr/><a:lstStyle/><a:p><a:pPr><a:lnSpc><a:spcPct val="100000"/></a:lnSpc></a:pPr><a:r><a:rPr lang="en-US" sz="1000" b="1" strike="noStrike" dirty="0" smtClean="0"><a:solidFill><a:srgbClr val="000000"/></a:solidFill><a:latin typeface="Expert Sans Regular"/><a:ea typeface="Arial"/></a:rPr><a:t>Commentary</a:t></a:r><a:endParaRPr lang="en-ZA" sz="1000" b="1" strike="noStrike" spc="-1" dirty="0"><a:solidFill><a:srgbClr val="000000"/></a:solidFill><a:uFill><a:solidFill><a:srgbClr val="FFFFFF"/></a:solidFill></a:uFill><a:latin typeface="Expert Sans Regular"/></a:endParaRPr></a:p></a:txBody><a:tcPr><a:lnL w="12240"><a:solidFill><a:srgbClr val="FFFFFF"/></a:solidFill></a:lnL><a:lnR w="12700" cap="flat" cmpd="sng" algn="ctr"><a:solidFill><a:schemeClr val="tx1"/></a:solidFill><a:prstDash val="solid"/><a:round/><a:headEnd type="none" w="med" len="med"/><a:tailEnd type="none" w="med" len="med"/></a:lnR><a:lnT w="12700" cap="flat" cmpd="sng" algn="ctr"><a:solidFill><a:schemeClr val="tx1"/></a:solidFill><a:prstDash val="solid"/><a:round/><a:headEnd type="none" w="med" len="med"/><a:tailEnd type="none" w="med" len="med"/></a:lnT><a:lnB w="38160"><a:solidFill><a:srgbClr val="FFFFFF"/></a:solidFill></a:lnB><a:solidFill><a:srgbClr val="00AEEF"/></a:solidFill></a:tcPr></a:tc></a:tr><a:tr h="870840"><a:tc><a:txBody><a:bodyPr/><a:lstStyle/><a:p><a:r><a:rPr lang="en-US" sz="1000" b="1" dirty="0" smtClean="0"><a:latin typeface="Expert Sans Regular"/></a:rPr><a:t>{WHISTLE_AREA1}</a:t></a:r><a:endParaRPr lang="en-US" sz="1000" b="1" dirty="0"><a:latin typeface="Expert Sans Regular"/></a:endParaRPr></a:p></a:txBody><a:tcPr><a:lnL w="12700" cap="flat" cmpd="sng" algn="ctr"><a:solidFill><a:schemeClr val="tx1"/></a:solidFill><a:prstDash val="solid"/><a:round/><a:headEnd type="none" w="med" len="med"/><a:tailEnd type="none" w="med" len="med"/></a:lnL><a:lnR w="12240"><a:solidFill><a:srgbClr val="FFFFFF"/></a:solidFill></a:lnR><a:lnT w="38160" cap="flat" cmpd="sng" algn="ctr"><a:solidFill><a:srgbClr val="FFFFFF"/></a:solidFill><a:prstDash val="solid"/><a:round/><a:headEnd type="none" w="med" len="med"/><a:tailEnd type="none" w="med" len="med"/></a:lnT><a:lnB w="12700" cap="flat" cmpd="sng" algn="ctr"><a:solidFill><a:schemeClr val="tx1"/></a:solidFill><a:prstDash val="solid"/><a:round/><a:headEnd type="none" w="med" len="med"/><a:tailEnd type="none" w="med" len="med"/></a:lnB><a:solidFill><a:srgbClr val="D9D9D9"/></a:solidFill></a:tcPr></a:tc><a:tc><a:txBody><a:bodyPr/><a:lstStyle/><a:p><a:pPr marL="0" marR="0" indent="0" defTabSz="914400" eaLnBrk="1" fontAlgn="auto" latinLnBrk="0" hangingPunct="1"><a:lnSpc><a:spcPct val="100000"/></a:lnSpc><a:spcBef><a:spcPts val="0"/></a:spcBef><a:spcAft><a:spcPts val="0"/></a:spcAft><a:buClrTx/><a:buSzTx/><a:buFontTx/><a:buNone/><a:tabLst/><a:defRPr/></a:pPr><a:r><a:rPr lang="en-US" sz="1000" b="1" strike="noStrike" dirty="0" smtClean="0"><a:solidFill><a:srgbClr val="000000"/></a:solidFill><a:latin typeface="Expert Sans Regular"/><a:ea typeface="Arial"/></a:rPr><a:t>{$WHISTLEBLOWING_NUMBER_OF_CASES_1}</a:t></a:r><a:endParaRPr lang="en-US" sz="1000" b="1" dirty="0" smtClean="0"><a:latin typeface="Expert Sans Regular"/></a:endParaRPr></a:p><a:p><a:endParaRPr lang="en-US" sz="1000" b="1" dirty="0"><a:latin typeface="Expert Sans Regular"/></a:endParaRPr></a:p></a:txBody><a:tcPr><a:lnL w="12240" cap="flat" cmpd="sng" algn="ctr"><a:solidFill><a:srgbClr val="FFFFFF"/></a:solidFill><a:prstDash val="solid"/><a:round/><a:headEnd type="none" w="med" len="med"/><a:tailEnd type="none" w="med" len="med"/></a:lnL><a:lnR w="12240"><a:solidFill><a:srgbClr val="FFFFFF"/></a:solidFill></a:lnR><a:lnT w="38160"><a:solidFill><a:srgbClr val="FFFFFF"/></a:solidFill></a:lnT><a:lnB w="12700" cap="flat" cmpd="sng" algn="ctr"><a:solidFill><a:schemeClr val="tx1"/></a:solidFill><a:prstDash val="solid"/><a:round/><a:headEnd type="none" w="med" len="med"/><a:tailEnd type="none" w="med" len="med"/></a:lnB><a:solidFill><a:srgbClr val="D9D9D9"/></a:solidFill></a:tcPr></a:tc><a:tc><a:txBody><a:bodyPr/><a:lstStyle/><a:p><a:r><a:rPr lang="en-US" sz="1000" b="1" strike="noStrike" dirty="0" smtClean="0"><a:solidFill><a:srgbClr val="000000"/></a:solidFill><a:latin typeface="Expert Sans Regular"/><a:ea typeface="Arial"/></a:rPr><a:t>{$WHISTLEBLOWING_RECEIVED_1}</a:t></a:r><a:endParaRPr lang="en-US" sz="1000" b="1" dirty="0"><a:latin typeface="Expert Sans Regular"/></a:endParaRPr></a:p></a:txBody><a:tcPr marL="9360" marR="9360"><a:lnL w="12240"><a:solidFill><a:srgbClr val="FFFFFF"/></a:solidFill></a:lnL><a:lnR w="12240"><a:solidFill><a:srgbClr val="FFFFFF"/></a:solidFill></a:lnR><a:lnT w="38160"><a:solidFill><a:srgbClr val="FFFFFF"/></a:solidFill></a:lnT><a:lnB w="12700" cap="flat" cmpd="sng" algn="ctr"><a:solidFill><a:schemeClr val="tx1"/></a:solidFill><a:prstDash val="solid"/><a:round/><a:headEnd type="none" w="med" len="med"/><a:tailEnd type="none" w="med" len="med"/></a:lnB><a:solidFill><a:srgbClr val="D9D9D9"/></a:solidFill></a:tcPr></a:tc><a:tc><a:txBody><a:bodyPr/><a:lstStyle/><a:p><a:r><a:rPr lang="en-US" sz="1000" b="1" strike="noStrike" dirty="0" smtClean="0"><a:solidFill><a:srgbClr val="000000"/></a:solidFill><a:latin typeface="Expert Sans Regular"/><a:ea typeface="Arial"/></a:rPr><a:t>{$WHISTLEBLOWING_CLOSED_1}</a:t></a:r><a:endParaRPr lang="en-ZA" sz="1000" b="1" strike="noStrike" spc="-1" dirty="0"><a:solidFill><a:srgbClr val="000000"/></a:solidFill><a:uFill><a:solidFill><a:srgbClr val="FFFFFF"/></a:solidFill></a:uFill><a:latin typeface="Expert Sans Regular"/></a:endParaRPr></a:p></a:txBody><a:tcPr marL="9360" marR="9360"><a:lnL w="12240"><a:solidFill><a:srgbClr val="FFFFFF"/></a:solidFill></a:lnL><a:lnR w="12240"><a:solidFill><a:srgbClr val="FFFFFF"/></a:solidFill></a:lnR><a:lnT w="38160"><a:solidFill><a:srgbClr val="FFFFFF"/></a:solidFill></a:lnT><a:lnB w="12700" cap="flat" cmpd="sng" algn="ctr"><a:solidFill><a:schemeClr val="tx1"/></a:solidFill><a:prstDash val="solid"/><a:round/><a:headEnd type="none" w="med" len="med"/><a:tailEnd type="none" w="med" len="med"/></a:lnB><a:solidFill><a:srgbClr val="D9D9D9"/></a:solidFill></a:tcPr></a:tc><a:tc><a:txBody><a:bodyPr/><a:lstStyle/><a:p><a:r><a:rPr lang="en-US" sz="1000" b="1" strike="noStrike" dirty="0" smtClean="0"><a:solidFill><a:srgbClr val="000000"/></a:solidFill><a:latin typeface="Expert Sans Regular"/><a:ea typeface="Arial"/></a:rPr><a:t>{$WHISTLEBLOWING_OPEN_1}</a:t></a:r><a:endParaRPr lang="en-ZA" sz="1000" b="1" strike="noStrike" spc="-1" dirty="0"><a:solidFill><a:srgbClr val="000000"/></a:solidFill><a:uFill><a:solidFill><a:srgbClr val="FFFFFF"/></a:solidFill></a:uFill><a:latin typeface="Expert Sans Regular"/></a:endParaRPr></a:p></a:txBody><a:tcPr marL="9360" marR="9360"><a:lnL w="12240"><a:solidFill><a:srgbClr val="FFFFFF"/></a:solidFill></a:lnL><a:lnR w="12240"><a:solidFill><a:srgbClr val="FFFFFF"/></a:solidFill></a:lnR><a:lnT w="38160"><a:solidFill><a:srgbClr val="FFFFFF"/></a:solidFill></a:lnT><a:lnB w="12700" cap="flat" cmpd="sng" algn="ctr"><a:solidFill><a:schemeClr val="tx1"/></a:solidFill><a:prstDash val="solid"/><a:round/><a:headEnd type="none" w="med" len="med"/><a:tailEnd type="none" w="med" len="med"/></a:lnB><a:solidFill><a:srgbClr val="D9D9D9"/></a:solidFill></a:tcPr></a:tc><a:tc><a:txBody><a:bodyPr/><a:lstStyle/><a:p><a:pPr marL="0" marR="0" indent="0" defTabSz="914400" eaLnBrk="1" fontAlgn="auto" latinLnBrk="0" hangingPunct="1"><a:lnSpc><a:spcPct val="100000"/></a:lnSpc><a:spcBef><a:spcPts val="0"/></a:spcBef><a:spcAft><a:spcPts val="0"/></a:spcAft><a:buClrTx/><a:buSzTx/><a:buFontTx/><a:buNone/><a:tabLst/><a:defRPr/></a:pPr><a:r><a:rPr lang="en-US" sz="1000" b="1" strike="noStrike" dirty="0" smtClean="0"><a:solidFill><a:srgbClr val="000000"/></a:solidFill><a:latin typeface="Expert Sans Regular"/><a:ea typeface="Arial"/></a:rPr><a:t>{$WHISTLEBLOWING_COMMENTARY_1}</a:t></a:r><a:endParaRPr lang="en-US" sz="1000" b="1" dirty="0" smtClean="0"><a:latin typeface="Expert Sans Regular"/></a:endParaRPr></a:p><a:p><a:endParaRPr lang="en-ZA" sz="1000" b="1" strike="noStrike" spc="-1" dirty="0"><a:solidFill><a:srgbClr val="000000"/></a:solidFill><a:uFill><a:solidFill><a:srgbClr val="FFFFFF"/></a:solidFill></a:uFill><a:latin typeface="Expert Sans Regular"/></a:endParaRPr></a:p></a:txBody><a:tcPr marL="9360" marR="9360"><a:lnL w="12240"><a:solidFill><a:srgbClr val="FFFFFF"/></a:solidFill></a:lnL><a:lnR w="12700" cap="flat" cmpd="sng" algn="ctr"><a:solidFill><a:schemeClr val="tx1"/></a:solidFill><a:prstDash val="solid"/><a:round/><a:headEnd type="none" w="med" len="med"/><a:tailEnd type="none" w="med" len="med"/></a:lnR><a:lnT w="38160"><a:solidFill><a:srgbClr val="FFFFFF"/></a:solidFill></a:lnT><a:lnB w="12700" cap="flat" cmpd="sng" algn="ctr"><a:solidFill><a:schemeClr val="tx1"/></a:solidFill><a:prstDash val="solid"/><a:round/><a:headEnd type="none" w="med" len="med"/><a:tailEnd type="none" w="med" len="med"/></a:lnB><a:solidFill><a:srgbClr val="D9D9D9"/></a:solidFill></a:tcPr></a:tc></a:tr></a:tbl></a:graphicData></a:graphic></p:graphicFrame></p:spTree></p:cSld><p:clrMapOvr><a:masterClrMapping/></p:clrMapOvr><p:timing><p:tnLst><p:par><p:cTn id="1" dur="indefinite" restart="never" nodeType="tmRoot"><p:childTnLst><p:seq><p:cTn id="2" nodeType="mainSeq"/><p:prevCondLst><p:cond evt="onPrev" delay="0"><p:tgtEl><p:sldTgt/></p:tgtEl></p:cond></p:prevCondLst><p:nextCondLst><p:cond evt="onNext" delay="0"><p:tgtEl><p:sldTgt/></p:tgtEl></p:cond></p:nextCondLst></p:seq></p:childTnLst></p:cTn></p:par></p:tnLst></p:timing></p:sld>