<?xml version="1.0" encoding="UTF-8" standalone="yes"?>
<Properties xmlns="http://schemas.openxmlformats.org/officeDocument/2006/extended-properties" xmlns:vt="http://schemas.openxmlformats.org/officeDocument/2006/docPropsVTypes"><Template>LAN041_Barclays_Template_021612_1a</Template><TotalTime>43141</TotalTime><Words>709</Words><Application>Microsoft Office PowerPoint</Application><PresentationFormat>A4 Paper (210x297 mm)</PresentationFormat><Paragraphs>212</Paragraphs><Slides>10</Slides><Notes>8</Notes><HiddenSlides>0</HiddenSlides><MMClips>0</MMClips><ScaleCrop>false</ScaleCrop><HeadingPairs><vt:vector size="4" baseType="variant"><vt:variant><vt:lpstr>Theme</vt:lpstr></vt:variant><vt:variant><vt:i4>19</vt:i4></vt:variant><vt:variant><vt:lpstr>Slide Titles</vt:lpstr></vt:variant><vt:variant><vt:i4>10</vt:i4></vt:variant></vt:vector></HeadingPairs><TitlesOfParts><vt:vector size="29" baseType="lpstr"><vt:lpstr>LAN041_Barclays_Template_021612_1a</vt:lpstr><vt:lpstr>7_LAN039_Barclays_Template_013012_1b_ft</vt:lpstr><vt:lpstr>8_LAN039_Barclays_Template_013012_1b_ft</vt:lpstr><vt:lpstr>9_LAN039_Barclays_Template_013012_1b_ft</vt:lpstr><vt:lpstr>10_LAN039_Barclays_Template_013012_1b_ft</vt:lpstr><vt:lpstr>11_LAN039_Barclays_Template_013012_1b_ft</vt:lpstr><vt:lpstr>Divider_slide</vt:lpstr><vt:lpstr>12_LAN039_Barclays_Template_013012_1b_ft</vt:lpstr><vt:lpstr>13_LAN039_Barclays_Template_013012_1b_ft</vt:lpstr><vt:lpstr>1_LAN041_Barclays_Template_021612_1a</vt:lpstr><vt:lpstr>2_LAN041_Barclays_Template_021612_1a</vt:lpstr><vt:lpstr>3_LAN041_Barclays_Template_021612_1a</vt:lpstr><vt:lpstr>4_LAN041_Barclays_Template_021612_1a</vt:lpstr><vt:lpstr>14_LAN039_Barclays_Template_013012_1b_ft</vt:lpstr><vt:lpstr>5_LAN041_Barclays_Template_021612_1a</vt:lpstr><vt:lpstr>6_LAN041_Barclays_Template_021612_1a</vt:lpstr><vt:lpstr>7_LAN041_Barclays_Template_021612_1a</vt:lpstr><vt:lpstr>15_LAN039_Barclays_Template_013012_1b_ft</vt:lpstr><vt:lpstr>16_LAN039_Barclays_Template_013012_1b_ft</vt:lpstr><vt:lpstr> {$REPORT_NAME} {$REPORT_TYPE} Compliance Report</vt:lpstr><vt:lpstr>Executive Summary </vt:lpstr><vt:lpstr>Slide 3</vt:lpstr><vt:lpstr>Function Update </vt:lpstr><vt:lpstr>Internal Audit Findings Raised  </vt:lpstr><vt:lpstr>Slide 6</vt:lpstr><vt:lpstr>Slide 7</vt:lpstr><vt:lpstr>Slide 8</vt:lpstr><vt:lpstr>Slide 9</vt:lpstr><vt:lpstr>Slide 10</vt:lpstr></vt:vector></TitlesOfParts><Company>Barclays Bank PLC</Company><LinksUpToDate>false</LinksUpToDate><SharedDoc>false</SharedDoc><HyperlinksChanged>false</HyperlinksChanged><AppVersion>12.0000</AppVersion></Properties>