<?xml version="1.0" encoding="UTF-8" standalone="yes"?>
<cp:coreProperties xmlns:cp="http://schemas.openxmlformats.org/package/2006/metadata/core-properties" xmlns:dc="http://purl.org/dc/elements/1.1/" xmlns:dcterms="http://purl.org/dc/terms/" xmlns:dcmitype="http://purl.org/dc/dcmitype/" xmlns:xsi="http://www.w3.org/2001/XMLSchema-instance"><dc:title>Print presentation</dc:title><dc:creator>Saldys Sheriff</dc:creator><cp:lastModifiedBy>Sello Tseka</cp:lastModifiedBy><cp:revision>748</cp:revision><cp:lastPrinted>2015-12-03T08:49:15Z</cp:lastPrinted><dcterms:created xsi:type="dcterms:W3CDTF">2012-02-20T12:46:37Z</dcterms:created><dcterms:modified xsi:type="dcterms:W3CDTF">2016-09-30T05:23:59Z</dcterms:modified></cp:coreProperties>