<?xml version="1.0" encoding="UTF-8" standalone="yes"?>
<p:sld xmlns:a="http://schemas.openxmlformats.org/drawingml/2006/main" xmlns:r="http://schemas.openxmlformats.org/officeDocument/2006/relationships" xmlns:p="http://schemas.openxmlformats.org/presentationml/2006/main">
<p:cSld>
<p:spTree>
<p:nvGrpSpPr>
<p:cNvPr id="1" name=""/>
<p:cNvGrpSpPr/>
<p:nvPr/>
</p:nvGrpSpPr>
<p:grpSpPr>
<a:xfrm>
<a:off x="0" y="0"/>
<a:ext cx="0" cy="0"/>
<a:chOff x="0" y="0"/>
<a:chExt cx="0" cy="0"/>
</a:xfrm>
</p:grpSpPr>
<p:sp>
<p:nvSpPr>
<p:cNvPr id="216" name="CustomShape 1"/>
<p:cNvSpPr/>
<p:nvPr/>
</p:nvSpPr>
<p:spPr>
<a:xfrm>
<a:off x="342720" y="202680"/>
<a:ext cx="8914320" cy="275760"/>
</a:xfrm>
<a:prstGeom prst="rect">
<a:avLst/>
</a:prstGeom>
<a:noFill/>
<a:ln>
<a:noFill/>
</a:ln>
</p:spPr>
<p:style>
<a:lnRef idx="0">
<a:scrgbClr r="0" g="0" b="0"/>
</a:lnRef>
<a:fillRef idx="0">
<a:scrgbClr r="0" g="0" b="0"/>
</a:fillRef>
<a:effectRef idx="0">
<a:scrgbClr r="0" g="0" b="0"/>
</a:effectRef>
<a:fontRef idx="minor"/>
</p:style>
<p:txBody>
<a:bodyPr lIns="0" tIns="0" rIns="0" bIns="0" anchor="ctr"/>
<a:lstStyle/>
<a:p>
<a:pPr>
<a:lnSpc>
<a:spcPct val="100000"/>
</a:lnSpc>
</a:pPr>
<a:r>
<a:rPr lang="en-ZA" sz="1800" strike="noStrike" spc="-1">
<a:solidFill>
<a:srgbClr val="00B0F0"/>
</a:solidFill>
<a:uFill>
<a:solidFill>
<a:srgbClr val="FFFFFF"/>
</a:solidFill>
</a:uFill>
<a:latin typeface="Expert Sans Regular"/>
<a:ea typeface="DejaVu Sans"/>
</a:rPr>
<a:t>Function Update </a:t>
</a:r>
<a:endParaRPr lang="en-ZA" sz="1800" strike="noStrike" spc="-1">
<a:solidFill>
<a:srgbClr val="000000"/>
</a:solidFill>
<a:uFill>
<a:solidFill>
<a:srgbClr val="FFFFFF"/>
</a:solidFill>
</a:uFill>
<a:latin typeface="Arial"/>
</a:endParaRPr>
</a:p>
</p:txBody>
</p:sp>
<p:sp>
<p:nvSpPr>
<p:cNvPr id="217" name="CustomShape 2"/>
<p:cNvSpPr/>
<p:nvPr/>
</p:nvSpPr>
<p:spPr>
<a:xfrm>
<a:off x="326520" y="2883240"/>
<a:ext cx="8914320" cy="274320"/>
</a:xfrm>
<a:prstGeom prst="rect">
<a:avLst/>
</a:prstGeom>
<a:noFill/>
<a:ln w="9360">
<a:noFill/>
</a:ln>
</p:spPr>
<p:style>
<a:lnRef idx="0">
<a:scrgbClr r="0" g="0" b="0"/>
</a:lnRef>
<a:fillRef idx="0">
<a:scrgbClr r="0" g="0" b="0"/>
</a:fillRef>
<a:effectRef idx="0">
<a:scrgbClr r="0" g="0" b="0"/>
</a:effectRef>
<a:fontRef idx="minor"/>
</p:style>
<p:txBody>
<a:bodyPr lIns="0" tIns="0" rIns="0" bIns="0" anchor="ctr"/>
<a:lstStyle/>
<a:p>
<a:pPr>
<a:lnSpc>
<a:spcPct val="100000"/>
</a:lnSpc>
</a:pPr>
<a:r>
<a:rPr lang="en-ZA" sz="1800" strike="noStrike" spc="-1">
<a:solidFill>
<a:srgbClr val="00B0F0"/>
</a:solidFill>
<a:uFill>
<a:solidFill>
<a:srgbClr val="FFFFFF"/>
</a:solidFill>
</a:uFill>
<a:latin typeface="Expert Sans Regular"/>
<a:ea typeface="DejaVu Sans"/>
</a:rPr>
<a:t>Compliance Project Update </a:t>
</a:r>
<a:endParaRPr lang="en-ZA" sz="1800" strike="noStrike" spc="-1">
<a:solidFill>
<a:srgbClr val="000000"/>
</a:solidFill>
<a:uFill>
<a:solidFill>
<a:srgbClr val="FFFFFF"/>
</a:solidFill>
</a:uFill>
<a:latin typeface="Arial"/>
</a:endParaRPr>
</a:p>
</p:txBody>
</p:sp>
<p:sp>
<p:nvSpPr>
<p:cNvPr id="218" name="CustomShape 3"/>
<p:cNvSpPr/>
<p:nvPr/>
</p:nvSpPr>
<p:spPr>
<a:xfrm>
<a:off x="723960" y="6485040"/>
<a:ext cx="4827960" cy="136800"/>
</a:xfrm>
<a:prstGeom prst="rect">
<a:avLst/>
</a:prstGeom>
<a:noFill/>
<a:ln>
<a:noFill/>
</a:ln>
</p:spPr>
<p:style>
<a:lnRef idx="0">
<a:scrgbClr r="0" g="0" b="0"/>
</a:lnRef>
<a:fillRef idx="0">
<a:scrgbClr r="0" g="0" b="0"/>
</a:fillRef>
<a:effectRef idx="0">
<a:scrgbClr r="0" g="0" b="0"/>
</a:effectRef>
<a:fontRef idx="minor"/>
</p:style>
<p:txBody>
<a:bodyPr lIns="0" tIns="0" rIns="0" bIns="0"/>
<a:lstStyle/>
<a:p>
<a:pPr>
<a:lnSpc>
<a:spcPct val="100000"/>
</a:lnSpc>
</a:pPr>
<a:r>
<a:rPr lang="en-ZA" sz="900" strike="noStrike" spc="-1">
<a:solidFill>
<a:srgbClr val="000000"/>
</a:solidFill>
<a:uFill>
<a:solidFill>
<a:srgbClr val="FFFFFF"/>
</a:solidFill>
</a:uFill>
<a:latin typeface="Expert Sans Regular"/>
<a:ea typeface="DejaVu Sans"/>
</a:rPr>
<a:t>Internal use only</a:t>
</a:r>
<a:endParaRPr lang="en-ZA" sz="1800" strike="noStrike" spc="-1">
<a:solidFill>
<a:srgbClr val="000000"/>
</a:solidFill>
<a:uFill>
<a:solidFill>
<a:srgbClr val="FFFFFF"/>
</a:solidFill>
</a:uFill>
<a:latin typeface="Arial"/>
</a:endParaRPr>
</a:p>
</p:txBody>
</p:sp>
<p:sp>
<p:nvSpPr>
<p:cNvPr id="219" name="CustomShape 4"/>
<p:cNvSpPr/>
<p:nvPr/>
</p:nvSpPr>
<p:spPr>
<a:xfrm>
<a:off x="723960" y="6276240"/>
<a:ext cx="3588120" cy="136800"/>
</a:xfrm>
<a:prstGeom prst="rect">
<a:avLst/>
</a:prstGeom>
<a:noFill/>
<a:ln w="9360">
<a:noFill/>
</a:ln>
</p:spPr>
<p:style>
<a:lnRef idx="0">
<a:scrgbClr r="0" g="0" b="0"/>
</a:lnRef>
<a:fillRef idx="0">
<a:scrgbClr r="0" g="0" b="0"/>
</a:fillRef>
<a:effectRef idx="0">
<a:scrgbClr r="0" g="0" b="0"/>
</a:effectRef>
<a:fontRef idx="minor"/>
</p:style>
<p:txBody>
<a:bodyPr lIns="0" tIns="0" rIns="0" bIns="0" anchor="b"/>
<a:lstStyle/>
<a:p>
<a:pPr>
<a:lnSpc>
<a:spcPct val="100000"/>
</a:lnSpc>
</a:pPr>
<a:fld id="{8653D7EE-AC4A-4738-AC4E-6E491F086436}" type="slidenum">
<a:rPr lang="en-ZA" sz="900" strike="noStrike" spc="-1">
<a:solidFill>
<a:srgbClr val="000000"/>
</a:solidFill>
<a:uFill>
<a:solidFill>
<a:srgbClr val="FFFFFF"/>
</a:solidFill>
</a:uFill>
<a:latin typeface="Expert Sans Regular"/>
<a:ea typeface="DejaVu Sans"/>
</a:rPr>
<a:pPr>
<a:lnSpc>
<a:spcPct val="100000"/>
</a:lnSpc>
</a:pPr>
<a:t>1</a:t>
</a:fld>
<a:r>
<a:rPr lang="en-ZA" sz="900" strike="noStrike" spc="-1">
<a:solidFill>
<a:srgbClr val="000000"/>
</a:solidFill>
<a:uFill>
<a:solidFill>
<a:srgbClr val="FFFFFF"/>
</a:solidFill>
</a:uFill>
<a:latin typeface="Expert Sans Regular"/>
<a:ea typeface="DejaVu Sans"/>
</a:rPr>
<a:t> | Compliance Report | June 2016</a:t>
</a:r>
<a:endParaRPr lang="en-ZA" sz="1800" strike="noStrike" spc="-1">
<a:solidFill>
<a:srgbClr val="000000"/>
</a:solidFill>
<a:uFill>
<a:solidFill>
<a:srgbClr val="FFFFFF"/>
</a:solidFill>
</a:uFill>
<a:latin typeface="Arial"/>
</a:endParaRPr>
</a:p>
</p:txBody>
</p:sp>
<p:graphicFrame>
<p:nvGraphicFramePr>
<p:cNvPr id="220" name="Table 5"/>
<p:cNvGraphicFramePr/>
<p:nvPr/>
</p:nvGraphicFramePr>
<p:xfrm>
<a:off x="309960" y="639360"/>
<a:ext cx="9111960" cy="1111320"/>
</p:xfrm>
<a:graphic>
<a:graphicData uri="http://schemas.openxmlformats.org/drawingml/2006/table">
<a:tbl>
<a:tblPr/>
<a:tblGrid>
<a:gridCol w="9111960"/>
</a:tblGrid>
<a:tr h="370800">
<a:tc>
<a:txBody>
<a:bodyPr/>
<a:lstStyle/>
<a:p>
<a:pPr>
<a:lnSpc>
<a:spcPct val="100000"/>
</a:lnSpc>
</a:pPr>
<a:r>
<a:rPr lang="en-ZA" sz="1000" b="1" strike="noStrike" spc="-1" dirty="0">
<a:solidFill>
<a:srgbClr val="000000"/>
</a:solidFill>
<a:uFill>
<a:solidFill>
<a:srgbClr val="FFFFFF"/>
</a:solidFill>
</a:uFill>
<a:latin typeface="Expert Sans Regular"/>
</a:rPr>
<a:t>{$FUNCTION_UPDATE_1}</a:t>
</a:r>
<a:endParaRPr lang="en-ZA" sz="1800" strike="noStrike" spc="-1" dirty="0">
<a:solidFill>
<a:srgbClr val="000000"/>
</a:solidFill>
<a:uFill>
<a:solidFill>
<a:srgbClr val="FFFFFF"/>
</a:solidFill>
</a:uFill>
<a:latin typeface="Arial"/>
</a:endParaRPr>
</a:p>
</a:txBody>
<a:tcPr>
<a:lnL w="12240">
<a:solidFill>
<a:srgbClr val="000000"/>
</a:solidFill>
</a:lnL>
<a:lnR w="12240">
<a:solidFill>
<a:srgbClr val="000000"/>
</a:solidFill>
</a:lnR>
<a:lnT w="12240">
<a:solidFill>
<a:srgbClr val="000000"/>
</a:solidFill>
</a:lnT>
<a:lnB w="12240">
<a:solidFill>
<a:srgbClr val="000000"/>
</a:solidFill>
</a:lnB>
<a:noFill/>
</a:tcPr>
</a:tc>
</a:tr>
<a:tr h="370800">
<a:tc>
<a:txBody>
<a:bodyPr/>
<a:lstStyle/>
<a:p>
<a:pPr>
<a:lnSpc>
<a:spcPct val="100000"/>
</a:lnSpc>
</a:pPr>
<a:r>
<a:rPr lang="en-ZA" sz="1000" b="1" strike="noStrike" spc="-1">
<a:solidFill>
<a:srgbClr val="000000"/>
</a:solidFill>
<a:uFill>
<a:solidFill>
<a:srgbClr val="FFFFFF"/>
</a:solidFill>
</a:uFill>
<a:latin typeface="Expert Sans Regular"/>
</a:rPr>
<a:t>{$FUNCTION_UPDATE_2}</a:t>
</a:r>
<a:endParaRPr lang="en-ZA" sz="1800" strike="noStrike" spc="-1">
<a:solidFill>
<a:srgbClr val="000000"/>
</a:solidFill>
<a:uFill>
<a:solidFill>
<a:srgbClr val="FFFFFF"/>
</a:solidFill>
</a:uFill>
<a:latin typeface="Arial"/>
</a:endParaRPr>
</a:p>
</a:txBody>
<a:tcPr>
<a:lnL w="12240">
<a:solidFill>
<a:srgbClr val="000000"/>
</a:solidFill>
</a:lnL>
<a:lnR w="12240">
<a:solidFill>
<a:srgbClr val="000000"/>
</a:solidFill>
</a:lnR>
<a:lnT w="12240">
<a:solidFill>
<a:srgbClr val="000000"/>
</a:solidFill>
</a:lnT>
<a:lnB w="12240">
<a:solidFill>
<a:srgbClr val="000000"/>
</a:solidFill>
</a:lnB>
<a:noFill/>
</a:tcPr>
</a:tc>
</a:tr>
<a:tr h="369720">
<a:tc>
<a:txBody>
<a:bodyPr/>
<a:lstStyle/>
<a:p>
<a:pPr>
<a:lnSpc>
<a:spcPct val="100000"/>
</a:lnSpc>
</a:pPr>
<a:r>
<a:rPr lang="en-ZA" sz="1000" b="1" strike="noStrike" spc="-1" smtClean="0">
<a:solidFill>
<a:srgbClr val="000000"/>
</a:solidFill>
<a:uFill>
<a:solidFill>
<a:srgbClr val="FFFFFF"/>
</a:solidFill>
</a:uFill>
<a:latin typeface="Expert Sans Regular"/>
</a:rPr>
<a:t>{FUNCTION_UPDATE_3}</a:t>
</a:r>
<a:endParaRPr lang="en-ZA" sz="1800" strike="noStrike" spc="-1" dirty="0">
<a:solidFill>
<a:srgbClr val="000000"/>
</a:solidFill>
<a:uFill>
<a:solidFill>
<a:srgbClr val="FFFFFF"/>
</a:solidFill>
</a:uFill>
<a:latin typeface="Arial"/>
</a:endParaRPr>
</a:p>
</a:txBody>
<a:tcPr>
<a:lnL w="12240">
<a:solidFill>
<a:srgbClr val="000000"/>
</a:solidFill>
</a:lnL>
<a:lnR w="12240">
<a:solidFill>
<a:srgbClr val="000000"/>
</a:solidFill>
</a:lnR>
<a:lnT w="12240">
<a:solidFill>
<a:srgbClr val="000000"/>
</a:solidFill>
</a:lnT>
<a:lnB w="12240">
<a:solidFill>
<a:srgbClr val="000000"/>
</a:solidFill>
</a:lnB>
<a:noFill/>
</a:tcPr>
</a:tc>
</a:tr>
</a:tbl>
</a:graphicData>
</a:graphic>
</p:graphicFrame>
<p:graphicFrame>
<p:nvGraphicFramePr>
<p:cNvPr id="222" name="Table 7"/>
<p:cNvGraphicFramePr/>
<p:nvPr/>
</p:nvGraphicFramePr>
<p:xfrm>
<a:off x="228600" y="3276600"/>
<a:ext cx="9256680" cy="774120"/>
</p:xfrm>
<a:graphic>
<a:graphicData uri="http://schemas.openxmlformats.org/drawingml/2006/table">
<a:tbl>
<a:tblPr/>
<a:tblGrid>
<a:gridCol w="1471680"/>
<a:gridCol w="2057040"/>
<a:gridCol w="1416240"/>
<a:gridCol w="1791000"/>
<a:gridCol w="2520720"/>
</a:tblGrid>
<a:tr h="254774">
<a:tc>
<a:txBody>
<a:bodyPr/>
<a:lstStyle/>
<a:p>
<a:r>
<a:rPr lang="en-ZA" sz="1000" b="1" strike="noStrike" spc="-1" dirty="0">
<a:solidFill>
<a:srgbClr val="000000"/>
</a:solidFill>
<a:uFill>
<a:solidFill>
<a:srgbClr val="FFFFFF"/>
</a:solidFill>
</a:uFill>
<a:latin typeface="Expert Sans Regular"/>
</a:rPr>
<a:t>Project name</a:t>
</a:r>
</a:p>
</a:txBody>
<a:tcPr marL="90000" marR="90000">
<a:lnL w="720">
<a:solidFill>
<a:srgbClr val="FFFFFF"/>
</a:solidFill>
</a:lnL>
<a:lnR w="720">
<a:solidFill>
<a:srgbClr val="FFFFFF"/>
</a:solidFill>
</a:lnR>
<a:lnT w="720">
<a:solidFill>
<a:srgbClr val="FFFFFF"/>
</a:solidFill>
</a:lnT>
<a:lnB w="720">
<a:solidFill>
<a:srgbClr val="FFFFFF"/>
</a:solidFill>
</a:lnB>
<a:solidFill>
<a:srgbClr val="00B0F0"/>
</a:solidFill>
</a:tcPr>
</a:tc>
<a:tc>
<a:txBody>
<a:bodyPr/>
<a:lstStyle/>
<a:p>
<a:r>
<a:rPr lang="en-ZA" sz="1000" b="1" strike="noStrike" spc="-1" dirty="0">
<a:solidFill>
<a:srgbClr val="000000"/>
</a:solidFill>
<a:uFill>
<a:solidFill>
<a:srgbClr val="FFFFFF"/>
</a:solidFill>
</a:uFill>
<a:latin typeface="Expert Sans Regular"/>
</a:rPr>
<a:t>Progress of project</a:t>
</a:r>
</a:p>
</a:txBody>
<a:tcPr marL="90000" marR="90000">
<a:lnL w="720">
<a:solidFill>
<a:srgbClr val="FFFFFF"/>
</a:solidFill>
</a:lnL>
<a:lnR w="720">
<a:solidFill>
<a:srgbClr val="FFFFFF"/>
</a:solidFill>
</a:lnR>
<a:lnT w="720">
<a:solidFill>
<a:srgbClr val="FFFFFF"/>
</a:solidFill>
</a:lnT>
<a:lnB w="720">
<a:solidFill>
<a:srgbClr val="FFFFFF"/>
</a:solidFill>
</a:lnB>
<a:solidFill>
<a:srgbClr val="00B0F0"/>
</a:solidFill>
</a:tcPr>
</a:tc>
<a:tc>
<a:txBody>
<a:bodyPr/>
<a:lstStyle/>
<a:p>
<a:r>
<a:rPr lang="en-ZA" sz="1000" b="1" strike="noStrike" spc="-1" dirty="0">
<a:solidFill>
<a:srgbClr val="000000"/>
</a:solidFill>
<a:uFill>
<a:solidFill>
<a:srgbClr val="FFFFFF"/>
</a:solidFill>
</a:uFill>
<a:latin typeface="Expert Sans Regular"/>
</a:rPr>
<a:t>Actions</a:t>
</a:r>
</a:p>
</a:txBody>
<a:tcPr marL="90000" marR="90000">
<a:lnL w="720">
<a:solidFill>
<a:srgbClr val="FFFFFF"/>
</a:solidFill>
</a:lnL>
<a:lnR w="720">
<a:solidFill>
<a:srgbClr val="FFFFFF"/>
</a:solidFill>
</a:lnR>
<a:lnT w="720">
<a:solidFill>
<a:srgbClr val="FFFFFF"/>
</a:solidFill>
</a:lnT>
<a:lnB w="720">
<a:solidFill>
<a:srgbClr val="FFFFFF"/>
</a:solidFill>
</a:lnB>
<a:solidFill>
<a:srgbClr val="00B0F0"/>
</a:solidFill>
</a:tcPr>
</a:tc>
<a:tc>
<a:txBody>
<a:bodyPr/>
<a:lstStyle/>
<a:p>
<a:r>
<a:rPr lang="en-ZA" sz="1000" b="1" strike="noStrike" spc="-1" dirty="0">
<a:solidFill>
<a:srgbClr val="000000"/>
</a:solidFill>
<a:uFill>
<a:solidFill>
<a:srgbClr val="FFFFFF"/>
</a:solidFill>
</a:uFill>
<a:latin typeface="Expert Sans Regular"/>
</a:rPr>
<a:t>Outcomes</a:t>
</a:r>
</a:p>
</a:txBody>
<a:tcPr marL="90000" marR="90000">
<a:lnL w="720">
<a:solidFill>
<a:srgbClr val="FFFFFF"/>
</a:solidFill>
</a:lnL>
<a:lnR w="720">
<a:solidFill>
<a:srgbClr val="FFFFFF"/>
</a:solidFill>
</a:lnR>
<a:lnT w="720">
<a:solidFill>
<a:srgbClr val="FFFFFF"/>
</a:solidFill>
</a:lnT>
<a:lnB w="720">
<a:solidFill>
<a:srgbClr val="FFFFFF"/>
</a:solidFill>
</a:lnB>
<a:solidFill>
<a:srgbClr val="00B0F0"/>
</a:solidFill>
</a:tcPr>
</a:tc>
<a:tc>
<a:txBody>
<a:bodyPr/>
<a:lstStyle/>
<a:p>
<a:r>
<a:rPr lang="en-ZA" sz="1000" b="1" strike="noStrike" spc="-1" dirty="0">
<a:solidFill>
<a:srgbClr val="000000"/>
</a:solidFill>
<a:uFill>
<a:solidFill>
<a:srgbClr val="FFFFFF"/>
</a:solidFill>
</a:uFill>
<a:latin typeface="Expert Sans Regular"/>
</a:rPr>
<a:t>Any issues to be noted</a:t>
</a:r>
</a:p>
</a:txBody>
<a:tcPr marL="90000" marR="90000">
<a:lnL w="720">
<a:solidFill>
<a:srgbClr val="FFFFFF"/>
</a:solidFill>
</a:lnL>
<a:lnR w="720">
<a:solidFill>
<a:srgbClr val="FFFFFF"/>
</a:solidFill>
</a:lnR>
<a:lnT w="720">
<a:solidFill>
<a:srgbClr val="FFFFFF"/>
</a:solidFill>
</a:lnT>
<a:lnB w="720">
<a:solidFill>
<a:srgbClr val="FFFFFF"/>
</a:solidFill>
</a:lnB>
<a:solidFill>
<a:srgbClr val="00B0F0"/>
</a:solidFill>
</a:tcPr>
</a:tc>
</a:tr>
<a:tr h="519346">
<a:tc>
<a:txBody>
<a:bodyPr/>
<a:lstStyle/>
<a:p>
<a:r>
<a:rPr lang="en-ZA" sz="1000" b="1" strike="noStrike" spc="-1" dirty="0" smtClean="0">
<a:solidFill>
<a:srgbClr val="000000"/>
</a:solidFill>
<a:uFill>
<a:solidFill>
<a:srgbClr val="FFFFFF"/>
</a:solidFill>
</a:uFill>
<a:latin typeface="Expert Sans Regular"/>
</a:rPr>
<a:t>COMP_PROJECT_NAME_1</a:t>
</a:r>
<a:endParaRPr lang="en-ZA" sz="1000" b="1" strike="noStrike" spc="-1" dirty="0">
<a:solidFill>
<a:srgbClr val="000000"/>
</a:solidFill>
<a:uFill>
<a:solidFill>
<a:srgbClr val="FFFFFF"/>
</a:solidFill>
</a:uFill>
<a:latin typeface="Expert Sans Regular"/>
</a:endParaRPr>
</a:p>
</a:txBody>
<a:tcPr marL="90000" marR="90000">
<a:lnL w="720">
<a:solidFill>
<a:srgbClr val="FFFFFF"/>
</a:solidFill>
</a:lnL>
<a:lnR w="720">
<a:solidFill>
<a:srgbClr val="FFFFFF"/>
</a:solidFill>
</a:lnR>
<a:lnT w="720">
<a:solidFill>
<a:srgbClr val="FFFFFF"/>
</a:solidFill>
</a:lnT>
<a:lnB w="720">
<a:solidFill>
<a:srgbClr val="FFFFFF"/>
</a:solidFill>
</a:lnB>
<a:solidFill>
<a:srgbClr val="CCCCCC"/>
</a:solidFill>
</a:tcPr>
</a:tc>
<a:tc>
<a:txBody>
<a:bodyPr/>
<a:lstStyle/>
<a:p>
<a:r>
<a:rPr lang="en-ZA" sz="1000" b="1" strike="noStrike" spc="-1" dirty="0" smtClean="0">
<a:solidFill>
<a:srgbClr val="000000"/>
</a:solidFill>
<a:uFill>
<a:solidFill>
<a:srgbClr val="FFFFFF"/>
</a:solidFill>
</a:uFill>
<a:latin typeface="Expert Sans Regular"/>
</a:rPr>
<a:t>COMP_PROGRESS_PROJECT_1</a:t>
</a:r>
<a:endParaRPr lang="en-ZA" sz="1000" b="1" strike="noStrike" spc="-1" dirty="0">
<a:solidFill>
<a:srgbClr val="000000"/>
</a:solidFill>
<a:uFill>
<a:solidFill>
<a:srgbClr val="FFFFFF"/>
</a:solidFill>
</a:uFill>
<a:latin typeface="Expert Sans Regular"/>
</a:endParaRPr>
</a:p>
</a:txBody>
<a:tcPr marL="90000" marR="90000">
<a:lnL w="720">
<a:solidFill>
<a:srgbClr val="FFFFFF"/>
</a:solidFill>
</a:lnL>
<a:lnR w="720">
<a:solidFill>
<a:srgbClr val="FFFFFF"/>
</a:solidFill>
</a:lnR>
<a:lnT w="720">
<a:solidFill>
<a:srgbClr val="FFFFFF"/>
</a:solidFill>
</a:lnT>
<a:lnB w="720">
<a:solidFill>
<a:srgbClr val="FFFFFF"/>
</a:solidFill>
</a:lnB>
<a:solidFill>
<a:srgbClr val="CCCCCC"/>
</a:solidFill>
</a:tcPr>
</a:tc>
<a:tc>
<a:txBody>
<a:bodyPr/>
<a:lstStyle/>
<a:p>
<a:r>
<a:rPr lang="en-ZA" sz="1000" b="1" strike="noStrike" spc="-1" dirty="0" smtClean="0">
<a:solidFill>
<a:srgbClr val="000000"/>
</a:solidFill>
<a:uFill>
<a:solidFill>
<a:srgbClr val="FFFFFF"/>
</a:solidFill>
</a:uFill>
<a:latin typeface="Expert Sans Regular"/>
</a:rPr>
<a:t>COMP_PROJ_ACTIONS_1</a:t>
</a:r>
<a:endParaRPr lang="en-ZA" sz="1000" b="1" strike="noStrike" spc="-1" dirty="0">
<a:solidFill>
<a:srgbClr val="000000"/>
</a:solidFill>
<a:uFill>
<a:solidFill>
<a:srgbClr val="FFFFFF"/>
</a:solidFill>
</a:uFill>
<a:latin typeface="Expert Sans Regular"/>
</a:endParaRPr>
</a:p>
</a:txBody>
<a:tcPr marL="90000" marR="90000">
<a:lnL w="720">
<a:solidFill>
<a:srgbClr val="FFFFFF"/>
</a:solidFill>
</a:lnL>
<a:lnR w="720">
<a:solidFill>
<a:srgbClr val="FFFFFF"/>
</a:solidFill>
</a:lnR>
<a:lnT w="720">
<a:solidFill>
<a:srgbClr val="FFFFFF"/>
</a:solidFill>
</a:lnT>
<a:lnB w="720">
<a:solidFill>
<a:srgbClr val="FFFFFF"/>
</a:solidFill>
</a:lnB>
<a:solidFill>
<a:srgbClr val="CCCCCC"/>
</a:solidFill>
</a:tcPr>
</a:tc>
<a:tc>
<a:txBody>
<a:bodyPr/>
<a:lstStyle/>
<a:p>
<a:r>
<a:rPr lang="en-ZA" sz="1000" b="1" strike="noStrike" spc="-1" dirty="0" smtClean="0">
<a:solidFill>
<a:srgbClr val="000000"/>
</a:solidFill>
<a:uFill>
<a:solidFill>
<a:srgbClr val="FFFFFF"/>
</a:solidFill>
</a:uFill>
<a:latin typeface="Expert Sans Regular"/>
</a:rPr>
<a:t>COMP_PROJ_OUTCOMES_1</a:t>
</a:r>
<a:endParaRPr lang="en-ZA" sz="1000" b="1" strike="noStrike" spc="-1" dirty="0">
<a:solidFill>
<a:srgbClr val="000000"/>
</a:solidFill>
<a:uFill>
<a:solidFill>
<a:srgbClr val="FFFFFF"/>
</a:solidFill>
</a:uFill>
<a:latin typeface="Expert Sans Regular"/>
</a:endParaRPr>
</a:p>
</a:txBody>
<a:tcPr marL="90000" marR="90000">
<a:lnL w="720">
<a:solidFill>
<a:srgbClr val="FFFFFF"/>
</a:solidFill>
</a:lnL>
<a:lnR w="720">
<a:solidFill>
<a:srgbClr val="FFFFFF"/>
</a:solidFill>
</a:lnR>
<a:lnT w="720">
<a:solidFill>
<a:srgbClr val="FFFFFF"/>
</a:solidFill>
</a:lnT>
<a:lnB w="720">
<a:solidFill>
<a:srgbClr val="FFFFFF"/>
</a:solidFill>
</a:lnB>
<a:solidFill>
<a:srgbClr val="CCCCCC"/>
</a:solidFill>
</a:tcPr>
</a:tc>
<a:tc>
<a:txBody>
<a:bodyPr/>
<a:lstStyle/>
<a:p>
<a:r>
<a:rPr lang="en-ZA" sz="1000" b="1" strike="noStrike" spc="-1" dirty="0" smtClean="0">
<a:solidFill>
<a:srgbClr val="000000"/>
</a:solidFill>
<a:uFill>
<a:solidFill>
<a:srgbClr val="FFFFFF"/>
</a:solidFill>
</a:uFill>
<a:latin typeface="Expert Sans Regular"/>
</a:rPr>
<a:t>COMP_PROJ_ISSUES_1</a:t>
</a:r>
<a:endParaRPr lang="en-ZA" sz="1000" b="1" strike="noStrike" spc="-1" dirty="0">
<a:solidFill>
<a:srgbClr val="000000"/>
</a:solidFill>
<a:uFill>
<a:solidFill>
<a:srgbClr val="FFFFFF"/>
</a:solidFill>
</a:uFill>
<a:latin typeface="Expert Sans Regular"/>
</a:endParaRPr>
</a:p>
</a:txBody>
<a:tcPr marL="90000" marR="90000">
<a:lnL w="720">
<a:solidFill>
<a:srgbClr val="FFFFFF"/>
</a:solidFill>
</a:lnL>
<a:lnR w="720">
<a:solidFill>
<a:srgbClr val="FFFFFF"/>
</a:solidFill>
</a:lnR>
<a:lnT w="720">
<a:solidFill>
<a:srgbClr val="FFFFFF"/>
</a:solidFill>
</a:lnT>
<a:lnB w="720">
<a:solidFill>
<a:srgbClr val="FFFFFF"/>
</a:solidFill>
</a:lnB>
<a:solidFill>
<a:srgbClr val="CCCCCC"/>
</a:solidFill>
</a:tcPr>
</a:tc>
</a:tr>
</a:tbl>
</a:graphicData>
</a:graphic>
</p:graphicFrame>
</p:spTree>
</p:cSld>
<p:clrMapOvr>
<a:masterClrMapping/>
</p:clrMapOvr>
<p:timing>
<p:tnLst>
<p:par>
<p:cTn id="1" dur="indefinite" restart="never" nodeType="tmRoot">
<p:childTnLst>
<p:seq>
<p:cTn id="2" nodeType="mainSeq"/>
<p:prevCondLst>
<p:cond evt="onPrev" delay="0">
<p:tgtEl>
<p:sldTgt/>
</p:tgtEl>
</p:cond>
</p:prevCondLst>
<p:nextCondLst>
<p:cond evt="onNext" delay="0">
<p:tgtEl>
<p:sldTgt/>
</p:tgtEl>
</p:cond>
</p:nextCondLst>
</p:seq>
</p:childTnLst>
</p:cTn>
</p:par>
</p:tnLst>
</p:timing>
</p:sld>
