<?xml version="1.0" encoding="UTF-8" standalone="yes"?>
<params>

<!--SLIDE 1-->
<param>
	<name>{$REPORT_NAME}</name>
	<value>Nqobiles Demo's Cool Report</value>
</param>

<param>
	<name>{$REPORT_DATE}</name>
	<value>03/10/2016</value>
</param>

<param>
	<name>{$REPORT_TYPE}</name>
	<value>Blah</value>
</param>

<param>
	<name>{$GENERATOR_NAME}</name>
	<value>The cool generator guy</value>
</param>

<!--SLIDE 2-->

<param>
	<name>{$REPORT_AREA}</name>
	<value>Area Report</value>
</param>
<param>
	<name>{$EXECUTIVE_SUMMARY_1}</name>
	<value>Executive Summary 1</value>
</param>

<param>
	<name>{$EXECUTIVE_SUMMARY_2}</name>
	<value>Executive Summary 2</value>
</param>
<!--SLIDE 3-->

<param>
	<name>{$SIGNIFICANT_ISSUES_1}</name>
	<value>Really Significant issues 1</value>
</param>

<param>
	<name>{$SIGNIFICANT_ISSUES_2}</name>
	<value>Really Significant issues 2</value>
</param>

<param>
	<name>{$SIGNIFICANT_ISSUES_3}</name>
	<value>Really Significant issues 3</value>
</param>

<param>
	<name>{$SIGNIFICANT_ISSUES_4}</name>
	<value>Really Significant issues 4</value>
</param>

<!--SLIDE 4-->

<param>
	<name>{$FUNCTION_UPDATE_1}</name>
	<value>Update of function 1</value>
</param>

<param>
	<name>{$FUNCTION_UPDATE_2}</name>
	<value>Update of function 2</value>
</param>

<param>
	<name>{$FUNCTION_UPDATE_3}</name>
	<value>Update of function 2</value>
</param>
<!--Compliance Project Update-->
<param>
	<name>{$COMP_PROJECT_NAME_1}</name>
	<value>Comp Proj name 1</value>
</param>

<param>
	<name>{$COMP_PROJECT_PROGRESS_1}</name>
	<value>Comp Proj Progress 1</value>
</param>

<param>
	<name>{$COMP_PROJ_ACTIONS_1}</name>
	<value>com Proj Actions 1</value>
</param>

<param>
	<name>{$COMP_PROJ_OUTCOMES_1}</name>
	<value>com Proj Outcomes 1</value>
</param>

<param>
	<name>{$COMP_PROJ_ISSUES_1}</name>
	<value>com Proj Issues 1</value>
</param>
<!--SLIDE 5-->

<param>
	<name>{$INTERNAL_BUSINESS_AREA_1}</name>
	<value>The internal business area phase 1</value>
</param>
<param>
	<name>{$INTERNAL_AUDIT_TITLE_1}</name>
	<value>The internal audit title</value>
</param>
<param>
	<name>{$INTERNAL_ISSUE_TITLE_SUMMARY_1}</name>
	<value>The internal issue title summary 1</value>
</param>
<param>
	<name>{$INTERNAL_RESPONSIBLE_OWNER_1}</name>
	<value>Owner 1</value>
</param>
<param>
	<name>{$INTERNAL_DUE_DATE_1}</name>
	<value>The internal due date 1</value>
</param>
<param>
	<name>{$INTERNAL_STATUS_UPDATE_1}</name>
	<value>The internal status update 1</value>
</param>

<!--Regulatory Engagement Log-->

<param>
	<name>{$REGULATORY_DATE_OF_ENGAGEMENT_1}</name>
	<value>The date of engagement 1</value>
</param>
<param>
	<name>{$REGULATORY_REGULATOR_1}</name>
	<value>The Regulator 1</value>
</param>
<param>
	<name>{$REGULATORY_PERSON_INTERACTED_REGULATOR_1}</name>
	<value>The person interacted with first</value>
</param>
<param>
	<name>{$REGULATORY_ACTION_TAKEN_1}</name>
	<value>Action taken first</value>
</param>
<param>
	<name>{$REGULATORY_STATUS_UPDATE_1}</name>
	<value>Status update one</value>
</param>

<!--SLIDE 6-->

<param>
	<name>{$REGULATORY_NAME_1}</name>
	<value>regulator one</value>
</param>
<param>
	<name>{$REGULATORY_BREACH_1}</name>
	<value>regulator one</value>
</param>
<param>
	<name>{$REGULATORY_REASON_FOR_BREACH_1}</name>
	<value>breach one</value>
</param>
<param>
	<name>{$REGULATORY_ACTION_TAKEN_1}</name>
	<value>taken one</value>
</param>
<param>
	<name>{$REGULATORY_FINE_1}</name>
	<value>R1000</value>
</param>
<param>
	<name>{$BREACH_STATUS_UPDATE_1}</name>
	<value>Gold Status</value>
</param>

<!--Monitoring & Testing Findings raised against Business-->

<param>
	<name>{$MONITORING_REQUIREMENTS_1}</name>
	<value>permit one</value>
</param>
<param>
	<name>{$MONITORING_BUSINESS_1}</name>
	<value>Unit 1</value>
</param>
<param>
	<name>{$MONITORING_FINDING_RAISED_1}</name>
	<value> Findings 1</value>
</param>
<param>
	<name>{$MONITORING_DESCRIPTION_1}</name>
	<value>Description 1</value>
</param>
<param>
	<name>{$MONITORING_BAGL_1}</name>
	<value>BAGL and Group Rating 1</value>
</param>
<param>
	<name>{$MONITORING_ACTION_OWNER_1}</name>
	<value>Owner one 1</value>
</param>
<param>
	<name>{$MONITORING_ACCOUNTABLE_EXECUTIVE_1}</name>
	<value>The accountable executive one</value>
</param>
<param>
	<name>{$MONITORING_DUE_DATE_1}</name>
	<value>The first due date</value>
</param>
<param>
	<name>{$MONITORING_STATUS_UPDATE_1}</name>
	<value>The initial status</value>
</param>

<!--SLIDE 7-->

<param>
	<name>{$RISK_AREA_1}</name>
	<value>The date received at 1</value>
</param>
<param>
	<name>{$CONDUCT_MANAGEMENT_RISK_1}</name>
	<value>The date received at 2</value>
</param>
<param>
	<name>{$CONDUCT_MATERIAL_1}</name>
	<value>The full description</value>
</param>
<param>
	<name>{$CONDUCT_RISK_1}</name>
	<value>The fullest description</value>
</param>
<param>
	<name>{$CONDUCT_ISSUES_1}</name>
	<value>222</value>
</param>
<param>
	<name>{$CONDUCT_RISK_PLAN_1}</name>
	<value>1111</value>
</param>

<!--Whistleblowing Update-->

<param>
	<name>{$WHISTLE_AREA_1}</name>
	<value>The first business unit</value>
</param>
<param>
	<name>{$WHISTLE_NUMBER_OF_CASES_1}</name>
	<value>The first business unit</value>
</param>
<param>
	<name>{$WHISTLE_RECEIVED_1}</name>
	<value>Thomas</value>
</param>
<param>
	<name>{$WHISTLE_CLOSED_1}</name>
	<value>Maria</value>
</param>
<param>
	<name>{$WHISTLE_OPEN_1}</name>
	<value>The gifted first</value>
</param>
<param>
	<name>{$WHISTLE_COMMENTARY_1}</name>
	<value>The gift</value>
</param>

<!--SLIDE 8-->

<param>
	<name>{$BREACH_AREA_1}</name>
	<value>example</value>
</param>
<param>
	<name>{$BREACH_DETAIL_OF_BREACH_1}</name>
	<value>example</value>
</param>
<param>
	<name>{$BREACH_SEVERITY_1}</name>
	<value>example</value>
</param>
<param>
	<name>{$BREACH_ESCALATION_1}</name>
	<value>example</value>
</param>
<param>
	<name>{$BREACH_RISK_IMPACT_1}</name>
	<value>example</value>
</param>

<!--People Update-->

<param>
	<name>{$PEOPLE_AREA_1}</name>
	<value>example</value>
</param>
<param>
	<name>{$PEOPLE_CAPACITY_1}</name>
	<value>example</value>
</param>
<param>
	<name>{$PEOPLE_VACANSIES_1}</name>
	<value>example</value>
</param>
<param>
	<name>{$PEOPLE_HEADCOUNT_1}</name>
	<value>example</value>
</param>
<param>
	<name>{$PEOPLE_DIVERSITY_1}</name>
	<value>example</value>
</param>
<param>
	<name>{$PEOPLE_VACANCY_RATIO_1}</name>
	<value>example</value>
</param>
<param>
	<name>{$PEOPLE_STAFF_ATRRITION_1}</name>
	<value>example</value>
</param>
<param>
	<name>{$PEOPLE_SKILLS_1}</name>
	<value>example</value>
</param>
<param>
	<name>{$PEOPLE_TRAINING_1}</name>
	<value>example</value>
</param>

<!--Slide 9-->

<param>
	<name>{$GIFTS_DATE_RECEIVED_1}</name>
	<value>example</value>
</param>
<param>
	<name>{$GIFTS_DESCRIPTION_1}</name>
	<value>example</value>
</param>
<param>
	<name>{$GIFTS_RECEIVED_FROM_1}</name>
	<value>example</value>
</param>
<param>
	<name>{$GIFTS_BUSINESS_UNIT_1}</name>
	<value>example</value>
</param>
<param>
	<name>{$GIFTS_LINE_MANAGER_1}</name>
	<value>example</value>
</param>
<param>
	<name>{$GIFTS_COMPLIANCE_APPROVED_1}</name>
	<value>example</value>
</param>
<param>
	<name>{$GIFTS_COMPLIANCE_APPROVAL_1}</name>
	<value>example</value>
</param>
<param>
	<name>{$GIFTS_BREACH_RAISED_1}</name>
	<value>example</value>
</param>
<param>
	<name>{$GIFTS_REASON_FOR_BREACH_1}</name>
	<value>example</value>
</param>
<param>
	<name>{$GIFTS_REMEDIAL_ACTIONS_1}</name>
	<value>example</value>
</param>
<param>
	<name>{$GIFTS_REMEDIAL_DATE_1}</name>
	<value>example</value>
</param>

<!--Slide 10-->

<param>
	<name>{$REGULATION_1}</name>
	<value>example</value>
</param>
<param>
	<name>{$REGULATION_DESC_1}</name>
	<value>example</value>
</param>
<param>
	<name>{$REGULATION_UPDATE_1}</name>
	<value>example</value>
</param>

<!--Slide 11-->

<param>
	<name>{$}</name>
	<value>example</value>
</param>
<param>
	<name>{$}</name>
	<value>example</value>
</param>
<param>
	<name>{$}</name>
	<value>example</value>
</param>
<param>
	<name>{$}</name>
	<value>example</value>
</param>
<param>
	<name>{$}</name>
	<value>example</value>
</param>
<param>
	<name>{$}</name>
	<value>example</value>
</param>
<param>
	<name>{$}</name>
	<value>example</value>
</param>
<param>
	<name>{$}</name>
	<value>example</value>
</param>
<param>
	<name>{$}</name>
	<value>example</value>
</param>
<param>
	<name>{$}</name>
	<value>example</value>
</param>
<param>
	<name>{$}</name>
	<value>example</value>
</param>

</params>