{
  "params": [
      {
        "name": "{$REPORT_NAME}",
        "value": "Sello's Cool Report"
      },
      {
        "name": "{$REPORT_DATE}",
        "value": "12/12/2016"
      },
      {
        "name": "{$REPORT_TYPE}",
        "value": "Weekly"
      },
      {
        "name": "{$GENERATOR_NAME}",
        "value": "The generator guy"
      },
      {
        "name": "{$SLIDE_ID2}",
        "value": "{9ACB7CF7-11E9-4D17-8569-45D14A88730A}"
      },
      {
        "name": "{$REPORT_AREA}",
        "value": "Area Report"
      },
      {
        "name": "{$RAG}",
        "value": "The RAG"
      },
      {
        "name": "{$EXECUTIVE_SUMMARY_1}",
        "value": "Executive Summary 1"
      },
      {
        "name": "{$EXECUTIVE_SUMMARY_2}",
        "value": "Executive Summary 2"
      },
      {
        "name": "{$EXECUTIVE_SUMMARY_3}",
        "value": "Executive Summary 3"
      },
      {
        "name": "{$SIGNIFICANT_ISSUES_1}",
        "value": "Really Significant issues 1"
      },
      {
        "name": "{$SIGNIFICANT_ISSUES_2}",
        "value": "Really Significant issues 2"
      },
      {
        "name": "{$SIGNIFICANT_ISSUES_3}",
        "value": "Really Significant issues 3"
      },
      {
        "name": "{$SIGNIFICANT_ISSUES_4}",
        "value": "Really Significant issues 3"
      },
      {
        "name": "{$FUNCTION_UPDATE_1}",
        "value": "Update of function 1"
      },
      {
        "name": "{$FUNCTION_UPDATE_2}",
        "value": "Update of function 2"
      },
      {
        "name": "{$FUNCTION_UPDATE_3}",
        "value": "Update of function 2"
      },
      {
        "name": "{$COMPLIANCE_PROJECT_UPDATE_1}",
        "value": "The Compliance update 1"
      },
      {
        "name": "{$COMPLIANCE_PROJECT_UPDATE_2}",
        "value": "The Compliance update 2"
      },
      {
        "name": "{$COMPLIANCE_PROJECT_UPDATE_3}",
        "value": "The Compliance update 3"
      },
      {
        "name": "{$INTERNAL_BUSINESS_AREA_1}",
        "value": "The internal business area phase 1"
      },
      {
        "name": "{$INTERNAL_AUDIT_TITLE_1}",
        "value": "The internal audit title"
      },
      {
        "name": "{$INTERNAL_ISSUE_TITLE_SUMMARY_1}",
        "value": "The internal issue title summary 1"
      },
      {
        "name": "{$INTERNAL_RESPONSIBLE_OWNER_1}",
        "value": "Owner 1"
      },
      {
        "name": "{$INTERNAL_DUE_DATE_1}",
        "value": "The internal due date 1"
      },
      {
        "name": "{$INTERNAL_STATUS_UPDATE_1}",
        "value": "The internal status update 1"
      },
      {
        "name": "{$INTERNAL_BUSINESS_AREA_2}",
        "value": "The internal business area phase 2"
      },
      {
        "name": "{$INTERNAL_AUDIT_TITLE_2}",
        "value": "The internal audit title 2"
      },
      {
        "name": "{$INTERNAL_ISSUE_TITLE_SUMMARY_2}",
        "value": "The internal issue title summary 2"
      },
      {
        "name": "{$INTERNAL_RESPONSIBLE_OWNER_2}",
        "value": "Owner 2"
      },
      {
        "name": "{$INTERNAL_DUE_DATE_2}",
        "value": "The internal due date 2"
      },
      {
        "name": "{$INTERNAL_STATUS_UPDATE_2}",
        "value": "The internal status update 2"
      },
      {
        "name": "{$REGULATORY_DATE_OF_ENGAGEMENT_1}",
        "value": "The date of engagement 1"
      },
      {
        "name": "{$REGULATORY_REGULATOR_1}",
        "value": "The Regulator 1"
      },
      {
        "name": "{$REGULATORY_PERSON_INTERACTED_REGULATOR_1}",
        "value": "The person interacted with first"
      },
      {
        "name": "{$REGULATORY_ACTION_TAKEN_1}",
        "value": "Action taken first"
      },
      {
        "name": "{$REGULATORY_STATUS_UPDATE_1}",
        "value": "Status update one"
      },
      {
        "name": "{$REGULATORY_BREACHES_NAME_OF_REGULATOR_1}",
        "value": "regulator one"
      },
      {
        "name": "{$REGULATORY_BREACHES_NAME_OF_REGULATOR_2}",
        "value": "regulator two"
      },
      {
        "name": "{$REGULATORY_BREACH/FINE_1}",
        "value": "fine one"
      },
      {
        "name": "{$REGULATORY_BREACH/FINE_2}",
        "value": "fine two"
      },
      {
        "name": "{$REGULATORY_REASON_FOR_BREACH/FINE_1}",
        "value": "breach one"
      },
      {
        "name": "{$REGULATORY_REASON_FOR_BREACH/FINE_2}",
        "value": "Reason for the breach two"
      },
      {
        "name": "{$REGULATORY_ACTIONS_TAKEN_1}",
        "value": "taken one"
      },
      {
        "name": "{$REGULATORY_ACTIONS_TAKEN_2}",
        "value": "taken two"
      },
      {
        "name": "{$REGULATORY_AMOUNT_OF_FINE_1}",
        "value": "R40 000"
      },
      {
        "name": "{$REGULATORY_AMOUNT_OF_FINE_2}",
        "value": "R1000"
      },
      {
        "name": "{$REGULATORY_STATUS_UPDATE_1}",
        "value": "Gold Status"
      },
      {
        "name": "{$REGULATORY_STATUS_UPDATE_2}",
        "value": "Premium Status"
      },
      {
        "name": "{$MONITORING_REGULATORY_REQUIREMENTS_1}",
        "value": "permit one"
      },
      {
        "name": "{$MONITORING_REGULATORY_REQUIREMENTS_2}",
        "value": " permit two"
      },
      {
        "name": "{$MONITORING_BUSINESS_UNIT_1}",
        "value": "Unit 1"
      },
      {
        "name": "{$MONITORING_BUSINESS_UNIT_2}",
        "value": " Unit 2"
      },
      {
        "name": "{$MONITORING_FINDING_RAISED_1}",
        "value": " Findings 1"
      },
      {
        "name": "{$MONITORING_FINDING_RAISED_2}",
        "value": " Findings 2"
      },
      {
        "name": "{$MONITORING_DESCRIPTION_1}",
        "value": "Description 1"
      },
      {
        "name": "{$MONITORING_DESCRIPTION_2}",
        "value": "Description 2"
      },
      {
        "name": "{$MONITORING_BAGL_GROUP_RATING_1}",
        "value": "BAGL and Group Rating 1"
      },
      {
        "name": "{$MONITORING_BAGL_GROUP_RATING_2}",
        "value": "BAGL Group Rating 1"
      },
      {
        "name": "{$MONITORING_ACTON_OWNER_1}",
        "value": "Owner one 1"
      },
      {
        "name": "{$MONITORING_ACTON_OWNER_2}",
        "value": "Owner 2"
      },
      {
        "name": "{$MONITORING_ACCOUNTABLE_EXECUTIVE_1}",
        "value": "The accountable executive one"
      },
      {
        "name": "{$MONITORING_ACCOUNTABLE_EXECUTIVE_2}",
        "value": "The accountable executive two"
      },
      {
        "name": "{$MONITORING_DUE_DATE_1}",
        "value": "The first due date"
      },
      {
        "name": "{$MONITORING_DUE_DATE_2}",
        "value": "The secondary due date"
      },
      {
        "name": "{$MONITORING_STATUS_1}",
        "value": "The initial status"
      },
      {
        "name": "{$MONITORING_STATUS_2}",
        "value": "The second status"
      },
      {
        "name": "{$GIFT_DATE_RECEIVED_1}",
        "value": "The date received at 1"
      },
      {
        "name": "{$GIFT_DATE_RECEIVED_2}",
        "value": "The date received at 2"
      },
      {
        "name": "{$GIFT_DESCRIPTION_1}",
        "value": "The full description"
      },
      {
        "name": "{$GIFT_DESCRIPTION_2}",
        "value": "The fullest description"
      },
      {
        "name": "{$GIFT_RECEIVED_FROM_1}",
        "value": "222"
      },
      {
        "name": "{$GIFT_RECEIVED_FROM_2}",
        "value": "1111"
      },
      {
        "name": "{$GIFT_BUSINESS_UNIT_1}",
        "value": "The first business unit"
      },
      {
        "name": "{$GIFT_BUSINESS_UNIT_2}",
        "value": "The first business unit"
      },
      {
        "name": "{$GIFT_LINE_MANAGER_1}",
        "value": "Thomas"
      },
      {
        "name": "{$GIFT_LINE_MANAGER_2}",
        "value": "Maria"
      },
      {
        "name": "{$GIFT_COMPLIANCE_APPROVED_1}",
        "value": "The gifted first"
      },
      {
        "name": "{$GIFT_COMPLIANCE_APPROVED_2}",
        "value": "The gift"
      },
      {
        "name": "{$GIFT_COMPLIANCE APPROVAL_1}",
        "value": "Not Approved"
      },
      {
        "name": "{$GIFT_COMPLIANCE APPROVAL_2}",
        "value": "Approved"
      },
      {
        "name": "{$GIFT_BREACH_RAISED_1}",
        "value": "Yes"
      },
      {
        "name": "{$GIFT_BREACH_RAISED_2}",
        "value": "No"
      },
      {
        "name": "{$GIFT_REASON_FOR_BREACH_1}",
        "value": "For fun"
      },
      {
        "name": "{$GIFT_REASON_FOR_BREACH_2}",
        "value": "Not breached actually"
      },
      {
        "name": "{$GIFT_REMEDIAL_ACTIONS_1}",
        "value": "Not yet"
      },
      {
        "name": "{$GIFT_REMEDIAL_ACTIONS_2}",
        "value": "Still not yet"
      },
      {
        "name": "{$GIFT_REMEDIAL_DATE_1}",
        "value": "01-02-2200"
      },
      {
        "name": "{$GIFT_REMEDIAL_DATE_2}",
        "value": "22-11-2011"
      },
      {
        "name": "{$ANNEXURE_IV_DATE_1}",
        "value": "22-10-2020"
      },
      {
        "name": "{$ANNEXURE_IV_DATE_2}",
        "value": "22-10-2020"
      },
      {
        "name": "{$ANNEXURE_IV_REGULATOR_1}",
        "value": "FILE"
      },
      {
        "name": "{$ANNEXURE_IV_REGULATOR_2}",
        "value": "FILING"
      },
      {
        "name": "{$ANNEXURE_IV_ACCOUNTABLE_EXECUTIVE_1}",
        "value": "11"
      },
      {
        "name": "{$ANNEXURE_IV_ACCOUNTABLE_EXECUTIVE_2}",
        "value": "10"
      },
      {
        "name": "{$ANNEXURE_IV_CONTENT_1}",
        "value": "No"
      },
      {
        "name": "{$ANNEXURE_IV_CONTENT_2}",
        "value": "Yes"
      },
      {
        "name": "{$ANNEXURE_IV_STATUS_1}",
        "value": "Calm"
      },
      {
        "name": "{$ANNEXURE_IV_STATUS_2}",
        "value": "Not calm"
      },
      {
        "name": "{$ANNEXURE_IV_OPEN_UPDATE_1}",
        "value": "Not open"
      },
      {
        "name": "{$ANNEXURE_IV_OPEN_UPDATE_2}",
        "value": "Open"
      },
      {
        "name": "{$ANNEXURE_IV_REVIEW_1}",
        "value": "Skipped"
      },
      {
        "name": "{$ANNEXURE_IV_REVIEW_2}",
        "value": "Rikers review"
      },
      {
        "name": "{$ANNEXURE_IV_DESCRIPTION_COMMENTS_1}",
        "value": "No Comment"
      },
      {
        "name": "{$ANNEXURE_IV_DESCRIPTION_COMMENTS_2}",
        "value": "Still no comment"
      },
      {
        "name": "{$ANNEXURE_IV_STATUS_1}",
        "value": "No Status"
      },
      {
        "name": "{$ANNEXURE_IV_STATUS_2}",
        "value": "Status Ready"
      },
      {
        "name": "{$REGULATION_1}",
        "value": "R1"
      },
      {
        "name": "{$REGULATION_2}",
        "value": "R2"
      },
      {
        "name": "{$REGULATION_DESCRIPTION_1}",
        "value": "Desc1"
      },
      {
        "name": "{$REGULATION_DESCRIPTION_2}",
        "value": "Desc2"
      },
      {
        "name": "{$REGULATION_ACTION_UPDATE_1}",
        "value": "Desc1"
      },
      {
        "name": "{$REGULATION_ACTION_UPDATE_2}",
        "value": "Desc3"
      },
      {
        "name": "{$CONDUCT_RISK_MANAGEMENT}",
        "value": "Risk Manager 1"
      },
      {
        "name": "{$CONDUCT_RISK_ASSESSMENTS}",
        "value": "Riskier"
      },
      {
        "name": "{$CONDUCT_ISSUES_RISK}",
        "value": "Issues arised"
      },
      {
        "name": "{$CONDUCT_RISK_PLAN}",
        "value": "The official risk planner"
      },
      {
        "name": "{$WHISTLEBOWING_NUMBER_CASES}",
        "value": "55"
      },
      {
        "name": "{$WHISTLEBLOWING_RECEIVED}",
        "value": "6665"
      },
      {
        "name": "{$WHISTLEBLOWING_CLOSED}",
        "value": "OPEN"
      },
      {
        "name": "{$WHISTLEBLOWING_OPEN}",
        "value": "125"
      },
      {
        "name": "{$WHISTLEBLOWING_COMMENTARY}",
        "value": "NONE"
      },
      {
        "name": "{$BREACH_DETAIL}",
        "value": "11"
      },
      {
        "name": "{$BREACH_POLICY}",
        "value": "HGH"
      },
      {
        "name": "{$BREACH_SEVERITY}",
        "value": "565"
      },
      {
        "name": "{$BREACH_ESCALATION_YN}",
        "value": "LKLKLKLKL"
      },
      {
        "name": "{$BREACH_REP_RISK_YN}",
        "value": "45"
      },
      {
        "name": "{$PEOPLE_CAPACITY}",
        "value": "Huge"
      },
      {
        "name": "{$PEOPLE_VACANCIES}",
        "value": "123"
      },
      {
        "name": "{$PEOPLE_HEADCOUNT}",
        "value": "411"
      },
      {
        "name": "{$PEOPLE_DIVERSITY_NUMBER} - {$PEOPLE_DIVERSITY_COMMENT} ",
        "value": "kkk black panthers"
      },
      {
        "name": "{$VACANCY_RATIO}",
        "value": "10025"
      },
      {
        "name": "{$STAFF_ATTRACTION_NUMBER} - {$STAFF_ATTRACTION_COMMENT}",
        "value": "458"
      },
      {
        "name": "{$SKILLS_COMMENT}",
        "value": "none"
      },
      {
        "name": "{$STAFF_ATTRACTION_NUMBER} - {$STAFF_ATTRACTION_COMMENT}",
        "value": "none"
      }
    ]
}