<?xml version="1.0" encoding="UTF-8" standalone="yes"?>
<p:sld xmlns:a="http://schemas.openxmlformats.org/drawingml/2006/main" xmlns:r="http://schemas.openxmlformats.org/officeDocument/2006/relationships" xmlns:p="http://schemas.openxmlformats.org/presentationml/2006/main">
<p:cSld>
<p:spTree>
<p:nvGrpSpPr>
<p:cNvPr id="1" name=""/>
<p:cNvGrpSpPr/>
<p:nvPr/>
</p:nvGrpSpPr>
<p:grpSpPr>
<a:xfrm>
<a:off x="0" y="0"/>
<a:ext cx="0" cy="0"/>
<a:chOff x="0" y="0"/>
<a:chExt cx="0" cy="0"/>
</a:xfrm>
</p:grpSpPr>
<p:sp>
<p:nvSpPr>
<p:cNvPr id="223" name="CustomShape 1"/>
<p:cNvSpPr/>
<p:nvPr/>
</p:nvSpPr>
<p:spPr>
<a:xfrm>
<a:off x="342720" y="202680"/>
<a:ext cx="8914320" cy="275760"/>
</a:xfrm>
<a:prstGeom prst="rect">
<a:avLst/>
</a:prstGeom>
<a:noFill/>
<a:ln>
<a:noFill/>
</a:ln>
</p:spPr>
<p:style>
<a:lnRef idx="0">
<a:scrgbClr r="0" g="0" b="0"/>
</a:lnRef>
<a:fillRef idx="0">
<a:scrgbClr r="0" g="0" b="0"/>
</a:fillRef>
<a:effectRef idx="0">
<a:scrgbClr r="0" g="0" b="0"/>
</a:effectRef>
<a:fontRef idx="minor"/>
</p:style>
<p:txBody>
<a:bodyPr lIns="0" tIns="0" rIns="0" bIns="0" anchor="ctr"/>
<a:lstStyle/>
<a:p>
<a:pPr>
<a:lnSpc>
<a:spcPct val="100000"/>
</a:lnSpc>
</a:pPr>
<a:r>
<a:rPr lang="en-ZA" sz="1800" strike="noStrike" spc="-1">
<a:solidFill>
<a:srgbClr val="00B0F0"/>
</a:solidFill>
<a:uFill>
<a:solidFill>
<a:srgbClr val="FFFFFF"/>
</a:solidFill>
</a:uFill>
<a:latin typeface="Expert Sans Regular"/>
<a:ea typeface="DejaVu Sans"/>
</a:rPr>
<a:t>Internal Audit Findings Raised  </a:t>
</a:r>
<a:endParaRPr lang="en-ZA" sz="1800" strike="noStrike" spc="-1">
<a:solidFill>
<a:srgbClr val="000000"/>
</a:solidFill>
<a:uFill>
<a:solidFill>
<a:srgbClr val="FFFFFF"/>
</a:solidFill>
</a:uFill>
<a:latin typeface="Arial"/>
</a:endParaRPr>
</a:p>
</p:txBody>
</p:sp>
<p:sp>
<p:nvSpPr>
<p:cNvPr id="224" name="CustomShape 2"/>
<p:cNvSpPr/>
<p:nvPr/>
</p:nvSpPr>
<p:spPr>
<a:xfrm>
<a:off x="326520" y="502920"/>
<a:ext cx="9416520" cy="2248560"/>
</a:xfrm>
<a:prstGeom prst="rect">
<a:avLst/>
</a:prstGeom>
<a:noFill/>
<a:ln>
<a:solidFill>
<a:schemeClr val="tx1"/>
</a:solidFill>
</a:ln>
</p:spPr>
<p:style>
<a:lnRef idx="0">
<a:scrgbClr r="0" g="0" b="0"/>
</a:lnRef>
<a:fillRef idx="0">
<a:scrgbClr r="0" g="0" b="0"/>
</a:fillRef>
<a:effectRef idx="0">
<a:scrgbClr r="0" g="0" b="0"/>
</a:effectRef>
<a:fontRef idx="minor"/>
</p:style>
<p:txBody>
<a:bodyPr lIns="90000" tIns="45000" rIns="90000" bIns="45000"/>
<a:lstStyle/>
<a:p>
<a:pPr algn="just">
<a:lnSpc>
<a:spcPct val="100000"/>
</a:lnSpc>
</a:pPr>
<a:endParaRPr lang="en-ZA" sz="1800" strike="noStrike" spc="-1">
<a:solidFill>
<a:srgbClr val="000000"/>
</a:solidFill>
<a:uFill>
<a:solidFill>
<a:srgbClr val="FFFFFF"/>
</a:solidFill>
</a:uFill>
<a:latin typeface="Arial"/>
</a:endParaRPr>
</a:p>
<a:p>
<a:pPr algn="just">
<a:lnSpc>
<a:spcPct val="100000"/>
</a:lnSpc>
</a:pPr>
<a:endParaRPr lang="en-ZA" sz="1800" strike="noStrike" spc="-1">
<a:solidFill>
<a:srgbClr val="000000"/>
</a:solidFill>
<a:uFill>
<a:solidFill>
<a:srgbClr val="FFFFFF"/>
</a:solidFill>
</a:uFill>
<a:latin typeface="Arial"/>
</a:endParaRPr>
</a:p>
<a:p>
<a:pPr algn="just">
<a:lnSpc>
<a:spcPct val="100000"/>
</a:lnSpc>
</a:pPr>
<a:endParaRPr lang="en-ZA" sz="1800" strike="noStrike" spc="-1">
<a:solidFill>
<a:srgbClr val="000000"/>
</a:solidFill>
<a:uFill>
<a:solidFill>
<a:srgbClr val="FFFFFF"/>
</a:solidFill>
</a:uFill>
<a:latin typeface="Arial"/>
</a:endParaRPr>
</a:p>
<a:p>
<a:pPr algn="just">
<a:lnSpc>
<a:spcPct val="100000"/>
</a:lnSpc>
</a:pPr>
<a:endParaRPr lang="en-ZA" sz="1800" strike="noStrike" spc="-1">
<a:solidFill>
<a:srgbClr val="000000"/>
</a:solidFill>
<a:uFill>
<a:solidFill>
<a:srgbClr val="FFFFFF"/>
</a:solidFill>
</a:uFill>
<a:latin typeface="Arial"/>
</a:endParaRPr>
</a:p>
</p:txBody>
</p:sp>
<p:graphicFrame>
<p:nvGraphicFramePr>
<p:cNvPr id="225" name="Table 3"/>
<p:cNvGraphicFramePr/>
<p:nvPr/>
</p:nvGraphicFramePr>
<p:xfrm>
<a:off x="488520" y="628560"/>
<a:ext cx="9140040" cy="863280"/>
</p:xfrm>
<a:graphic>
<a:graphicData uri="http://schemas.openxmlformats.org/drawingml/2006/table">
<a:tbl>
<a:tblPr/>
<a:tblGrid>
<a:gridCol w="1316160"/>
<a:gridCol w="826920"/>
<a:gridCol w="3021480"/>
<a:gridCol w="1608120"/>
<a:gridCol w="1063080"/>
<a:gridCol w="1304280"/>
</a:tblGrid>
<a:tr h="360360">
<a:tc>
<a:txBody>
<a:bodyPr/>
<a:lstStyle/>
<a:p>
<a:pPr>
<a:lnSpc>
<a:spcPct val="100000"/>
</a:lnSpc>
</a:pPr>
<a:r>
<a:rPr lang="en-ZA" sz="900" b="1" strike="noStrike" spc="-1" dirty="0">
<a:solidFill>
<a:srgbClr val="FFFFFF"/>
</a:solidFill>
<a:uFill>
<a:solidFill>
<a:srgbClr val="FFFFFF"/>
</a:solidFill>
</a:uFill>
<a:latin typeface="Expert Sans Regular"/>
</a:rPr>
<a:t>Business Area </a:t>
</a:r>
<a:endParaRPr lang="en-ZA" sz="1800" strike="noStrike" spc="-1" dirty="0">
<a:solidFill>
<a:srgbClr val="000000"/>
</a:solidFill>
<a:uFill>
<a:solidFill>
<a:srgbClr val="FFFFFF"/>
</a:solidFill>
</a:uFill>
<a:latin typeface="Arial"/>
</a:endParaRPr>
</a:p>
</a:txBody>
<a:tcPr>
<a:lnL w="12240">
<a:solidFill>
<a:srgbClr val="FFFFFF"/>
</a:solidFill>
</a:lnL>
<a:lnR w="12240">
<a:solidFill>
<a:srgbClr val="FFFFFF"/>
</a:solidFill>
</a:lnR>
<a:lnT w="12240">
<a:solidFill>
<a:srgbClr val="FFFFFF"/>
</a:solidFill>
</a:lnT>
<a:lnB w="38160">
<a:solidFill>
<a:srgbClr val="FFFFFF"/>
</a:solidFill>
</a:lnB>
<a:solidFill>
<a:srgbClr val="00AEEF"/>
</a:solidFill>
</a:tcPr>
</a:tc>
<a:tc>
<a:txBody>
<a:bodyPr/>
<a:lstStyle/>
<a:p>
<a:pPr>
<a:lnSpc>
<a:spcPct val="100000"/>
</a:lnSpc>
</a:pPr>
<a:r>
<a:rPr lang="en-ZA" sz="900" b="1" strike="noStrike" spc="-1">
<a:solidFill>
<a:srgbClr val="FFFFFF"/>
</a:solidFill>
<a:uFill>
<a:solidFill>
<a:srgbClr val="FFFFFF"/>
</a:solidFill>
</a:uFill>
<a:latin typeface="Expert Sans Regular"/>
</a:rPr>
<a:t>Audit Title</a:t>
</a:r>
<a:endParaRPr lang="en-ZA" sz="1800" strike="noStrike" spc="-1">
<a:solidFill>
<a:srgbClr val="000000"/>
</a:solidFill>
<a:uFill>
<a:solidFill>
<a:srgbClr val="FFFFFF"/>
</a:solidFill>
</a:uFill>
<a:latin typeface="Arial"/>
</a:endParaRPr>
</a:p>
</a:txBody>
<a:tcPr>
<a:lnL w="12240">
<a:solidFill>
<a:srgbClr val="FFFFFF"/>
</a:solidFill>
</a:lnL>
<a:lnR w="12240">
<a:solidFill>
<a:srgbClr val="FFFFFF"/>
</a:solidFill>
</a:lnR>
<a:lnT w="12240">
<a:solidFill>
<a:srgbClr val="FFFFFF"/>
</a:solidFill>
</a:lnT>
<a:lnB w="38160">
<a:solidFill>
<a:srgbClr val="FFFFFF"/>
</a:solidFill>
</a:lnB>
<a:solidFill>
<a:srgbClr val="00AEEF"/>
</a:solidFill>
</a:tcPr>
</a:tc>
<a:tc>
<a:txBody>
<a:bodyPr/>
<a:lstStyle/>
<a:p>
<a:pPr>
<a:lnSpc>
<a:spcPct val="100000"/>
</a:lnSpc>
</a:pPr>
<a:r>
<a:rPr lang="en-ZA" sz="900" b="1" strike="noStrike" spc="-1">
<a:solidFill>
<a:srgbClr val="FFFFFF"/>
</a:solidFill>
<a:uFill>
<a:solidFill>
<a:srgbClr val="FFFFFF"/>
</a:solidFill>
</a:uFill>
<a:latin typeface="Expert Sans Regular"/>
</a:rPr>
<a:t>Issue Title and Summary</a:t>
</a:r>
<a:endParaRPr lang="en-ZA" sz="1800" strike="noStrike" spc="-1">
<a:solidFill>
<a:srgbClr val="000000"/>
</a:solidFill>
<a:uFill>
<a:solidFill>
<a:srgbClr val="FFFFFF"/>
</a:solidFill>
</a:uFill>
<a:latin typeface="Arial"/>
</a:endParaRPr>
</a:p>
</a:txBody>
<a:tcPr>
<a:lnL w="12240">
<a:solidFill>
<a:srgbClr val="FFFFFF"/>
</a:solidFill>
</a:lnL>
<a:lnR w="12240">
<a:solidFill>
<a:srgbClr val="FFFFFF"/>
</a:solidFill>
</a:lnR>
<a:lnT w="12240">
<a:solidFill>
<a:srgbClr val="FFFFFF"/>
</a:solidFill>
</a:lnT>
<a:lnB w="38160">
<a:solidFill>
<a:srgbClr val="FFFFFF"/>
</a:solidFill>
</a:lnB>
<a:solidFill>
<a:srgbClr val="00AEEF"/>
</a:solidFill>
</a:tcPr>
</a:tc>
<a:tc>
<a:txBody>
<a:bodyPr/>
<a:lstStyle/>
<a:p>
<a:pPr>
<a:lnSpc>
<a:spcPct val="100000"/>
</a:lnSpc>
</a:pPr>
<a:r>
<a:rPr lang="en-ZA" sz="900" b="1" strike="noStrike" spc="-1">
<a:solidFill>
<a:srgbClr val="FFFFFF"/>
</a:solidFill>
<a:uFill>
<a:solidFill>
<a:srgbClr val="FFFFFF"/>
</a:solidFill>
</a:uFill>
<a:latin typeface="Expert Sans Regular"/>
</a:rPr>
<a:t>Responsible Owner</a:t>
</a:r>
<a:endParaRPr lang="en-ZA" sz="1800" strike="noStrike" spc="-1">
<a:solidFill>
<a:srgbClr val="000000"/>
</a:solidFill>
<a:uFill>
<a:solidFill>
<a:srgbClr val="FFFFFF"/>
</a:solidFill>
</a:uFill>
<a:latin typeface="Arial"/>
</a:endParaRPr>
</a:p>
</a:txBody>
<a:tcPr>
<a:lnL w="12240">
<a:solidFill>
<a:srgbClr val="FFFFFF"/>
</a:solidFill>
</a:lnL>
<a:lnR w="12240">
<a:solidFill>
<a:srgbClr val="FFFFFF"/>
</a:solidFill>
</a:lnR>
<a:lnT w="12240">
<a:solidFill>
<a:srgbClr val="FFFFFF"/>
</a:solidFill>
</a:lnT>
<a:lnB w="38160">
<a:solidFill>
<a:srgbClr val="FFFFFF"/>
</a:solidFill>
</a:lnB>
<a:solidFill>
<a:srgbClr val="00AEEF"/>
</a:solidFill>
</a:tcPr>
</a:tc>
<a:tc>
<a:txBody>
<a:bodyPr/>
<a:lstStyle/>
<a:p>
<a:pPr>
<a:lnSpc>
<a:spcPct val="100000"/>
</a:lnSpc>
</a:pPr>
<a:r>
<a:rPr lang="en-ZA" sz="900" b="1" strike="noStrike" spc="-1">
<a:solidFill>
<a:srgbClr val="FFFFFF"/>
</a:solidFill>
<a:uFill>
<a:solidFill>
<a:srgbClr val="FFFFFF"/>
</a:solidFill>
</a:uFill>
<a:latin typeface="Expert Sans Regular"/>
</a:rPr>
<a:t>Due Date </a:t>
</a:r>
<a:endParaRPr lang="en-ZA" sz="1800" strike="noStrike" spc="-1">
<a:solidFill>
<a:srgbClr val="000000"/>
</a:solidFill>
<a:uFill>
<a:solidFill>
<a:srgbClr val="FFFFFF"/>
</a:solidFill>
</a:uFill>
<a:latin typeface="Arial"/>
</a:endParaRPr>
</a:p>
</a:txBody>
<a:tcPr>
<a:lnL w="12240">
<a:solidFill>
<a:srgbClr val="FFFFFF"/>
</a:solidFill>
</a:lnL>
<a:lnR w="12240">
<a:solidFill>
<a:srgbClr val="FFFFFF"/>
</a:solidFill>
</a:lnR>
<a:lnT w="12240">
<a:solidFill>
<a:srgbClr val="FFFFFF"/>
</a:solidFill>
</a:lnT>
<a:lnB w="38160">
<a:solidFill>
<a:srgbClr val="FFFFFF"/>
</a:solidFill>
</a:lnB>
<a:solidFill>
<a:srgbClr val="00AEEF"/>
</a:solidFill>
</a:tcPr>
</a:tc>
<a:tc>
<a:txBody>
<a:bodyPr/>
<a:lstStyle/>
<a:p>
<a:pPr>
<a:lnSpc>
<a:spcPct val="100000"/>
</a:lnSpc>
</a:pPr>
<a:r>
<a:rPr lang="en-ZA" sz="900" b="1" strike="noStrike" spc="-1">
<a:solidFill>
<a:srgbClr val="FFFFFF"/>
</a:solidFill>
<a:uFill>
<a:solidFill>
<a:srgbClr val="FFFFFF"/>
</a:solidFill>
</a:uFill>
<a:latin typeface="Expert Sans Regular"/>
</a:rPr>
<a:t>Status update </a:t>
</a:r>
<a:endParaRPr lang="en-ZA" sz="1800" strike="noStrike" spc="-1">
<a:solidFill>
<a:srgbClr val="000000"/>
</a:solidFill>
<a:uFill>
<a:solidFill>
<a:srgbClr val="FFFFFF"/>
</a:solidFill>
</a:uFill>
<a:latin typeface="Arial"/>
</a:endParaRPr>
</a:p>
</a:txBody>
<a:tcPr>
<a:lnL w="12240">
<a:solidFill>
<a:srgbClr val="FFFFFF"/>
</a:solidFill>
</a:lnL>
<a:lnR w="12240">
<a:solidFill>
<a:srgbClr val="FFFFFF"/>
</a:solidFill>
</a:lnR>
<a:lnT w="12240">
<a:solidFill>
<a:srgbClr val="FFFFFF"/>
</a:solidFill>
</a:lnT>
<a:lnB w="38160">
<a:solidFill>
<a:srgbClr val="FFFFFF"/>
</a:solidFill>
</a:lnB>
<a:solidFill>
<a:srgbClr val="00AEEF"/>
</a:solidFill>
</a:tcPr>
</a:tc>
</a:tr>
<a:tr h="494640">
<a:tc>
<a:txBody>
<a:bodyPr/>
<a:lstStyle/>
<a:p>
<a:pPr>
<a:lnSpc>
<a:spcPct val="100000"/>
</a:lnSpc>
</a:pPr>
<a:r>
<a:rPr lang="en-ZA" sz="900" strike="noStrike" spc="-1" dirty="0">
<a:solidFill>
<a:srgbClr val="000000"/>
</a:solidFill>
<a:uFill>
<a:solidFill>
<a:srgbClr val="FFFFFF"/>
</a:solidFill>
</a:uFill>
<a:latin typeface="Expert Sans Regular"/>
</a:rPr>
<a:t>{$INTERNAL_BUSINESS_AREA_1}</a:t>
</a:r>
<a:endParaRPr lang="en-ZA" sz="1800" strike="noStrike" spc="-1" dirty="0">
<a:solidFill>
<a:srgbClr val="000000"/>
</a:solidFill>
<a:uFill>
<a:solidFill>
<a:srgbClr val="FFFFFF"/>
</a:solidFill>
</a:uFill>
<a:latin typeface="Arial"/>
</a:endParaRPr>
</a:p>
</a:txBody>
<a:tcPr>
<a:lnL w="12240">
<a:solidFill>
<a:srgbClr val="FFFFFF"/>
</a:solidFill>
</a:lnL>
<a:lnR w="12240">
<a:solidFill>
<a:srgbClr val="FFFFFF"/>
</a:solidFill>
</a:lnR>
<a:lnT w="38160">
<a:solidFill>
<a:srgbClr val="FFFFFF"/>
</a:solidFill>
</a:lnT>
<a:lnB w="12240">
<a:solidFill>
<a:srgbClr val="FFFFFF"/>
</a:solidFill>
</a:lnB>
<a:solidFill>
<a:srgbClr val="D9D9D9"/>
</a:solidFill>
</a:tcPr>
</a:tc>
<a:tc>
<a:txBody>
<a:bodyPr/>
<a:lstStyle/>
<a:p>
<a:pPr algn="ctr">
<a:lnSpc>
<a:spcPct val="100000"/>
</a:lnSpc>
</a:pPr>
<a:r>
<a:rPr lang="en-ZA" sz="900" strike="noStrike" spc="-1">
<a:solidFill>
<a:srgbClr val="000000"/>
</a:solidFill>
<a:uFill>
<a:solidFill>
<a:srgbClr val="FFFFFF"/>
</a:solidFill>
</a:uFill>
<a:latin typeface="Expert Sans Regular"/>
</a:rPr>
<a:t>{$INTERNAL_AUDIT_TITLE_1}</a:t>
</a:r>
<a:endParaRPr lang="en-ZA" sz="1800" strike="noStrike" spc="-1">
<a:solidFill>
<a:srgbClr val="000000"/>
</a:solidFill>
<a:uFill>
<a:solidFill>
<a:srgbClr val="FFFFFF"/>
</a:solidFill>
</a:uFill>
<a:latin typeface="Arial"/>
</a:endParaRPr>
</a:p>
</a:txBody>
<a:tcPr marL="9360" marR="9360">
<a:lnL w="12240">
<a:solidFill>
<a:srgbClr val="FFFFFF"/>
</a:solidFill>
</a:lnL>
<a:lnR w="12240">
<a:solidFill>
<a:srgbClr val="FFFFFF"/>
</a:solidFill>
</a:lnR>
<a:lnT w="38160">
<a:solidFill>
<a:srgbClr val="FFFFFF"/>
</a:solidFill>
</a:lnT>
<a:lnB w="12240">
<a:solidFill>
<a:srgbClr val="FFFFFF"/>
</a:solidFill>
</a:lnB>
<a:solidFill>
<a:srgbClr val="D9D9D9"/>
</a:solidFill>
</a:tcPr>
</a:tc>
<a:tc>
<a:txBody>
<a:bodyPr/>
<a:lstStyle/>
<a:p>
<a:pPr marL="85680" algn="just">
<a:lnSpc>
<a:spcPct val="100000"/>
</a:lnSpc>
</a:pPr>
<a:r>
<a:rPr lang="en-ZA" sz="900" strike="noStrike" spc="-1">
<a:solidFill>
<a:srgbClr val="000000"/>
</a:solidFill>
<a:uFill>
<a:solidFill>
<a:srgbClr val="FFFFFF"/>
</a:solidFill>
</a:uFill>
<a:latin typeface="Expert Sans Regular"/>
</a:rPr>
<a:t>{$INTERNAL_ISSUE_TITLE_SUMMARY_1}</a:t>
</a:r>
<a:endParaRPr lang="en-ZA" sz="1800" strike="noStrike" spc="-1">
<a:solidFill>
<a:srgbClr val="000000"/>
</a:solidFill>
<a:uFill>
<a:solidFill>
<a:srgbClr val="FFFFFF"/>
</a:solidFill>
</a:uFill>
<a:latin typeface="Arial"/>
</a:endParaRPr>
</a:p>
</a:txBody>
<a:tcPr marL="9360" marR="9360">
<a:lnL w="12240">
<a:solidFill>
<a:srgbClr val="FFFFFF"/>
</a:solidFill>
</a:lnL>
<a:lnR w="12240">
<a:solidFill>
<a:srgbClr val="FFFFFF"/>
</a:solidFill>
</a:lnR>
<a:lnT w="38160">
<a:solidFill>
<a:srgbClr val="FFFFFF"/>
</a:solidFill>
</a:lnT>
<a:lnB w="12240">
<a:solidFill>
<a:srgbClr val="FFFFFF"/>
</a:solidFill>
</a:lnB>
<a:solidFill>
<a:srgbClr val="D9D9D9"/>
</a:solidFill>
</a:tcPr>
</a:tc>
<a:tc>
<a:txBody>
<a:bodyPr/>
<a:lstStyle/>
<a:p>
<a:pPr algn="ctr">
<a:lnSpc>
<a:spcPct val="100000"/>
</a:lnSpc>
</a:pPr>
<a:r>
<a:rPr lang="en-ZA" sz="900" strike="noStrike" spc="-1">
<a:solidFill>
<a:srgbClr val="000000"/>
</a:solidFill>
<a:uFill>
<a:solidFill>
<a:srgbClr val="FFFFFF"/>
</a:solidFill>
</a:uFill>
<a:latin typeface="Expert Sans Regular"/>
</a:rPr>
<a:t>{$INTERNAL_RESPONSIBLE_OWNER_1}</a:t>
</a:r>
<a:endParaRPr lang="en-ZA" sz="1800" strike="noStrike" spc="-1">
<a:solidFill>
<a:srgbClr val="000000"/>
</a:solidFill>
<a:uFill>
<a:solidFill>
<a:srgbClr val="FFFFFF"/>
</a:solidFill>
</a:uFill>
<a:latin typeface="Arial"/>
</a:endParaRPr>
</a:p>
</a:txBody>
<a:tcPr marL="9360" marR="9360">
<a:lnL w="12240">
<a:solidFill>
<a:srgbClr val="FFFFFF"/>
</a:solidFill>
</a:lnL>
<a:lnR w="12240">
<a:solidFill>
<a:srgbClr val="FFFFFF"/>
</a:solidFill>
</a:lnR>
<a:lnT w="38160">
<a:solidFill>
<a:srgbClr val="FFFFFF"/>
</a:solidFill>
</a:lnT>
<a:lnB w="12240">
<a:solidFill>
<a:srgbClr val="FFFFFF"/>
</a:solidFill>
</a:lnB>
<a:solidFill>
<a:srgbClr val="D9D9D9"/>
</a:solidFill>
</a:tcPr>
</a:tc>
<a:tc>
<a:txBody>
<a:bodyPr/>
<a:lstStyle/>
<a:p>
<a:pPr algn="ctr">
<a:lnSpc>
<a:spcPct val="100000"/>
</a:lnSpc>
</a:pPr>
<a:r>
<a:rPr lang="en-ZA" sz="900" strike="noStrike" spc="-1">
<a:solidFill>
<a:srgbClr val="000000"/>
</a:solidFill>
<a:uFill>
<a:solidFill>
<a:srgbClr val="FFFFFF"/>
</a:solidFill>
</a:uFill>
<a:latin typeface="Expert Sans Regular"/>
</a:rPr>
<a:t>{$INTERNAL_DUE_DATE_1}</a:t>
</a:r>
<a:endParaRPr lang="en-ZA" sz="1800" strike="noStrike" spc="-1">
<a:solidFill>
<a:srgbClr val="000000"/>
</a:solidFill>
<a:uFill>
<a:solidFill>
<a:srgbClr val="FFFFFF"/>
</a:solidFill>
</a:uFill>
<a:latin typeface="Arial"/>
</a:endParaRPr>
</a:p>
</a:txBody>
<a:tcPr marL="9360" marR="9360">
<a:lnL w="12240">
<a:solidFill>
<a:srgbClr val="FFFFFF"/>
</a:solidFill>
</a:lnL>
<a:lnR w="12240">
<a:solidFill>
<a:srgbClr val="FFFFFF"/>
</a:solidFill>
</a:lnR>
<a:lnT w="38160">
<a:solidFill>
<a:srgbClr val="FFFFFF"/>
</a:solidFill>
</a:lnT>
<a:lnB w="12240">
<a:solidFill>
<a:srgbClr val="FFFFFF"/>
</a:solidFill>
</a:lnB>
<a:solidFill>
<a:srgbClr val="D9D9D9"/>
</a:solidFill>
</a:tcPr>
</a:tc>
<a:tc>
<a:txBody>
<a:bodyPr/>
<a:lstStyle/>
<a:p>
<a:pPr algn="ctr">
<a:lnSpc>
<a:spcPct val="100000"/>
</a:lnSpc>
</a:pPr>
<a:r>
<a:rPr lang="en-ZA" sz="900" strike="noStrike" spc="-1">
<a:solidFill>
<a:srgbClr val="000000"/>
</a:solidFill>
<a:uFill>
<a:solidFill>
<a:srgbClr val="FFFFFF"/>
</a:solidFill>
</a:uFill>
<a:latin typeface="Expert Sans Regular"/>
</a:rPr>
<a:t> {$INTERNAL_STATUS_UPDATE_1} </a:t>
</a:r>
<a:endParaRPr lang="en-ZA" sz="1800" strike="noStrike" spc="-1">
<a:solidFill>
<a:srgbClr val="000000"/>
</a:solidFill>
<a:uFill>
<a:solidFill>
<a:srgbClr val="FFFFFF"/>
</a:solidFill>
</a:uFill>
<a:latin typeface="Arial"/>
</a:endParaRPr>
</a:p>
</a:txBody>
<a:tcPr marL="9360" marR="9360">
<a:lnL w="12240">
<a:solidFill>
<a:srgbClr val="FFFFFF"/>
</a:solidFill>
</a:lnL>
<a:lnR w="12240">
<a:solidFill>
<a:srgbClr val="FFFFFF"/>
</a:solidFill>
</a:lnR>
<a:lnT w="38160">
<a:solidFill>
<a:srgbClr val="FFFFFF"/>
</a:solidFill>
</a:lnT>
<a:lnB w="12240">
<a:solidFill>
<a:srgbClr val="FFFFFF"/>
</a:solidFill>
</a:lnB>
<a:solidFill>
<a:srgbClr val="D9D9D9"/>
</a:solidFill>
</a:tcPr>
</a:tc>
</a:tr>
</a:tbl>
</a:graphicData>
</a:graphic>
</p:graphicFrame>
<p:sp>
<p:nvSpPr>
<p:cNvPr id="226" name="CustomShape 4"/>
<p:cNvSpPr/>
<p:nvPr/>
</p:nvSpPr>
<p:spPr>
<a:xfrm>
<a:off x="326520" y="2841840"/>
<a:ext cx="8914320" cy="274320"/>
</a:xfrm>
<a:prstGeom prst="rect">
<a:avLst/>
</a:prstGeom>
<a:noFill/>
<a:ln w="9360">
<a:noFill/>
</a:ln>
</p:spPr>
<p:style>
<a:lnRef idx="0">
<a:scrgbClr r="0" g="0" b="0"/>
</a:lnRef>
<a:fillRef idx="0">
<a:scrgbClr r="0" g="0" b="0"/>
</a:fillRef>
<a:effectRef idx="0">
<a:scrgbClr r="0" g="0" b="0"/>
</a:effectRef>
<a:fontRef idx="minor"/>
</p:style>
<p:txBody>
<a:bodyPr lIns="0" tIns="0" rIns="0" bIns="0" anchor="ctr"/>
<a:lstStyle/>
<a:p>
<a:pPr>
<a:lnSpc>
<a:spcPct val="100000"/>
</a:lnSpc>
</a:pPr>
<a:r>
<a:rPr lang="en-ZA" sz="1800" strike="noStrike" spc="-1">
<a:solidFill>
<a:srgbClr val="00B0F0"/>
</a:solidFill>
<a:uFill>
<a:solidFill>
<a:srgbClr val="FFFFFF"/>
</a:solidFill>
</a:uFill>
<a:latin typeface="Expert Sans Regular"/>
<a:ea typeface="DejaVu Sans"/>
</a:rPr>
<a:t>Regulatory Engagement Log</a:t>
</a:r>
<a:endParaRPr lang="en-ZA" sz="1800" strike="noStrike" spc="-1">
<a:solidFill>
<a:srgbClr val="000000"/>
</a:solidFill>
<a:uFill>
<a:solidFill>
<a:srgbClr val="FFFFFF"/>
</a:solidFill>
</a:uFill>
<a:latin typeface="Arial"/>
</a:endParaRPr>
</a:p>
</p:txBody>
</p:sp>
<p:sp>
<p:nvSpPr>
<p:cNvPr id="227" name="CustomShape 5"/>
<p:cNvSpPr/>
<p:nvPr/>
</p:nvSpPr>
<p:spPr>
<a:xfrm>
<a:off x="329400" y="3118320"/>
<a:ext cx="9416520" cy="2248560"/>
</a:xfrm>
<a:prstGeom prst="rect">
<a:avLst/>
</a:prstGeom>
<a:noFill/>
<a:ln>
<a:solidFill>
<a:schemeClr val="tx1"/>
</a:solidFill>
</a:ln>
</p:spPr>
<p:style>
<a:lnRef idx="0">
<a:scrgbClr r="0" g="0" b="0"/>
</a:lnRef>
<a:fillRef idx="0">
<a:scrgbClr r="0" g="0" b="0"/>
</a:fillRef>
<a:effectRef idx="0">
<a:scrgbClr r="0" g="0" b="0"/>
</a:effectRef>
<a:fontRef idx="minor"/>
</p:style>
<p:txBody>
<a:bodyPr lIns="90000" tIns="45000" rIns="90000" bIns="45000"/>
<a:lstStyle/>
<a:p>
<a:pPr algn="just">
<a:lnSpc>
<a:spcPct val="100000"/>
</a:lnSpc>
</a:pPr>
<a:endParaRPr lang="en-ZA" sz="1800" strike="noStrike" spc="-1">
<a:solidFill>
<a:srgbClr val="000000"/>
</a:solidFill>
<a:uFill>
<a:solidFill>
<a:srgbClr val="FFFFFF"/>
</a:solidFill>
</a:uFill>
<a:latin typeface="Arial"/>
</a:endParaRPr>
</a:p>
<a:p>
<a:pPr algn="just">
<a:lnSpc>
<a:spcPct val="100000"/>
</a:lnSpc>
</a:pPr>
<a:endParaRPr lang="en-ZA" sz="1800" strike="noStrike" spc="-1">
<a:solidFill>
<a:srgbClr val="000000"/>
</a:solidFill>
<a:uFill>
<a:solidFill>
<a:srgbClr val="FFFFFF"/>
</a:solidFill>
</a:uFill>
<a:latin typeface="Arial"/>
</a:endParaRPr>
</a:p>
<a:p>
<a:pPr algn="just">
<a:lnSpc>
<a:spcPct val="100000"/>
</a:lnSpc>
</a:pPr>
<a:endParaRPr lang="en-ZA" sz="1800" strike="noStrike" spc="-1">
<a:solidFill>
<a:srgbClr val="000000"/>
</a:solidFill>
<a:uFill>
<a:solidFill>
<a:srgbClr val="FFFFFF"/>
</a:solidFill>
</a:uFill>
<a:latin typeface="Arial"/>
</a:endParaRPr>
</a:p>
<a:p>
<a:pPr algn="just">
<a:lnSpc>
<a:spcPct val="100000"/>
</a:lnSpc>
</a:pPr>
<a:endParaRPr lang="en-ZA" sz="1800" strike="noStrike" spc="-1">
<a:solidFill>
<a:srgbClr val="000000"/>
</a:solidFill>
<a:uFill>
<a:solidFill>
<a:srgbClr val="FFFFFF"/>
</a:solidFill>
</a:uFill>
<a:latin typeface="Arial"/>
</a:endParaRPr>
</a:p>
</p:txBody>
</p:sp>
<p:sp>
<p:nvSpPr>
<p:cNvPr id="228" name="CustomShape 6"/>
<p:cNvSpPr/>
<p:nvPr/>
</p:nvSpPr>
<p:spPr>
<a:xfrm>
<a:off x="390240" y="3201120"/>
<a:ext cx="8786880" cy="393480"/>
</a:xfrm>
<a:prstGeom prst="rect">
<a:avLst/>
</a:prstGeom>
<a:noFill/>
<a:ln>
<a:noFill/>
</a:ln>
</p:spPr>
<p:style>
<a:lnRef idx="0">
<a:scrgbClr r="0" g="0" b="0"/>
</a:lnRef>
<a:fillRef idx="0">
<a:scrgbClr r="0" g="0" b="0"/>
</a:fillRef>
<a:effectRef idx="0">
<a:scrgbClr r="0" g="0" b="0"/>
</a:effectRef>
<a:fontRef idx="minor"/>
</p:style>
<p:txBody>
<a:bodyPr lIns="90000" tIns="45000" rIns="90000" bIns="45000"/>
<a:lstStyle/>
<a:p>
<a:pPr algn="just">
<a:lnSpc>
<a:spcPct val="100000"/>
</a:lnSpc>
</a:pPr>
<a:r>
<a:rPr lang="en-ZA" sz="1000" b="1" strike="noStrike" spc="-1">
<a:solidFill>
<a:srgbClr val="000000"/>
</a:solidFill>
<a:uFill>
<a:solidFill>
<a:srgbClr val="FFFFFF"/>
</a:solidFill>
</a:uFill>
<a:latin typeface="Expert Sans Regular"/>
<a:ea typeface="DejaVu Sans"/>
</a:rPr>
<a:t>This refers to the issues/findings/concerns raised by any
										Regulator from an on-site visit, inspection, audit, request
										for information etc.   </a:t>
</a:r>
<a:endParaRPr lang="en-ZA" sz="1800" strike="noStrike" spc="-1">
<a:solidFill>
<a:srgbClr val="000000"/>
</a:solidFill>
<a:uFill>
<a:solidFill>
<a:srgbClr val="FFFFFF"/>
</a:solidFill>
</a:uFill>
<a:latin typeface="Arial"/>
</a:endParaRPr>
</a:p>
</p:txBody>
</p:sp>
<p:sp>
<p:nvSpPr>
<p:cNvPr id="229" name="CustomShape 7"/>
<p:cNvSpPr/>
<p:nvPr/>
</p:nvSpPr>
<p:spPr>
<a:xfrm>
<a:off x="723960" y="6485040"/>
<a:ext cx="4827960" cy="136800"/>
</a:xfrm>
<a:prstGeom prst="rect">
<a:avLst/>
</a:prstGeom>
<a:noFill/>
<a:ln>
<a:noFill/>
</a:ln>
</p:spPr>
<p:style>
<a:lnRef idx="0">
<a:scrgbClr r="0" g="0" b="0"/>
</a:lnRef>
<a:fillRef idx="0">
<a:scrgbClr r="0" g="0" b="0"/>
</a:fillRef>
<a:effectRef idx="0">
<a:scrgbClr r="0" g="0" b="0"/>
</a:effectRef>
<a:fontRef idx="minor"/>
</p:style>
<p:txBody>
<a:bodyPr lIns="0" tIns="0" rIns="0" bIns="0"/>
<a:lstStyle/>
<a:p>
<a:pPr>
<a:lnSpc>
<a:spcPct val="100000"/>
</a:lnSpc>
</a:pPr>
<a:r>
<a:rPr lang="en-ZA" sz="900" strike="noStrike" spc="-1">
<a:solidFill>
<a:srgbClr val="000000"/>
</a:solidFill>
<a:uFill>
<a:solidFill>
<a:srgbClr val="FFFFFF"/>
</a:solidFill>
</a:uFill>
<a:latin typeface="Expert Sans Regular"/>
<a:ea typeface="DejaVu Sans"/>
</a:rPr>
<a:t>Internal use only</a:t>
</a:r>
<a:endParaRPr lang="en-ZA" sz="1800" strike="noStrike" spc="-1">
<a:solidFill>
<a:srgbClr val="000000"/>
</a:solidFill>
<a:uFill>
<a:solidFill>
<a:srgbClr val="FFFFFF"/>
</a:solidFill>
</a:uFill>
<a:latin typeface="Arial"/>
</a:endParaRPr>
</a:p>
</p:txBody>
</p:sp>
<p:sp>
<p:nvSpPr>
<p:cNvPr id="230" name="CustomShape 8"/>
<p:cNvSpPr/>
<p:nvPr/>
</p:nvSpPr>
<p:spPr>
<a:xfrm>
<a:off x="723960" y="6276240"/>
<a:ext cx="3588120" cy="136800"/>
</a:xfrm>
<a:prstGeom prst="rect">
<a:avLst/>
</a:prstGeom>
<a:noFill/>
<a:ln w="9360">
<a:noFill/>
</a:ln>
</p:spPr>
<p:style>
<a:lnRef idx="0">
<a:scrgbClr r="0" g="0" b="0"/>
</a:lnRef>
<a:fillRef idx="0">
<a:scrgbClr r="0" g="0" b="0"/>
</a:fillRef>
<a:effectRef idx="0">
<a:scrgbClr r="0" g="0" b="0"/>
</a:effectRef>
<a:fontRef idx="minor"/>
</p:style>
<p:txBody>
<a:bodyPr lIns="0" tIns="0" rIns="0" bIns="0" anchor="b"/>
<a:lstStyle/>
<a:p>
<a:pPr>
<a:lnSpc>
<a:spcPct val="100000"/>
</a:lnSpc>
</a:pPr>
<a:fld id="{E5BABFD3-9130-4E60-8404-894B2B441E04}" type="slidenum">
<a:rPr lang="en-ZA" sz="900" strike="noStrike" spc="-1">
<a:solidFill>
<a:srgbClr val="000000"/>
</a:solidFill>
<a:uFill>
<a:solidFill>
<a:srgbClr val="FFFFFF"/>
</a:solidFill>
</a:uFill>
<a:latin typeface="Expert Sans Regular"/>
<a:ea typeface="DejaVu Sans"/>
</a:rPr>
<a:pPr>
<a:lnSpc>
<a:spcPct val="100000"/>
</a:lnSpc>
</a:pPr>
<a:t>1</a:t>
</a:fld>
<a:r>
<a:rPr lang="en-ZA" sz="900" strike="noStrike" spc="-1">
<a:solidFill>
<a:srgbClr val="000000"/>
</a:solidFill>
<a:uFill>
<a:solidFill>
<a:srgbClr val="FFFFFF"/>
</a:solidFill>
</a:uFill>
<a:latin typeface="Expert Sans Regular"/>
<a:ea typeface="DejaVu Sans"/>
</a:rPr>
<a:t> | Compliance Report | June 2016</a:t>
</a:r>
<a:endParaRPr lang="en-ZA" sz="1800" strike="noStrike" spc="-1">
<a:solidFill>
<a:srgbClr val="000000"/>
</a:solidFill>
<a:uFill>
<a:solidFill>
<a:srgbClr val="FFFFFF"/>
</a:solidFill>
</a:uFill>
<a:latin typeface="Arial"/>
</a:endParaRPr>
</a:p>
</p:txBody>
</p:sp>
<p:graphicFrame>
<p:nvGraphicFramePr>
<p:cNvPr id="231" name="Table 9"/>
<p:cNvGraphicFramePr/>
<p:nvPr/>
</p:nvGraphicFramePr>
<p:xfrm>
<a:off x="455040" y="3448440"/>
<a:ext cx="9159840" cy="1597074"/>
</p:xfrm>
<a:graphic>
<a:graphicData uri="http://schemas.openxmlformats.org/drawingml/2006/table">
<a:tbl>
<a:tblPr/>
<a:tblGrid>
<a:gridCol w="809640"/>
<a:gridCol w="956160"/>
<a:gridCol w="1499760"/>
<a:gridCol w="4269600"/>
<a:gridCol w="1624680"/>
</a:tblGrid>
<a:tr h="226080">
<a:tc gridSpan="5">
<a:txBody>
<a:bodyPr/>
<a:lstStyle/>
<a:p>
<a:pPr>
<a:lnSpc>
<a:spcPct val="115000"/>
</a:lnSpc>
</a:pPr>
<a:r>
<a:rPr lang="en-ZA" sz="900" b="1" strike="noStrike" spc="-1" dirty="0">
<a:solidFill>
<a:srgbClr val="FFFFFF"/>
</a:solidFill>
<a:uFill>
<a:solidFill>
<a:srgbClr val="FFFFFF"/>
</a:solidFill>
</a:uFill>
<a:latin typeface="Expert Sans Regular"/>
<a:ea typeface="Times New Roman"/>
</a:rPr>
<a:t>Meetings with regulators</a:t>
</a:r>
<a:endParaRPr lang="en-ZA" sz="1800" strike="noStrike" spc="-1" dirty="0">
<a:solidFill>
<a:srgbClr val="000000"/>
</a:solidFill>
<a:uFill>
<a:solidFill>
<a:srgbClr val="FFFFFF"/>
</a:solidFill>
</a:uFill>
<a:latin typeface="Arial"/>
</a:endParaRPr>
</a:p>
</a:txBody>
<a:tcPr marL="30960" marR="30960">
<a:lnL w="19050" cap="flat" cmpd="sng" algn="ctr">
<a:solidFill>
<a:schemeClr val="bg1"/>
</a:solidFill>
<a:prstDash val="solid"/>
<a:round/>
<a:headEnd type="none" w="med" len="med"/>
<a:tailEnd type="none" w="med" len="med"/>
</a:lnL>
<a:lnR w="19050" cap="flat" cmpd="sng" algn="ctr">
<a:solidFill>
<a:schemeClr val="bg1"/>
</a:solidFill>
<a:prstDash val="solid"/>
<a:round/>
<a:headEnd type="none" w="med" len="med"/>
<a:tailEnd type="none" w="med" len="med"/>
</a:lnR>
<a:lnT w="19050" cap="flat" cmpd="sng" algn="ctr">
<a:solidFill>
<a:schemeClr val="bg1"/>
</a:solidFill>
<a:prstDash val="solid"/>
<a:round/>
<a:headEnd type="none" w="med" len="med"/>
<a:tailEnd type="none" w="med" len="med"/>
</a:lnT>
<a:lnB w="19050" cap="flat" cmpd="sng" algn="ctr">
<a:solidFill>
<a:schemeClr val="bg1"/>
</a:solidFill>
<a:prstDash val="solid"/>
<a:round/>
<a:headEnd type="none" w="med" len="med"/>
<a:tailEnd type="none" w="med" len="med"/>
</a:lnB>
<a:solidFill>
<a:srgbClr val="00AEEF"/>
</a:solidFill>
</a:tcPr>
</a:tc>
<a:tc hMerge="1">
<a:txBody>
<a:bodyPr/>
<a:lstStyle/>
<a:p>
<a:endParaRPr lang="en-US"/>
</a:p>
</a:txBody>
<a:tcPr>
<a:solidFill>
<a:srgbClr val="729FCF"/>
</a:solidFill>
</a:tcPr>
</a:tc>
<a:tc hMerge="1">
<a:txBody>
<a:bodyPr/>
<a:lstStyle/>
<a:p>
<a:endParaRPr lang="en-US"/>
</a:p>
</a:txBody>
<a:tcPr>
<a:solidFill>
<a:srgbClr val="729FCF"/>
</a:solidFill>
</a:tcPr>
</a:tc>
<a:tc hMerge="1">
<a:txBody>
<a:bodyPr/>
<a:lstStyle/>
<a:p>
<a:endParaRPr lang="en-US"/>
</a:p>
</a:txBody>
<a:tcPr>
<a:solidFill>
<a:srgbClr val="729FCF"/>
</a:solidFill>
</a:tcPr>
</a:tc>
<a:tc hMerge="1">
<a:txBody>
<a:bodyPr/>
<a:lstStyle/>
<a:p>
<a:endParaRPr lang="en-US"/>
</a:p>
</a:txBody>
<a:tcPr>
<a:solidFill>
<a:srgbClr val="729FCF"/>
</a:solidFill>
</a:tcPr>
</a:tc>
</a:tr>
<a:tr h="380160">
<a:tc>
<a:txBody>
<a:bodyPr/>
<a:lstStyle/>
<a:p>
<a:pPr>
<a:lnSpc>
<a:spcPct val="115000"/>
</a:lnSpc>
</a:pPr>
<a:r>
<a:rPr lang="en-ZA" sz="900" b="1" strike="noStrike" spc="-1" dirty="0">
<a:solidFill>
<a:srgbClr val="FFFFFF"/>
</a:solidFill>
<a:uFill>
<a:solidFill>
<a:srgbClr val="FFFFFF"/>
</a:solidFill>
</a:uFill>
<a:latin typeface="Expert Sans Regular"/>
<a:ea typeface="Times New Roman"/>
</a:rPr>
<a:t>Date</a:t>
</a:r>
<a:endParaRPr lang="en-ZA" sz="1800" strike="noStrike" spc="-1" dirty="0">
<a:solidFill>
<a:srgbClr val="000000"/>
</a:solidFill>
<a:uFill>
<a:solidFill>
<a:srgbClr val="FFFFFF"/>
</a:solidFill>
</a:uFill>
<a:latin typeface="Arial"/>
</a:endParaRPr>
</a:p>
</a:txBody>
<a:tcPr marL="30960" marR="30960">
<a:lnL w="19050" cap="flat" cmpd="sng" algn="ctr">
<a:solidFill>
<a:schemeClr val="bg1"/>
</a:solidFill>
<a:prstDash val="solid"/>
<a:round/>
<a:headEnd type="none" w="med" len="med"/>
<a:tailEnd type="none" w="med" len="med"/>
</a:lnL>
<a:lnR w="19050" cap="flat" cmpd="sng" algn="ctr">
<a:solidFill>
<a:schemeClr val="bg1"/>
</a:solidFill>
<a:prstDash val="solid"/>
<a:round/>
<a:headEnd type="none" w="med" len="med"/>
<a:tailEnd type="none" w="med" len="med"/>
</a:lnR>
<a:lnT w="19050" cap="flat" cmpd="sng" algn="ctr">
<a:solidFill>
<a:schemeClr val="bg1"/>
</a:solidFill>
<a:prstDash val="solid"/>
<a:round/>
<a:headEnd type="none" w="med" len="med"/>
<a:tailEnd type="none" w="med" len="med"/>
</a:lnT>
<a:lnB w="19050" cap="flat" cmpd="sng" algn="ctr">
<a:solidFill>
<a:schemeClr val="bg1"/>
</a:solidFill>
<a:prstDash val="solid"/>
<a:round/>
<a:headEnd type="none" w="med" len="med"/>
<a:tailEnd type="none" w="med" len="med"/>
</a:lnB>
<a:solidFill>
<a:srgbClr val="00AEEF"/>
</a:solidFill>
</a:tcPr>
</a:tc>
<a:tc>
<a:txBody>
<a:bodyPr/>
<a:lstStyle/>
<a:p>
<a:pPr>
<a:lnSpc>
<a:spcPct val="115000"/>
</a:lnSpc>
</a:pPr>
<a:r>
<a:rPr lang="en-ZA" sz="900" b="1" strike="noStrike" spc="-1" dirty="0">
<a:solidFill>
<a:srgbClr val="FFFFFF"/>
</a:solidFill>
<a:uFill>
<a:solidFill>
<a:srgbClr val="FFFFFF"/>
</a:solidFill>
</a:uFill>
<a:latin typeface="Expert Sans Regular"/>
<a:ea typeface="Times New Roman"/>
</a:rPr>
<a:t>Regulator</a:t>
</a:r>
<a:endParaRPr lang="en-ZA" sz="1800" strike="noStrike" spc="-1" dirty="0">
<a:solidFill>
<a:srgbClr val="000000"/>
</a:solidFill>
<a:uFill>
<a:solidFill>
<a:srgbClr val="FFFFFF"/>
</a:solidFill>
</a:uFill>
<a:latin typeface="Arial"/>
</a:endParaRPr>
</a:p>
</a:txBody>
<a:tcPr marL="30960" marR="30960">
<a:lnL w="19050" cap="flat" cmpd="sng" algn="ctr">
<a:solidFill>
<a:schemeClr val="bg1"/>
</a:solidFill>
<a:prstDash val="solid"/>
<a:round/>
<a:headEnd type="none" w="med" len="med"/>
<a:tailEnd type="none" w="med" len="med"/>
</a:lnL>
<a:lnR w="19050" cap="flat" cmpd="sng" algn="ctr">
<a:solidFill>
<a:schemeClr val="bg1"/>
</a:solidFill>
<a:prstDash val="solid"/>
<a:round/>
<a:headEnd type="none" w="med" len="med"/>
<a:tailEnd type="none" w="med" len="med"/>
</a:lnR>
<a:lnT w="19050" cap="flat" cmpd="sng" algn="ctr">
<a:solidFill>
<a:schemeClr val="bg1"/>
</a:solidFill>
<a:prstDash val="solid"/>
<a:round/>
<a:headEnd type="none" w="med" len="med"/>
<a:tailEnd type="none" w="med" len="med"/>
</a:lnT>
<a:lnB w="19050" cap="flat" cmpd="sng" algn="ctr">
<a:solidFill>
<a:schemeClr val="bg1"/>
</a:solidFill>
<a:prstDash val="solid"/>
<a:round/>
<a:headEnd type="none" w="med" len="med"/>
<a:tailEnd type="none" w="med" len="med"/>
</a:lnB>
<a:solidFill>
<a:srgbClr val="00AEEF"/>
</a:solidFill>
</a:tcPr>
</a:tc>
<a:tc>
<a:txBody>
<a:bodyPr/>
<a:lstStyle/>
<a:p>
<a:pPr>
<a:lnSpc>
<a:spcPct val="115000"/>
</a:lnSpc>
</a:pPr>
<a:r>
<a:rPr lang="en-ZA" sz="900" b="1" strike="noStrike" spc="-1" dirty="0">
<a:solidFill>
<a:srgbClr val="FFFFFF"/>
</a:solidFill>
<a:uFill>
<a:solidFill>
<a:srgbClr val="FFFFFF"/>
</a:solidFill>
</a:uFill>
<a:latin typeface="Expert Sans Regular"/>
<a:ea typeface="Times New Roman"/>
</a:rPr>
<a:t>Accountable Executive</a:t>
</a:r>
<a:endParaRPr lang="en-ZA" sz="1800" strike="noStrike" spc="-1" dirty="0">
<a:solidFill>
<a:srgbClr val="000000"/>
</a:solidFill>
<a:uFill>
<a:solidFill>
<a:srgbClr val="FFFFFF"/>
</a:solidFill>
</a:uFill>
<a:latin typeface="Arial"/>
</a:endParaRPr>
</a:p>
</a:txBody>
<a:tcPr marL="30960" marR="30960">
<a:lnL w="19050" cap="flat" cmpd="sng" algn="ctr">
<a:solidFill>
<a:schemeClr val="bg1"/>
</a:solidFill>
<a:prstDash val="solid"/>
<a:round/>
<a:headEnd type="none" w="med" len="med"/>
<a:tailEnd type="none" w="med" len="med"/>
</a:lnL>
<a:lnR w="19050" cap="flat" cmpd="sng" algn="ctr">
<a:solidFill>
<a:schemeClr val="bg1"/>
</a:solidFill>
<a:prstDash val="solid"/>
<a:round/>
<a:headEnd type="none" w="med" len="med"/>
<a:tailEnd type="none" w="med" len="med"/>
</a:lnR>
<a:lnT w="19050" cap="flat" cmpd="sng" algn="ctr">
<a:solidFill>
<a:schemeClr val="bg1"/>
</a:solidFill>
<a:prstDash val="solid"/>
<a:round/>
<a:headEnd type="none" w="med" len="med"/>
<a:tailEnd type="none" w="med" len="med"/>
</a:lnT>
<a:lnB w="19050" cap="flat" cmpd="sng" algn="ctr">
<a:solidFill>
<a:schemeClr val="bg1"/>
</a:solidFill>
<a:prstDash val="solid"/>
<a:round/>
<a:headEnd type="none" w="med" len="med"/>
<a:tailEnd type="none" w="med" len="med"/>
</a:lnB>
<a:solidFill>
<a:srgbClr val="00AEEF"/>
</a:solidFill>
</a:tcPr>
</a:tc>
<a:tc>
<a:txBody>
<a:bodyPr/>
<a:lstStyle/>
<a:p>
<a:pPr>
<a:lnSpc>
<a:spcPct val="115000"/>
</a:lnSpc>
</a:pPr>
<a:r>
<a:rPr lang="en-ZA" sz="900" b="1" strike="noStrike" spc="-1" dirty="0">
<a:solidFill>
<a:srgbClr val="FFFFFF"/>
</a:solidFill>
<a:uFill>
<a:solidFill>
<a:srgbClr val="FFFFFF"/>
</a:solidFill>
</a:uFill>
<a:latin typeface="Expert Sans Regular"/>
<a:ea typeface="Times New Roman"/>
</a:rPr>
<a:t>Content/Topic</a:t>
</a:r>
<a:endParaRPr lang="en-ZA" sz="1800" strike="noStrike" spc="-1" dirty="0">
<a:solidFill>
<a:srgbClr val="000000"/>
</a:solidFill>
<a:uFill>
<a:solidFill>
<a:srgbClr val="FFFFFF"/>
</a:solidFill>
</a:uFill>
<a:latin typeface="Arial"/>
</a:endParaRPr>
</a:p>
</a:txBody>
<a:tcPr marL="30960" marR="30960">
<a:lnL w="19050" cap="flat" cmpd="sng" algn="ctr">
<a:solidFill>
<a:schemeClr val="bg1"/>
</a:solidFill>
<a:prstDash val="solid"/>
<a:round/>
<a:headEnd type="none" w="med" len="med"/>
<a:tailEnd type="none" w="med" len="med"/>
</a:lnL>
<a:lnR w="19050" cap="flat" cmpd="sng" algn="ctr">
<a:solidFill>
<a:schemeClr val="bg1"/>
</a:solidFill>
<a:prstDash val="solid"/>
<a:round/>
<a:headEnd type="none" w="med" len="med"/>
<a:tailEnd type="none" w="med" len="med"/>
</a:lnR>
<a:lnT w="19050" cap="flat" cmpd="sng" algn="ctr">
<a:solidFill>
<a:schemeClr val="bg1"/>
</a:solidFill>
<a:prstDash val="solid"/>
<a:round/>
<a:headEnd type="none" w="med" len="med"/>
<a:tailEnd type="none" w="med" len="med"/>
</a:lnT>
<a:lnB w="19050" cap="flat" cmpd="sng" algn="ctr">
<a:solidFill>
<a:schemeClr val="bg1"/>
</a:solidFill>
<a:prstDash val="solid"/>
<a:round/>
<a:headEnd type="none" w="med" len="med"/>
<a:tailEnd type="none" w="med" len="med"/>
</a:lnB>
<a:solidFill>
<a:srgbClr val="00AEEF"/>
</a:solidFill>
</a:tcPr>
</a:tc>
<a:tc>
<a:txBody>
<a:bodyPr/>
<a:lstStyle/>
<a:p>
<a:pPr>
<a:lnSpc>
<a:spcPct val="115000"/>
</a:lnSpc>
</a:pPr>
<a:r>
<a:rPr lang="en-ZA" sz="900" b="1" strike="noStrike" spc="-1">
<a:solidFill>
<a:srgbClr val="FFFFFF"/>
</a:solidFill>
<a:uFill>
<a:solidFill>
<a:srgbClr val="FFFFFF"/>
</a:solidFill>
</a:uFill>
<a:latin typeface="Expert Sans Regular"/>
<a:ea typeface="Times New Roman"/>
</a:rPr>
<a:t>Status</a:t>
</a:r>
<a:endParaRPr lang="en-ZA" sz="1800" strike="noStrike" spc="-1">
<a:solidFill>
<a:srgbClr val="000000"/>
</a:solidFill>
<a:uFill>
<a:solidFill>
<a:srgbClr val="FFFFFF"/>
</a:solidFill>
</a:uFill>
<a:latin typeface="Arial"/>
</a:endParaRPr>
</a:p>
</a:txBody>
<a:tcPr>
<a:lnL w="19050" cap="flat" cmpd="sng" algn="ctr">
<a:solidFill>
<a:schemeClr val="bg1"/>
</a:solidFill>
<a:prstDash val="solid"/>
<a:round/>
<a:headEnd type="none" w="med" len="med"/>
<a:tailEnd type="none" w="med" len="med"/>
</a:lnL>
<a:lnR w="19050" cap="flat" cmpd="sng" algn="ctr">
<a:solidFill>
<a:schemeClr val="bg1"/>
</a:solidFill>
<a:prstDash val="solid"/>
<a:round/>
<a:headEnd type="none" w="med" len="med"/>
<a:tailEnd type="none" w="med" len="med"/>
</a:lnR>
<a:lnT w="19050" cap="flat" cmpd="sng" algn="ctr">
<a:solidFill>
<a:schemeClr val="bg1"/>
</a:solidFill>
<a:prstDash val="solid"/>
<a:round/>
<a:headEnd type="none" w="med" len="med"/>
<a:tailEnd type="none" w="med" len="med"/>
</a:lnT>
<a:lnB w="19050" cap="flat" cmpd="sng" algn="ctr">
<a:solidFill>
<a:schemeClr val="bg1"/>
</a:solidFill>
<a:prstDash val="solid"/>
<a:round/>
<a:headEnd type="none" w="med" len="med"/>
<a:tailEnd type="none" w="med" len="med"/>
</a:lnB>
<a:solidFill>
<a:srgbClr val="00AEEF"/>
</a:solidFill>
</a:tcPr>
</a:tc>
</a:tr>
<a:tr h="928080">
<a:tc>
<a:txBody>
<a:bodyPr/>
<a:lstStyle/>
<a:p>
<a:pPr algn="ctr">
<a:lnSpc>
<a:spcPct val="115000"/>
</a:lnSpc>
</a:pPr>
<a:r>
<a:rPr lang="en-ZA" sz="1000" strike="noStrike" spc="-1" dirty="0">
<a:solidFill>
<a:srgbClr val="000000"/>
</a:solidFill>
<a:uFill>
<a:solidFill>
<a:srgbClr val="FFFFFF"/>
</a:solidFill>
</a:uFill>
<a:latin typeface="Expert Sans Regular"/>
<a:ea typeface="Times New Roman"/>
</a:rPr>
<a:t>{$REGULATORY_DATE_OF_ENGAGEMENT_1}</a:t>
</a:r>
<a:endParaRPr lang="en-ZA" sz="1800" strike="noStrike" spc="-1" dirty="0">
<a:solidFill>
<a:srgbClr val="000000"/>
</a:solidFill>
<a:uFill>
<a:solidFill>
<a:srgbClr val="FFFFFF"/>
</a:solidFill>
</a:uFill>
<a:latin typeface="Arial"/>
</a:endParaRPr>
</a:p>
</a:txBody>
<a:tcPr marL="66600" marR="66600">
<a:lnL w="19050" cap="flat" cmpd="sng" algn="ctr">
<a:solidFill>
<a:schemeClr val="bg1"/>
</a:solidFill>
<a:prstDash val="solid"/>
<a:round/>
<a:headEnd type="none" w="med" len="med"/>
<a:tailEnd type="none" w="med" len="med"/>
</a:lnL>
<a:lnR w="19050" cap="flat" cmpd="sng" algn="ctr">
<a:solidFill>
<a:schemeClr val="bg1"/>
</a:solidFill>
<a:prstDash val="solid"/>
<a:round/>
<a:headEnd type="none" w="med" len="med"/>
<a:tailEnd type="none" w="med" len="med"/>
</a:lnR>
<a:lnT w="19050" cap="flat" cmpd="sng" algn="ctr">
<a:solidFill>
<a:schemeClr val="bg1"/>
</a:solidFill>
<a:prstDash val="solid"/>
<a:round/>
<a:headEnd type="none" w="med" len="med"/>
<a:tailEnd type="none" w="med" len="med"/>
</a:lnT>
<a:lnB w="19050" cap="flat" cmpd="sng" algn="ctr">
<a:solidFill>
<a:schemeClr val="bg1"/>
</a:solidFill>
<a:prstDash val="solid"/>
<a:round/>
<a:headEnd type="none" w="med" len="med"/>
<a:tailEnd type="none" w="med" len="med"/>
</a:lnB>
<a:solidFill>
<a:schemeClr val="bg1">
<a:lumMod val="85000"/>
</a:schemeClr>
</a:solidFill>
</a:tcPr>
</a:tc>
<a:tc>
<a:txBody>
<a:bodyPr/>
<a:lstStyle/>
<a:p>
<a:pPr algn="ctr">
<a:lnSpc>
<a:spcPct val="115000"/>
</a:lnSpc>
</a:pPr>
<a:r>
<a:rPr lang="en-ZA" sz="1000" strike="noStrike" spc="-1" dirty="0">
<a:solidFill>
<a:srgbClr val="000000"/>
</a:solidFill>
<a:uFill>
<a:solidFill>
<a:srgbClr val="FFFFFF"/>
</a:solidFill>
</a:uFill>
<a:latin typeface="Expert Sans Regular"/>
<a:ea typeface="Times New Roman"/>
</a:rPr>
<a:t>{$REGULATORY_REGULATOR_1}</a:t>
</a:r>
<a:endParaRPr lang="en-ZA" sz="1800" strike="noStrike" spc="-1" dirty="0">
<a:solidFill>
<a:srgbClr val="000000"/>
</a:solidFill>
<a:uFill>
<a:solidFill>
<a:srgbClr val="FFFFFF"/>
</a:solidFill>
</a:uFill>
<a:latin typeface="Arial"/>
</a:endParaRPr>
</a:p>
</a:txBody>
<a:tcPr marL="66600" marR="66600">
<a:lnL w="19050" cap="flat" cmpd="sng" algn="ctr">
<a:solidFill>
<a:schemeClr val="bg1"/>
</a:solidFill>
<a:prstDash val="solid"/>
<a:round/>
<a:headEnd type="none" w="med" len="med"/>
<a:tailEnd type="none" w="med" len="med"/>
</a:lnL>
<a:lnR w="19050" cap="flat" cmpd="sng" algn="ctr">
<a:solidFill>
<a:schemeClr val="bg1"/>
</a:solidFill>
<a:prstDash val="solid"/>
<a:round/>
<a:headEnd type="none" w="med" len="med"/>
<a:tailEnd type="none" w="med" len="med"/>
</a:lnR>
<a:lnT w="19050" cap="flat" cmpd="sng" algn="ctr">
<a:solidFill>
<a:schemeClr val="bg1"/>
</a:solidFill>
<a:prstDash val="solid"/>
<a:round/>
<a:headEnd type="none" w="med" len="med"/>
<a:tailEnd type="none" w="med" len="med"/>
</a:lnT>
<a:lnB w="19050" cap="flat" cmpd="sng" algn="ctr">
<a:solidFill>
<a:schemeClr val="bg1"/>
</a:solidFill>
<a:prstDash val="solid"/>
<a:round/>
<a:headEnd type="none" w="med" len="med"/>
<a:tailEnd type="none" w="med" len="med"/>
</a:lnB>
<a:solidFill>
<a:schemeClr val="bg1">
<a:lumMod val="85000"/>
</a:schemeClr>
</a:solidFill>
</a:tcPr>
</a:tc>
<a:tc>
<a:txBody>
<a:bodyPr/>
<a:lstStyle/>
<a:p>
<a:pPr algn="ctr">
<a:lnSpc>
<a:spcPct val="115000"/>
</a:lnSpc>
</a:pPr>
<a:r>
<a:rPr lang="en-ZA" sz="1000" strike="noStrike" spc="-1" dirty="0">
<a:solidFill>
<a:srgbClr val="000000"/>
</a:solidFill>
<a:uFill>
<a:solidFill>
<a:srgbClr val="FFFFFF"/>
</a:solidFill>
</a:uFill>
<a:latin typeface="Expert Sans Regular"/>
<a:ea typeface="Times New Roman"/>
</a:rPr>
<a:t>{$REGULATORY_PERSON_INTERACTED_REGULATOR_1}</a:t>
</a:r>
<a:endParaRPr lang="en-ZA" sz="1800" strike="noStrike" spc="-1" dirty="0">
<a:solidFill>
<a:srgbClr val="000000"/>
</a:solidFill>
<a:uFill>
<a:solidFill>
<a:srgbClr val="FFFFFF"/>
</a:solidFill>
</a:uFill>
<a:latin typeface="Arial"/>
</a:endParaRPr>
</a:p>
</a:txBody>
<a:tcPr marL="66600" marR="66600">
<a:lnL w="19050" cap="flat" cmpd="sng" algn="ctr">
<a:solidFill>
<a:schemeClr val="bg1"/>
</a:solidFill>
<a:prstDash val="solid"/>
<a:round/>
<a:headEnd type="none" w="med" len="med"/>
<a:tailEnd type="none" w="med" len="med"/>
</a:lnL>
<a:lnR w="19050" cap="flat" cmpd="sng" algn="ctr">
<a:solidFill>
<a:schemeClr val="bg1"/>
</a:solidFill>
<a:prstDash val="solid"/>
<a:round/>
<a:headEnd type="none" w="med" len="med"/>
<a:tailEnd type="none" w="med" len="med"/>
</a:lnR>
<a:lnT w="19050" cap="flat" cmpd="sng" algn="ctr">
<a:solidFill>
<a:schemeClr val="bg1"/>
</a:solidFill>
<a:prstDash val="solid"/>
<a:round/>
<a:headEnd type="none" w="med" len="med"/>
<a:tailEnd type="none" w="med" len="med"/>
</a:lnT>
<a:lnB w="19050" cap="flat" cmpd="sng" algn="ctr">
<a:solidFill>
<a:schemeClr val="bg1"/>
</a:solidFill>
<a:prstDash val="solid"/>
<a:round/>
<a:headEnd type="none" w="med" len="med"/>
<a:tailEnd type="none" w="med" len="med"/>
</a:lnB>
<a:solidFill>
<a:schemeClr val="bg1">
<a:lumMod val="85000"/>
</a:schemeClr>
</a:solidFill>
</a:tcPr>
</a:tc>
<a:tc>
<a:txBody>
<a:bodyPr/>
<a:lstStyle/>
<a:p>
<a:pPr>
<a:lnSpc>
<a:spcPct val="115000"/>
</a:lnSpc>
</a:pPr>
<a:r>
<a:rPr lang="en-ZA" sz="1000" strike="noStrike" spc="-1" dirty="0">
<a:solidFill>
<a:srgbClr val="000000"/>
</a:solidFill>
<a:uFill>
<a:solidFill>
<a:srgbClr val="FFFFFF"/>
</a:solidFill>
</a:uFill>
<a:latin typeface="Expert Sans Regular"/>
<a:ea typeface="Times New Roman"/>
</a:rPr>
<a:t>{$REGULATORY_ACTION_TAKEN_1}</a:t>
</a:r>
<a:endParaRPr lang="en-ZA" sz="1800" strike="noStrike" spc="-1" dirty="0">
<a:solidFill>
<a:srgbClr val="000000"/>
</a:solidFill>
<a:uFill>
<a:solidFill>
<a:srgbClr val="FFFFFF"/>
</a:solidFill>
</a:uFill>
<a:latin typeface="Arial"/>
</a:endParaRPr>
</a:p>
</a:txBody>
<a:tcPr marL="66600" marR="66600">
<a:lnL w="19050" cap="flat" cmpd="sng" algn="ctr">
<a:solidFill>
<a:schemeClr val="bg1"/>
</a:solidFill>
<a:prstDash val="solid"/>
<a:round/>
<a:headEnd type="none" w="med" len="med"/>
<a:tailEnd type="none" w="med" len="med"/>
</a:lnL>
<a:lnR w="19050" cap="flat" cmpd="sng" algn="ctr">
<a:solidFill>
<a:schemeClr val="bg1"/>
</a:solidFill>
<a:prstDash val="solid"/>
<a:round/>
<a:headEnd type="none" w="med" len="med"/>
<a:tailEnd type="none" w="med" len="med"/>
</a:lnR>
<a:lnT w="19050" cap="flat" cmpd="sng" algn="ctr">
<a:solidFill>
<a:schemeClr val="bg1"/>
</a:solidFill>
<a:prstDash val="solid"/>
<a:round/>
<a:headEnd type="none" w="med" len="med"/>
<a:tailEnd type="none" w="med" len="med"/>
</a:lnT>
<a:lnB w="19050" cap="flat" cmpd="sng" algn="ctr">
<a:solidFill>
<a:schemeClr val="bg1"/>
</a:solidFill>
<a:prstDash val="solid"/>
<a:round/>
<a:headEnd type="none" w="med" len="med"/>
<a:tailEnd type="none" w="med" len="med"/>
</a:lnB>
<a:solidFill>
<a:schemeClr val="bg1">
<a:lumMod val="85000"/>
</a:schemeClr>
</a:solidFill>
</a:tcPr>
</a:tc>
<a:tc>
<a:txBody>
<a:bodyPr/>
<a:lstStyle/>
<a:p>
<a:pPr>
<a:lnSpc>
<a:spcPct val="115000"/>
</a:lnSpc>
</a:pPr>
<a:r>
<a:rPr lang="en-ZA" sz="1000" strike="noStrike" spc="-1" dirty="0">
<a:solidFill>
<a:srgbClr val="000000"/>
</a:solidFill>
<a:uFill>
<a:solidFill>
<a:srgbClr val="FFFFFF"/>
</a:solidFill>
</a:uFill>
<a:latin typeface="Expert Sans Regular"/>
<a:ea typeface="Times New Roman"/>
</a:rPr>
<a:t>{$REGULATORY_STATUS_UPDATE_1}</a:t>
</a:r>
<a:endParaRPr lang="en-ZA" sz="1800" strike="noStrike" spc="-1" dirty="0">
<a:solidFill>
<a:srgbClr val="000000"/>
</a:solidFill>
<a:uFill>
<a:solidFill>
<a:srgbClr val="FFFFFF"/>
</a:solidFill>
</a:uFill>
<a:latin typeface="Arial"/>
</a:endParaRPr>
</a:p>
</a:txBody>
<a:tcPr>
<a:lnL w="19050" cap="flat" cmpd="sng" algn="ctr">
<a:solidFill>
<a:schemeClr val="bg1"/>
</a:solidFill>
<a:prstDash val="solid"/>
<a:round/>
<a:headEnd type="none" w="med" len="med"/>
<a:tailEnd type="none" w="med" len="med"/>
</a:lnL>
<a:lnR w="19050" cap="flat" cmpd="sng" algn="ctr">
<a:solidFill>
<a:schemeClr val="bg1"/>
</a:solidFill>
<a:prstDash val="solid"/>
<a:round/>
<a:headEnd type="none" w="med" len="med"/>
<a:tailEnd type="none" w="med" len="med"/>
</a:lnR>
<a:lnT w="19050" cap="flat" cmpd="sng" algn="ctr">
<a:solidFill>
<a:schemeClr val="bg1"/>
</a:solidFill>
<a:prstDash val="solid"/>
<a:round/>
<a:headEnd type="none" w="med" len="med"/>
<a:tailEnd type="none" w="med" len="med"/>
</a:lnT>
<a:lnB w="19050" cap="flat" cmpd="sng" algn="ctr">
<a:solidFill>
<a:schemeClr val="bg1"/>
</a:solidFill>
<a:prstDash val="solid"/>
<a:round/>
<a:headEnd type="none" w="med" len="med"/>
<a:tailEnd type="none" w="med" len="med"/>
</a:lnB>
<a:solidFill>
<a:schemeClr val="bg1">
<a:lumMod val="85000"/>
</a:schemeClr>
</a:solidFill>
</a:tcPr>
</a:tc>
</a:tr>
</a:tbl>
</a:graphicData>
</a:graphic>
</p:graphicFrame>
</p:spTree>
</p:cSld>
<p:clrMapOvr>
<a:masterClrMapping/>
</p:clrMapOvr>
<p:timing>
<p:tnLst>
<p:par>
<p:cTn id="1" dur="indefinite" restart="never" nodeType="tmRoot">
<p:childTnLst>
<p:seq>
<p:cTn id="2" nodeType="mainSeq"/>
<p:prevCondLst>
<p:cond evt="onPrev" delay="0">
<p:tgtEl>
<p:sldTgt/>
</p:tgtEl>
</p:cond>
</p:prevCondLst>
<p:nextCondLst>
<p:cond evt="onNext" delay="0">
<p:tgtEl>
<p:sldTgt/>
</p:tgtEl>
</p:cond>
</p:nextCondLst>
</p:seq>
</p:childTnLst>
</p:cTn>
</p:par>
</p:tnLst>
</p:timing>
</p:sld>
